<?xml version="1.0" encoding="utf-8"?>
<COLLADA xmlns="http://www.collada.org/2005/11/COLLADASchema" version="1.4.1">
  <asset><contributor><author></author><authoring_tool>FBX COLLADA exporter</authoring_tool><comments></comments></contributor><created>2019-01-29T12:04:29Z</created><keywords></keywords><modified>2019-01-29T12:04:29Z</modified><revision></revision><subject></subject><title></title><unit meter="0.010000" name="centimeter"></unit><up_axis>Y_UP</up_axis></asset>
  <library_images>
    <image id="file1-image" name="file1"><init_from>file://P:/KN-Projects/BAWGAPFZKN GAP-Y3/Jordan Holbrook/Textures By type/My own Textures/+++Seamless/Metal/albedo_New_Colour.png</init_from></image>
  </library_images>
  <library_materials>
    <material id="lambert1" name="lambert1">
      <instance_effect url="#lambert1-fx"/>
    </material>
    <material id="lambert2" name="lambert2">
      <instance_effect url="#lambert2-fx"/>
    </material>
  </library_materials>
  <library_effects>
    <effect id="lambert1-fx" name="lambert1">
      <profile_COMMON>
        <technique sid="standard">
          <lambert>
            <emission>
              <color sid="emission">0.000000  0.000000 0.000000 1.000000</color>
            </emission>
            <ambient>
              <color sid="ambient">0.000000  0.000000 0.000000 1.000000</color>
            </ambient>
            <diffuse>
              <texture texture="file1-image" texcoord="CHANNEL0">
                <extra>
                  <technique profile="MAYA">
                    <wrapU sid="wrapU0">TRUE</wrapU>
                    <wrapV sid="wrapV0">TRUE</wrapV>
                    <blend_mode>NONE</blend_mode>
                  </technique>
                </extra>
              </texture>
            </diffuse>
            <transparent opaque="RGB_ZERO">
              <color sid="transparent">0.000000  0.000000 0.000000 1.000000</color>
            </transparent>
            <transparency>
              <float sid="transparency">1.000000</float>
            </transparency>
          </lambert>
        </technique>
      </profile_COMMON>
    </effect>
    <effect id="lambert2-fx" name="lambert2">
      <profile_COMMON>
        <technique sid="standard">
          <lambert>
            <emission>
              <color sid="emission">0.000000  0.000000 0.000000 1.000000</color>
            </emission>
            <ambient>
              <color sid="ambient">0.000000  0.000000 0.000000 1.000000</color>
            </ambient>
            <diffuse>
              <color sid="diffuse">0.400000  0.400000 0.400000 1.000000</color>
            </diffuse>
            <transparent opaque="RGB_ZERO">
              <color sid="transparent">0.000000  0.000000 0.000000 1.000000</color>
            </transparent>
            <transparency>
              <float sid="transparency">1.000000</float>
            </transparency>
          </lambert>
        </technique>
      </profile_COMMON>
    </effect>
  </library_effects>
  <library_geometries>
    <geometry id="Box-lib" name="BoxMesh">
      <mesh>
        <source id="Box-POSITION">
          <float_array id="Box-POSITION-array" count="2622">
-30.943184 74.063683 26.193390
-28.843010 82.811539 26.193390
-24.276966 90.563126 26.193390
-17.644091 96.641068 26.193390
-9.524033 100.514114 26.193390
-0.626408 101.843872 26.193390
8.271220 100.514114 26.193390
16.391275 96.641068 26.193390
23.024153 90.563126 26.193390
27.590193 82.811539 26.193390
29.690371 74.063683 26.193390
-30.943184 74.063683 -54.104240
-28.843010 82.811539 -54.104240
-24.276966 90.563126 -54.104240
-17.644091 96.641068 -54.104240
-9.524033 100.514114 -54.104240
-0.626408 101.843872 -54.104240
8.271220 100.514114 -54.104240
16.391275 96.641068 -54.104240
23.024153 90.563126 -54.104240
27.590193 82.811539 -54.104240
29.690371 74.063683 -54.104240
-30.943184 66.886398 26.193390
29.690371 66.886398 26.193390
-30.943184 66.886398 -54.104240
29.690371 66.886398 -54.104240
-30.943184 59.756432 26.193390
29.690371 59.756432 26.193390
-30.943184 59.756432 -54.104240
29.690371 59.756432 -54.104240
-30.943184 51.923218 26.193390
29.690371 51.923218 26.193390
-30.943184 51.923218 -54.104240
29.690371 51.923218 -54.104240
-27.330727 51.923218 26.193390
26.077913 51.923218 26.193390
-27.330727 51.923218 -54.104240
26.077913 51.923218 -54.104240
-30.943184 74.063683 11.739668
-30.943184 74.063683 8.528072
-28.843010 82.811539 11.739668
-28.843010 82.811539 8.528072
-24.276966 90.563126 11.739668
-24.276966 90.563126 8.528072
-17.644091 96.641068 11.739668
-17.644091 96.641068 8.528072
-9.524033 100.514114 11.739668
-9.524033 100.514114 8.528072
-0.626408 101.843872 11.739668
-0.626408 101.843872 8.528072
8.271220 100.514114 11.739668
8.271220 100.514114 8.528072
16.391275 96.641068 11.739668
16.391275 96.641068 8.528072
23.024153 90.563126 11.739668
23.024153 90.563126 8.528072
27.590193 82.811539 11.739668
27.590193 82.811539 8.528072
29.690371 74.063683 8.528072
29.690371 74.063683 11.739668
-30.943184 74.063683 -36.438931
-30.943184 74.063683 -39.650524
-28.843010 82.811539 -36.438931
-28.843010 82.811539 -39.650524
-24.276966 90.563126 -36.438931
-24.276966 90.563126 -39.650524
-17.644091 96.641068 -36.438931
-17.644091 96.641068 -39.650524
-9.524033 100.514114 -36.438931
-9.524033 100.514114 -39.650524
-0.626408 101.843872 -36.438931
-0.626408 101.843872 -39.650524
8.271220 100.514114 -36.438931
8.271220 100.514114 -39.650524
16.391275 96.641068 -36.438931
16.391275 96.641068 -39.650524
23.024153 90.563126 -36.438931
23.024153 90.563126 -39.650524
27.590193 82.811539 -36.438931
27.590193 82.811539 -39.650524
29.690371 74.063683 -39.650524
29.690371 74.063683 -36.438931
-30.943184 66.886398 11.739668
-30.943184 66.886398 8.528072
29.690371 66.886398 8.528072
29.690371 66.886398 11.739668
-30.943184 66.886398 -36.438931
-30.943184 66.886398 -39.650524
29.690371 66.886398 -39.650524
29.690371 66.886398 -36.438931
-30.943184 59.756432 11.739668
-30.943184 59.756432 8.528072
29.690371 59.756432 8.528072
29.690371 59.756432 11.739668
-30.943184 59.756432 -36.438931
-30.943184 59.756432 -39.650524
29.690371 59.756432 -39.650524
29.690371 59.756432 -36.438931
-30.943184 51.923218 11.739668
-30.943184 51.923218 8.528072
29.690371 51.923218 8.528072
29.690371 51.923218 11.739668
-30.943184 51.923218 -36.438931
-30.943184 51.923218 -39.650524
29.690371 51.923218 -39.650524
29.690371 51.923218 -36.438931
-27.330727 51.923218 11.739668
-27.330727 51.923218 8.528072
26.077913 51.923218 8.528072
26.077913 51.923218 11.739668
-27.330727 51.923218 -36.438931
-27.330727 51.923218 -39.650524
26.077913 51.923218 -39.650524
26.077913 51.923218 -36.438931
-32.259407 73.919357 11.739668
-32.259407 73.919357 8.528072
-32.259407 66.374756 8.528072
-32.259407 66.374756 11.739668
-30.068052 83.114929 11.739668
-30.068052 83.114929 8.528072
-25.303770 91.263245 11.739668
-25.303770 91.263245 8.528072
-18.382923 97.652237 11.739668
-18.382923 97.652237 8.528072
-9.910331 101.723511 11.739668
-9.910331 101.723511 8.528072
-0.626408 103.121323 11.739668
-0.626408 103.121323 8.528072
8.657516 101.723511 11.739668
8.657516 101.723511 8.528072
17.130110 97.652237 11.739668
17.130110 97.652237 8.528072
24.050957 91.263245 11.739668
24.050957 91.263245 8.528072
28.815237 83.114929 11.739668
28.815237 83.114929 8.528072
31.006594 73.919357 11.739668
31.006594 73.919357 8.528072
31.006594 66.374756 11.739668
31.006594 66.374756 8.528072
-32.259407 58.879894 8.528072
-32.259407 58.879894 11.739668
31.006594 58.879894 11.739668
31.006594 58.879894 8.528072
-32.259407 50.645771 8.528072
-32.259407 50.645771 11.739668
31.006594 50.645771 11.739668
31.006594 50.645771 8.528072
-28.490114 50.645771 8.528072
-28.490114 50.645771 11.739668
27.237301 50.645771 11.739668
27.237301 50.645771 8.528072
-32.259407 73.919357 -36.438931
-32.259407 73.919357 -39.650524
-32.259407 66.374756 -39.650524
-32.259407 66.374756 -36.438931
-30.068052 83.114929 -36.438931
-30.068052 83.114929 -39.650524
-25.303770 91.263245 -36.438931
-25.303770 91.263245 -39.650524
-18.382923 97.652237 -36.438931
-18.382923 97.652237 -39.650524
-9.910331 101.723511 -36.438931
-9.910331 101.723511 -39.650524
-0.626408 103.121323 -36.438931
-0.626408 103.121323 -39.650524
8.657516 101.723511 -36.438931
8.657516 101.723511 -39.650524
17.130110 97.652237 -36.438931
17.130110 97.652237 -39.650524
24.050957 91.263245 -36.438931
24.050957 91.263245 -39.650524
28.815237 83.114929 -36.438931
28.815237 83.114929 -39.650524
31.006594 73.919357 -36.438931
31.006594 73.919357 -39.650524
31.006594 66.374756 -36.438931
31.006594 66.374756 -39.650524
-32.259407 58.879894 -39.650524
-32.259407 58.879894 -36.438931
31.006594 58.879894 -36.438931
31.006594 58.879894 -39.650524
-32.259407 50.645771 -39.650524
-32.259407 50.645771 -36.438931
31.006594 50.645771 -36.438931
31.006594 50.645771 -39.650524
-28.490114 50.645771 -39.650524
-28.490114 50.645771 -36.438931
27.237301 50.645771 -36.438931
27.237301 50.645771 -39.650524
-30.943184 74.063683 26.193390
-28.843010 82.811539 26.193390
-28.843010 82.811539 18.163631
-30.943184 74.063683 18.163631
-24.276966 90.563126 26.193390
-24.276966 90.563126 18.163631
-17.644091 96.641068 26.193390
-17.644091 96.641068 18.163631
-9.524033 100.514114 26.193390
-9.524033 100.514114 18.163631
-0.626408 101.843872 26.193390
-0.626408 101.843872 18.163631
8.271220 100.514114 26.193390
8.271220 100.514114 18.163631
16.391275 96.641068 26.193390
16.391275 96.641068 18.163631
23.024153 90.563126 26.193390
23.024153 90.563126 18.163631
27.590193 82.811539 26.193390
27.590193 82.811539 18.163631
29.690371 74.063683 26.193390
29.690371 74.063683 18.163631
-30.943184 66.886398 18.163631
-30.943184 66.886398 26.193390
29.690371 66.886398 26.193390
29.690371 66.886398 18.163631
-30.943184 59.756432 18.163631
-30.943184 59.756432 26.193390
29.690371 59.756432 26.193390
29.690371 59.756432 18.163631
-30.943184 51.923218 18.163631
-30.943184 51.923218 26.193390
29.690371 51.923218 26.193390
29.690371 51.923218 18.163631
-27.330727 51.923218 18.163631
-27.330727 51.923218 26.193390
26.077913 51.923218 26.193390
26.077913 51.923218 18.163631
-28.843010 82.811539 11.739668
-30.943184 74.063683 11.739668
-24.276966 90.563126 11.739668
-17.644091 96.641068 11.739668
-9.524033 100.514114 11.739668
-0.626408 101.843872 11.739668
8.271220 100.514114 11.739668
16.391275 96.641068 11.739668
23.024153 90.563126 11.739668
27.590193 82.811539 11.739668
29.690371 74.063683 11.739668
-30.943184 66.886398 11.739668
29.690371 66.886398 11.739668
-30.943184 59.756432 11.739668
29.690371 59.756432 11.739668
-30.943184 51.923218 11.739668
29.690371 51.923218 11.739668
-27.330727 51.923218 11.739668
26.077913 51.923218 11.739668
-30.943184 74.063683 2.104101
-28.843010 82.811539 2.104101
-28.843010 82.811539 -5.925664
-30.943184 74.063683 -5.925664
-24.276966 90.563126 2.104101
-24.276966 90.563126 -5.925664
-17.644091 96.641068 2.104101
-17.644091 96.641068 -5.925664
-9.524033 100.514114 2.104101
-9.524033 100.514114 -5.925664
-0.626408 101.843872 2.104101
-0.626408 101.843872 -5.925664
8.271220 100.514114 2.104101
8.271220 100.514114 -5.925664
16.391275 96.641068 2.104101
16.391275 96.641068 -5.925664
23.024153 90.563126 2.104101
23.024153 90.563126 -5.925664
27.590193 82.811539 2.104101
27.590193 82.811539 -5.925664
29.690371 74.063683 2.104101
29.690371 74.063683 -5.925664
-28.843010 82.811539 -13.955430
-30.943184 74.063683 -13.955430
-24.276966 90.563126 -13.955430
-17.644091 96.641068 -13.955430
-9.524033 100.514114 -13.955430
-0.626408 101.843872 -13.955430
8.271220 100.514114 -13.955430
16.391275 96.641068 -13.955430
23.024153 90.563126 -13.955430
27.590193 82.811539 -13.955430
29.690371 74.063683 -13.955430
-28.843010 82.811539 -21.985197
-30.943184 74.063683 -21.985197
-24.276966 90.563126 -21.985197
-17.644091 96.641068 -21.985197
-9.524033 100.514114 -21.985197
-0.626408 101.843872 -21.985197
8.271220 100.514114 -21.985197
16.391275 96.641068 -21.985197
23.024153 90.563126 -21.985197
27.590193 82.811539 -21.985197
29.690371 74.063683 -21.985197
-28.843010 82.811539 -30.014959
-30.943184 74.063683 -30.014959
-24.276966 90.563126 -30.014959
-17.644091 96.641068 -30.014959
-9.524033 100.514114 -30.014959
-0.626408 101.843872 -30.014959
8.271220 100.514114 -30.014959
16.391275 96.641068 -30.014959
23.024153 90.563126 -30.014959
27.590193 82.811539 -30.014959
29.690371 74.063683 -30.014959
-30.943184 66.886398 -5.925664
-30.943184 66.886398 2.104101
29.690371 66.886398 2.104101
29.690371 66.886398 -5.925664
-30.943184 66.886398 -13.955430
29.690371 66.886398 -13.955430
-30.943184 66.886398 -21.985197
29.690371 66.886398 -21.985197
-30.943184 66.886398 -30.014959
29.690371 66.886398 -30.014959
-30.943184 59.756432 -5.925664
-30.943184 59.756432 2.104101
29.690371 59.756432 2.104101
29.690371 59.756432 -5.925664
-30.943184 59.756432 -13.955430
29.690371 59.756432 -13.955430
-30.943184 59.756432 -21.985197
29.690371 59.756432 -21.985197
-30.943184 59.756432 -30.014959
29.690371 59.756432 -30.014959
-30.943184 51.923218 -5.925664
-30.943184 51.923218 2.104101
29.690371 51.923218 2.104101
29.690371 51.923218 -5.925664
-30.943184 51.923218 -13.955430
29.690371 51.923218 -13.955430
-30.943184 51.923218 -21.985197
29.690371 51.923218 -21.985197
-30.943184 51.923218 -30.014959
29.690371 51.923218 -30.014959
-27.330727 51.923218 -5.925664
-27.330727 51.923218 2.104101
26.077913 51.923218 2.104101
26.077913 51.923218 -5.925664
-27.330727 51.923218 -13.955430
26.077913 51.923218 -13.955430
-27.330727 51.923218 -21.985197
26.077913 51.923218 -21.985197
-27.330727 51.923218 -30.014959
26.077913 51.923218 -30.014959
-28.843010 82.811539 8.528072
-30.943184 74.063683 8.528072
-24.276966 90.563126 8.528072
-17.644091 96.641068 8.528072
-9.524033 100.514114 8.528072
-0.626408 101.843872 8.528072
8.271220 100.514114 8.528072
16.391275 96.641068 8.528072
23.024153 90.563126 8.528072
27.590193 82.811539 8.528072
29.690371 74.063683 8.528072
-28.843010 82.811539 -36.438931
-30.943184 74.063683 -36.438931
-24.276966 90.563126 -36.438931
-17.644091 96.641068 -36.438931
-9.524033 100.514114 -36.438931
-0.626408 101.843872 -36.438931
8.271220 100.514114 -36.438931
16.391275 96.641068 -36.438931
23.024153 90.563126 -36.438931
27.590193 82.811539 -36.438931
29.690371 74.063683 -36.438931
-30.943184 66.886398 8.528072
29.690371 66.886398 8.528072
-30.943184 66.886398 -36.438931
29.690371 66.886398 -36.438931
-30.943184 59.756432 8.528072
29.690371 59.756432 8.528072
-30.943184 59.756432 -36.438931
29.690371 59.756432 -36.438931
-30.943184 51.923218 8.528072
29.690371 51.923218 8.528072
-30.943184 51.923218 -36.438931
29.690371 51.923218 -36.438931
-27.330727 51.923218 8.528072
26.077913 51.923218 8.528072
-27.330727 51.923218 -36.438931
26.077913 51.923218 -36.438931
-30.943184 74.063683 -46.074490
-28.843010 82.811539 -46.074490
-28.843010 82.811539 -54.104240
-30.943184 74.063683 -54.104240
-24.276966 90.563126 -46.074490
-24.276966 90.563126 -54.104240
-17.644091 96.641068 -46.074490
-17.644091 96.641068 -54.104240
-9.524033 100.514114 -46.074490
-9.524033 100.514114 -54.104240
-0.626408 101.843872 -46.074490
-0.626408 101.843872 -54.104240
8.271220 100.514114 -46.074490
8.271220 100.514114 -54.104240
16.391275 96.641068 -46.074490
16.391275 96.641068 -54.104240
23.024153 90.563126 -46.074490
23.024153 90.563126 -54.104240
27.590193 82.811539 -46.074490
27.590193 82.811539 -54.104240
29.690371 74.063683 -46.074490
29.690371 74.063683 -54.104240
-30.943184 66.886398 -54.104240
-30.943184 66.886398 -46.074490
29.690371 66.886398 -46.074490
29.690371 66.886398 -54.104240
-30.943184 59.756432 -54.104240
-30.943184 59.756432 -46.074490
29.690371 59.756432 -46.074490
29.690371 59.756432 -54.104240
-30.943184 51.923218 -54.104240
-30.943184 51.923218 -46.074490
29.690371 51.923218 -46.074490
29.690371 51.923218 -54.104240
-27.330727 51.923218 -54.104240
-27.330727 51.923218 -46.074490
26.077913 51.923218 -46.074490
26.077913 51.923218 -54.104240
-28.843010 82.811539 -39.650524
-30.943184 74.063683 -39.650524
-24.276966 90.563126 -39.650524
-17.644091 96.641068 -39.650524
-9.524033 100.514114 -39.650524
-0.626408 101.843872 -39.650524
8.271220 100.514114 -39.650524
16.391275 96.641068 -39.650524
23.024153 90.563126 -39.650524
27.590193 82.811539 -39.650524
29.690371 74.063683 -39.650524
-30.943184 66.886398 -39.650524
29.690371 66.886398 -39.650524
-30.943184 59.756432 -39.650524
29.690371 59.756432 -39.650524
-30.943184 51.923218 -39.650524
29.690371 51.923218 -39.650524
-27.330727 51.923218 -39.650524
26.077913 51.923218 -39.650524
-31.766577 74.161140 26.193390
-29.611776 83.122139 26.193390
-29.611776 83.122139 18.163631
-31.766577 74.161140 18.163631
-24.921328 91.084923 26.193390
-24.921328 91.084923 18.163631
-18.107740 97.328461 26.193390
-18.107740 97.328461 18.163631
-9.766448 101.307014 26.193390
-9.766448 101.307014 18.163631
-0.626408 102.672997 26.193390
-0.626408 102.672997 18.163631
8.513637 101.307014 26.193390
8.513637 101.307014 18.163631
16.854923 97.328461 26.193390
16.854923 97.328461 18.163631
23.668516 91.084923 26.193390
23.668516 91.084923 18.163631
28.358959 83.122139 26.193390
28.358959 83.122139 18.163631
30.513762 74.161140 26.193390
30.513762 74.161140 18.163631
-31.766577 74.161140 2.104101
-29.611776 83.122139 2.104101
-29.611776 83.122139 -5.925664
-31.766577 74.161140 -5.925664
-24.921328 91.084923 2.104101
-24.921328 91.084923 -5.925664
-18.107740 97.328461 2.104101
-18.107740 97.328461 -5.925664
-9.766448 101.307014 2.104101
-9.766448 101.307014 -5.925664
-0.626408 102.672997 2.104101
-0.626408 102.672997 -5.925664
8.513637 101.307014 2.104101
8.513637 101.307014 -5.925664
16.854923 97.328461 2.104101
16.854923 97.328461 -5.925664
23.668516 91.084923 2.104101
23.668516 91.084923 -5.925664
28.358959 83.122139 2.104101
28.358959 83.122139 -5.925664
30.513762 74.161140 2.104101
30.513762 74.161140 -5.925664
-29.611776 83.122139 -13.955430
-31.766577 74.161140 -13.955430
-24.921328 91.084923 -13.955430
-18.107740 97.328461 -13.955430
-9.766448 101.307014 -13.955430
-0.626408 102.672997 -13.955430
8.513637 101.307014 -13.955430
16.854923 97.328461 -13.955430
23.668516 91.084923 -13.955430
28.358959 83.122139 -13.955430
30.513762 74.161140 -13.955430
-29.611776 83.122139 -21.985197
-31.766577 74.161140 -21.985197
-24.921328 91.084923 -21.985197
-18.107740 97.328461 -21.985197
-9.766448 101.307014 -21.985197
-0.626408 102.672997 -21.985197
8.513637 101.307014 -21.985197
16.854923 97.328461 -21.985197
23.668516 91.084923 -21.985197
28.358959 83.122139 -21.985197
30.513762 74.161140 -21.985197
-29.611776 83.122139 -30.014959
-31.766577 74.161140 -30.014959
-24.921328 91.084923 -30.014959
-18.107740 97.328461 -30.014959
-9.766448 101.307014 -30.014959
-0.626408 102.672997 -30.014959
8.513637 101.307014 -30.014959
16.854923 97.328461 -30.014959
23.668516 91.084923 -30.014959
28.358959 83.122139 -30.014959
30.513762 74.161140 -30.014959
-31.766577 74.161140 -46.074490
-29.611776 83.122139 -46.074490
-29.611776 83.122139 -54.104240
-31.766577 74.161140 -54.104240
-24.921328 91.084923 -46.074490
-24.921328 91.084923 -54.104240
-18.107740 97.328461 -46.074490
-18.107740 97.328461 -54.104240
-9.766448 101.307014 -46.074490
-9.766448 101.307014 -54.104240
-0.626408 102.672997 -46.074490
-0.626408 102.672997 -54.104240
8.513637 101.307014 -46.074490
8.513637 101.307014 -54.104240
16.854923 97.328461 -46.074490
16.854923 97.328461 -54.104240
23.668516 91.084923 -46.074490
23.668516 91.084923 -54.104240
28.358959 83.122139 -46.074490
28.358959 83.122139 -54.104240
30.513762 74.161140 -46.074490
30.513762 74.161140 -54.104240
-31.772326 66.886398 18.163631
-31.772326 66.886398 26.193390
30.519508 66.886398 26.193390
30.519508 66.886398 18.163631
-31.772326 66.886398 -5.925664
-31.772326 66.886398 2.104101
30.519508 66.886398 2.104101
30.519508 66.886398 -5.925664
-31.772326 66.886398 -13.955430
30.519508 66.886398 -13.955430
-31.772326 66.886398 -21.985197
30.519508 66.886398 -21.985197
-31.772326 66.886398 -30.014959
30.519508 66.886398 -30.014959
-31.772326 66.886398 -54.104240
-31.772326 66.886398 -46.074490
30.519508 66.886398 -46.074490
30.519508 66.886398 -54.104240
-31.772326 59.756432 18.163631
-31.772326 59.756432 26.193390
30.519508 59.756432 26.193390
30.519508 59.756432 18.163631
-31.772326 59.756432 -5.925664
-31.772326 59.756432 2.104101
30.519508 59.756432 2.104101
30.519508 59.756432 -5.925664
-31.772326 59.756432 -13.955430
30.519508 59.756432 -13.955430
-31.772326 59.756432 -21.985197
30.519508 59.756432 -21.985197
-31.772326 59.756432 -30.014959
30.519508 59.756432 -30.014959
-31.772326 59.756432 -54.104240
-31.772326 59.756432 -46.074490
30.519508 59.756432 -46.074490
30.519508 59.756432 -54.104240
-31.529476 51.336926 18.163631
-31.529476 51.336926 26.193390
30.276659 51.336926 26.193390
30.276659 51.336926 18.163631
-31.529476 51.336926 -5.925664
-31.529476 51.336926 2.104101
30.276659 51.336926 2.104101
30.276659 51.336926 -5.925664
-31.529476 51.336926 -13.955430
30.276659 51.336926 -13.955430
-31.529476 51.336926 -21.985197
30.276659 51.336926 -21.985197
-31.529476 51.336926 -30.014959
30.276659 51.336926 -30.014959
-31.529476 51.336926 -54.104240
-31.529476 51.336926 -46.074490
30.276659 51.336926 -46.074490
30.276659 51.336926 -54.104240
-27.330727 51.094086 18.163631
-27.330727 51.094086 26.193390
26.077913 51.094086 26.193390
26.077913 51.094086 18.163631
-27.330727 51.094086 -5.925664
-27.330727 51.094086 2.104101
26.077913 51.094086 2.104101
26.077913 51.094086 -5.925664
-27.330727 51.094086 -13.955430
26.077913 51.094086 -13.955430
-27.330727 51.094086 -21.985197
26.077913 51.094086 -21.985197
-27.330727 51.094086 -30.014959
26.077913 51.094086 -30.014959
-27.330727 51.094086 -54.104240
-27.330727 51.094086 -46.074490
26.077913 51.094086 -46.074490
26.077913 51.094086 -54.104240
-32.861847 73.990150 12.304939
-32.861847 73.990150 7.962801
-32.845703 66.374756 7.941782
-32.845703 66.374756 12.325956
-30.635496 83.342567 12.299719
-30.635496 83.342567 7.968021
-25.780317 91.646416 12.299625
-25.780317 91.646416 7.968115
-18.726585 98.158142 12.299520
-18.726585 98.158142 7.968224
-10.090324 102.308083 12.299435
-10.090324 102.308083 7.968304
-0.626408 103.733009 12.299404
-0.626408 103.733009 7.968338
8.837511 102.308083 12.299435
8.837511 102.308083 7.968304
17.473770 98.158142 12.299520
17.473770 98.158142 7.968224
24.527504 91.646416 12.299625
24.527504 91.646416 7.968115
29.382683 83.342567 12.299719
29.382683 83.342567 7.968021
31.609026 73.990150 12.304939
31.609032 73.990150 7.962801
31.592882 66.374756 12.325956
31.592882 66.374756 7.941782
-32.861847 73.990150 -35.873653
-32.861847 73.990150 -40.215794
-32.845703 66.374756 -40.236813
-32.845703 66.374756 -35.852646
-30.635496 83.342567 -35.878880
-30.635496 83.342567 -40.210575
-25.780317 91.646416 -35.878971
-25.780317 91.646416 -40.210484
-18.726585 98.158142 -35.879082
-18.726585 98.158142 -40.210373
-10.090324 102.308083 -35.879162
-10.090324 102.308083 -40.210293
-0.626408 103.733009 -35.879196
-0.626408 103.733009 -40.210258
8.837511 102.308083 -35.879162
8.837511 102.308083 -40.210293
17.473770 98.158142 -35.879082
17.473770 98.158142 -40.210373
24.527504 91.646416 -35.878971
24.527504 91.646416 -40.210484
29.382683 83.342567 -35.878880
29.382681 83.342567 -40.210575
31.609026 73.990150 -35.873653
31.609026 73.990150 -40.215794
31.592882 66.374756 -35.852646
31.592882 66.374756 -40.236813
-32.845703 58.879894 7.941782
-32.845703 58.879894 12.325956
31.592882 58.879894 12.325956
31.592882 58.879894 7.941782
-32.845703 58.879894 -40.236813
-32.845703 58.879894 -35.852646
31.592882 58.879894 -35.852646
31.592882 58.879894 -40.236813
-32.738117 50.167068 8.049368
-32.738117 50.167068 12.218372
31.485296 50.167068 12.218372
31.485296 50.167068 8.049368
-32.738117 50.167068 -40.129227
-32.738117 50.167068 -35.960228
31.485296 50.167068 -35.960228
31.485296 50.167068 -40.129227
-28.228376 50.054752 8.008774
-28.228376 50.054752 12.258968
26.975561 50.054752 12.258968
26.975561 50.054752 8.008774
-28.228376 50.054752 -40.169823
-28.228376 50.054752 -35.919632
26.975561 50.054752 -35.919632
26.975561 50.054752 -40.169823
-29.611776 83.122139 11.739668
-31.766577 74.161140 11.739668
-24.921328 91.084923 11.739668
-18.107740 97.328461 11.739668
-9.766448 101.307014 11.739668
-0.626408 102.672997 11.739668
8.513637 101.307014 11.739668
16.854923 97.328461 11.739668
23.668516 91.084923 11.739668
28.358959 83.122139 11.739668
30.513762 74.161140 11.739668
-29.611776 83.122139 8.528072
-31.766577 74.161140 8.528072
-24.921328 91.084923 8.528072
-18.107740 97.328461 8.528072
-9.766448 101.307014 8.528072
-0.626408 102.672997 8.528072
8.513637 101.307014 8.528072
16.854923 97.328461 8.528072
23.668516 91.084923 8.528072
28.358959 83.122139 8.528072
30.513762 74.161140 8.528072
-29.611776 83.122139 -36.438931
-31.766577 74.161140 -36.438931
-24.921328 91.084923 -36.438931
-18.107740 97.328461 -36.438931
-9.766448 101.307014 -36.438931
-0.626408 102.672997 -36.438931
8.513637 101.307014 -36.438931
16.854923 97.328461 -36.438931
23.668516 91.084923 -36.438931
28.358959 83.122139 -36.438931
30.513762 74.161140 -36.438931
-29.611776 83.122139 -39.650524
-31.766577 74.161140 -39.650524
-24.921328 91.084923 -39.650524
-18.107740 97.328461 -39.650524
-9.766448 101.307014 -39.650524
-0.626408 102.672997 -39.650524
8.513637 101.307014 -39.650524
16.854923 97.328461 -39.650524
23.668516 91.084923 -39.650524
28.358959 83.122139 -39.650524
30.513762 74.161140 -39.650524
-31.772326 66.886398 11.739668
30.519508 66.886398 11.739668
-31.772326 66.886398 8.528072
30.519508 66.886398 8.528072
-31.772326 66.886398 -36.438931
30.519508 66.886398 -36.438931
-31.772326 66.886398 -39.650524
30.519508 66.886398 -39.650524
-31.772326 59.756432 11.739668
30.519508 59.756432 11.739668
-31.772326 59.756432 8.528072
30.519508 59.756432 8.528072
-31.772326 59.756432 -36.438931
30.519508 59.756432 -36.438931
-31.772326 59.756432 -39.650524
30.519508 59.756432 -39.650524
-31.529476 51.336926 11.739668
30.276659 51.336926 11.739668
-31.529476 51.336926 8.528072
30.276659 51.336926 8.528072
-31.529476 51.336926 -36.438931
30.276659 51.336926 -36.438931
-31.529476 51.336926 -39.650524
30.276659 51.336926 -39.650524
-27.330727 51.094086 11.739668
26.077913 51.094086 11.739668
-27.330727 51.094086 8.528072
26.077913 51.094086 8.528072
-27.330727 51.094086 -36.438931
26.077913 51.094086 -36.438931
-27.330727 51.094086 -39.650524
26.077913 51.094086 -39.650524
-30.943184 74.063683 7.698933
-30.943184 66.886398 7.698933
-30.943184 66.886398 12.568808
-30.943184 74.063683 12.568808
-28.843010 82.811539 12.568808
-28.843010 82.811539 7.698933
-24.276966 90.563126 12.568808
-24.276966 90.563126 7.698933
-17.644091 96.641068 12.568808
-17.644091 96.641068 7.698933
-9.524033 100.514114 12.568808
-9.524033 100.514114 7.698933
-0.626408 101.843872 12.568808
-0.626408 101.843872 7.698933
8.271220 100.514114 12.568808
8.271220 100.514114 7.698933
16.391275 96.641068 12.568808
16.391275 96.641068 7.698933
23.024153 90.563126 12.568808
23.024153 90.563126 7.698933
27.590193 82.811539 12.568808
27.590193 82.811539 7.698933
29.690371 74.063683 12.568808
29.690371 74.063683 7.698933
29.690371 66.886398 12.568808
29.690371 66.886398 7.698933
-30.943184 59.756432 7.698933
-30.943184 59.756432 12.568808
29.690371 59.756432 12.568808
29.690371 59.756432 7.698933
-30.943184 51.923218 7.698933
-30.943184 51.923218 12.568808
29.690371 51.923218 12.568808
29.690371 51.923218 7.698933
-27.008293 51.195148 8.296938
-27.008293 51.195148 11.970802
25.755476 51.195148 11.970802
25.755476 51.195148 8.296938
-30.943184 74.063683 -40.479660
-30.943184 66.886398 -40.479660
-30.943184 66.886398 -35.609795
-30.943190 74.063683 -35.609795
-28.843014 82.811539 -35.609795
-28.843008 82.811539 -40.479660
-24.276966 90.563126 -35.609795
-24.276966 90.563126 -40.479660
-17.644091 96.641068 -35.609795
-17.644091 96.641068 -40.479660
-9.524033 100.514114 -35.609795
-9.524033 100.514114 -40.479660
-0.626408 101.843872 -35.609795
-0.626408 101.843872 -40.479660
8.271220 100.514114 -35.609795
8.271220 100.514114 -40.479660
16.391279 96.641068 -35.609795
16.391275 96.641068 -40.479660
23.024153 90.563126 -35.609795
23.024153 90.563126 -40.479660
27.590193 82.811539 -35.609795
27.590191 82.811539 -40.479660
29.690371 74.063683 -35.609795
29.690371 74.063683 -40.479660
29.690371 66.886398 -35.609795
29.690367 66.886398 -40.479660
-30.943184 59.756432 -40.479660
-30.943184 59.756432 -35.609795
29.690371 59.756432 -35.609795
29.690367 59.756432 -40.479660
-30.943184 51.923218 -40.479660
-30.943184 51.923218 -35.609795
29.690371 51.923218 -35.609795
29.690371 51.923218 -40.479660
-27.008293 51.195148 -39.881657
-27.008293 51.195148 -36.207798
25.755476 51.195148 -36.207798
25.755476 51.195148 -39.881657
-28.843010 82.811539 -54.933384
-24.276966 90.563126 -54.933384
-17.644091 96.641068 -54.933384
-9.524033 100.514114 -54.933384
-0.626408 101.843872 -54.933384
8.271220 100.514114 -54.933384
16.391275 96.641068 -54.933384
23.024153 90.563126 -54.933384
27.590193 82.811539 -54.933384
29.690371 74.063683 -54.933384
29.690371 66.886398 -54.933384
29.690371 59.756432 -54.933384
29.690371 51.923218 -54.933384
26.077913 51.923218 -54.933384
-27.330727 51.923218 -54.933384
-30.943184 51.923218 -54.933384
-30.943184 59.756432 -54.933384
-30.943184 66.886398 -54.933384
-30.943184 74.063683 -54.933384
-30.943184 74.063683 27.022524
-28.843010 82.811539 27.022524
-24.276966 90.563126 27.022524
-17.644091 96.641068 27.022524
-9.524033 100.514114 27.022524
-0.626408 101.843872 27.022524
8.271220 100.514114 27.022524
16.391275 96.641068 27.022524
23.024153 90.563126 27.022524
27.590193 82.811539 27.022524
29.690371 74.063683 27.022524
-30.943184 66.886398 27.022524
29.690371 66.886398 27.022524
-30.943184 59.756432 27.022524
29.690371 59.756432 27.022524
-30.943184 51.923218 27.022524
29.690371 51.923218 27.022524
-27.330727 51.923218 27.022524
26.077913 51.923218 27.022524
</float_array>
          <technique_common>
            <accessor source="#Box-POSITION-array" count="874" stride="3">
              <param name="X" type="float"/>
              <param name="Y" type="float"/>
              <param name="Z" type="float"/>
            </accessor>
          </technique_common>
        </source>
        <source id="Box-Normal0">
          <float_array id="Box-Normal0-array" count="13644">
-0.927039 0.374964 0.000000
-0.927039 0.374964 0.000000
-0.991262 0.131911 0.000000
-0.991262 0.131911 0.000000
-0.927039 0.374964 0.000000
-0.991262 0.131911 0.000000
-0.777146 0.629320 0.000000
-0.927039 0.374964 0.000000
-0.777146 0.629320 0.000000
-0.927039 0.374964 0.000000
-0.777146 0.629320 0.000000
-0.927039 0.374964 0.000000
-0.559193 0.829038 0.000000
-0.777146 0.629320 0.000000
-0.559193 0.829038 0.000000
-0.777146 0.629320 0.000000
-0.559193 0.829038 0.000000
-0.777146 0.629320 0.000000
-0.292369 0.956305 0.000000
-0.559193 0.829038 0.000000
-0.292369 0.956305 0.000000
-0.559193 0.829038 0.000000
-0.292369 0.956305 0.000000
-0.559193 0.829038 0.000000
0.000000 1.000000 0.000000
-0.292369 0.956305 0.000000
0.000000 1.000000 0.000000
-0.292369 0.956305 0.000000
0.000000 1.000000 0.000000
-0.292369 0.956305 0.000000
0.292370 0.956306 0.000000
0.292370 0.956305 0.000000
0.000000 1.000000 0.000000
0.000000 1.000000 0.000000
0.292370 0.956305 0.000000
0.000000 1.000000 0.000000
0.559193 0.829038 0.000000
0.292370 0.956306 0.000000
0.559193 0.829038 0.000000
0.292370 0.956306 0.000000
0.559193 0.829038 0.000000
0.292370 0.956305 0.000000
0.777146 0.629320 0.000000
0.777146 0.629320 0.000000
0.559193 0.829038 0.000000
0.559193 0.829038 0.000000
0.777146 0.629320 0.000000
0.559193 0.829038 0.000000
0.927039 0.374964 0.000000
0.777146 0.629320 0.000000
0.927039 0.374964 0.000000
0.777146 0.629320 0.000000
0.927039 0.374964 0.000000
0.777146 0.629320 0.000000
0.991262 0.131911 0.000000
0.991262 0.131911 0.000000
0.927039 0.374964 0.000000
0.927039 0.374964 0.000000
0.991262 0.131911 0.000000
0.927039 0.374964 0.000000
-0.927039 0.374964 0.000000
-0.927039 0.374964 0.000000
-0.991262 0.131911 0.000000
-0.991262 0.131911 0.000000
-0.927039 0.374964 0.000000
-0.991262 0.131911 0.000000
-0.777146 0.629320 0.000000
-0.777146 0.629320 0.000000
-0.927039 0.374964 0.000000
-0.927039 0.374964 0.000000
-0.777146 0.629320 0.000000
-0.927039 0.374964 0.000000
-0.559193 0.829038 0.000000
-0.559193 0.829038 0.000000
-0.777146 0.629320 0.000000
-0.777146 0.629320 0.000000
-0.559193 0.829038 0.000000
-0.777146 0.629320 0.000000
-0.292369 0.956305 0.000000
-0.292370 0.956305 0.000000
-0.559193 0.829038 0.000000
-0.559193 0.829038 0.000000
-0.292370 0.956305 0.000000
-0.559193 0.829038 0.000000
0.000000 1.000000 0.000000
0.000000 1.000000 0.000000
-0.292369 0.956305 0.000000
-0.292369 0.956305 0.000000
0.000000 1.000000 0.000000
-0.292370 0.956305 0.000000
0.292370 0.956305 0.000000
0.292369 0.956305 0.000000
0.000000 1.000000 0.000000
0.000000 1.000000 0.000000
0.292369 0.956305 0.000000
0.000000 1.000000 0.000000
0.559193 0.829038 0.000000
0.559193 0.829038 0.000000
0.292370 0.956305 0.000000
0.292370 0.956305 0.000000
0.559193 0.829038 0.000000
0.292369 0.956305 0.000000
0.777146 0.629320 0.000000
0.777146 0.629320 0.000000
0.559193 0.829038 0.000000
0.559193 0.829038 0.000000
0.777146 0.629320 0.000000
0.559193 0.829038 0.000000
0.927039 0.374964 0.000000
0.927039 0.374964 0.000000
0.777146 0.629320 0.000000
0.777146 0.629320 0.000000
0.927039 0.374964 0.000000
0.777146 0.629320 0.000000
0.991262 0.131911 0.000000
0.991262 0.131911 0.000000
0.927039 0.374964 0.000000
0.927039 0.374964 0.000000
0.991262 0.131911 0.000000
0.927039 0.374964 0.000000
-0.927039 0.374964 0.000000
-0.927039 0.374964 0.000000
-0.991262 0.131911 0.000000
-0.991262 0.131911 0.000000
-0.927039 0.374964 0.000000
-0.991262 0.131911 0.000000
-0.777146 0.629320 0.000000
-0.777146 0.629320 0.000000
-0.927039 0.374964 0.000000
-0.927039 0.374964 0.000000
-0.777146 0.629320 0.000000
-0.927039 0.374964 0.000000
-0.559193 0.829038 0.000000
-0.559193 0.829038 0.000000
-0.777146 0.629320 0.000000
-0.777146 0.629320 0.000000
-0.559193 0.829038 0.000000
-0.777146 0.629320 0.000000
-0.292370 0.956305 0.000000
-0.292369 0.956305 0.000000
-0.559193 0.829038 0.000000
-0.559193 0.829038 0.000000
-0.292369 0.956305 0.000000
-0.559193 0.829038 0.000000
0.000000 1.000000 0.000000
0.000000 1.000000 0.000000
-0.292370 0.956305 0.000000
-0.292370 0.956305 0.000000
0.000000 1.000000 0.000000
-0.292369 0.956305 0.000000
0.292369 0.956305 0.000000
0.292370 0.956305 0.000000
0.000000 1.000000 0.000000
0.000000 1.000000 0.000000
0.292370 0.956305 0.000000
0.000000 1.000000 0.000000
0.559193 0.829038 0.000000
0.292369 0.956305 0.000000
0.559193 0.829038 0.000000
0.292369 0.956305 0.000000
0.559193 0.829038 0.000000
0.292370 0.956305 0.000000
0.777146 0.629320 0.000000
0.777146 0.629320 0.000000
0.559193 0.829038 0.000000
0.559193 0.829038 0.000000
0.777146 0.629320 0.000000
0.559193 0.829038 0.000000
0.927039 0.374964 0.000000
0.927039 0.374964 0.000000
0.777146 0.629320 0.000000
0.777146 0.629320 0.000000
0.927039 0.374964 0.000000
0.777146 0.629320 0.000000
0.991262 0.131911 0.000000
0.991262 0.131911 0.000000
0.927039 0.374964 0.000000
0.927039 0.374964 0.000000
0.991262 0.131911 0.000000
0.927039 0.374964 0.000000
-0.927039 0.374964 0.000000
-0.927039 0.374964 0.000000
-0.991262 0.131911 0.000000
-0.991262 0.131911 0.000000
-0.927039 0.374964 0.000000
-0.991262 0.131911 0.000000
-0.777146 0.629320 0.000000
-0.777146 0.629320 0.000000
-0.927039 0.374964 0.000000
-0.927039 0.374964 0.000000
-0.777146 0.629320 0.000000
-0.927039 0.374964 0.000000
-0.559193 0.829038 0.000000
-0.559193 0.829038 0.000000
-0.777146 0.629320 0.000000
-0.777146 0.629320 0.000000
-0.559193 0.829038 0.000000
-0.777146 0.629320 0.000000
-0.292369 0.956305 0.000000
-0.292369 0.956305 0.000000
-0.559193 0.829038 0.000000
-0.559193 0.829038 0.000000
-0.292369 0.956305 0.000000
-0.559193 0.829038 0.000000
0.000000 1.000000 0.000000
-0.292369 0.956305 0.000000
0.000000 1.000000 0.000000
-0.292369 0.956305 0.000000
0.000000 1.000000 0.000000
-0.292369 0.956305 0.000000
0.292370 0.956305 0.000000
0.000000 1.000000 0.000000
0.292370 0.956305 0.000000
0.000000 1.000000 0.000000
0.292370 0.956305 0.000000
0.000000 1.000000 0.000000
0.559193 0.829038 0.000000
0.559193 0.829038 0.000000
0.292370 0.956305 0.000000
0.292370 0.956305 0.000000
0.559193 0.829038 0.000000
0.292370 0.956305 0.000000
0.777146 0.629320 0.000000
0.559193 0.829038 0.000000
0.777146 0.629320 0.000000
0.559193 0.829038 0.000000
0.777146 0.629320 0.000000
0.559193 0.829038 0.000000
0.927039 0.374964 0.000000
0.927039 0.374964 0.000000
0.777146 0.629320 0.000000
0.777146 0.629320 0.000000
0.927039 0.374964 0.000000
0.777146 0.629320 0.000000
0.991262 0.131911 0.000000
0.991262 0.131911 0.000000
0.927039 0.374964 0.000000
0.927039 0.374964 0.000000
0.991262 0.131911 0.000000
0.927039 0.374964 0.000000
-0.927039 0.374964 0.000000
-0.927039 0.374964 0.000000
-0.991262 0.131911 0.000000
-0.991262 0.131911 0.000000
-0.927039 0.374964 0.000000
-0.991262 0.131911 0.000000
-0.777146 0.629320 0.000000
-0.777146 0.629320 0.000000
-0.927039 0.374964 0.000000
-0.927039 0.374964 0.000000
-0.777146 0.629320 0.000000
-0.927039 0.374964 0.000000
-0.559193 0.829038 0.000000
-0.559193 0.829038 0.000000
-0.777146 0.629320 0.000000
-0.777146 0.629320 0.000000
-0.559193 0.829038 0.000000
-0.777146 0.629320 0.000000
-0.292369 0.956305 0.000000
-0.292369 0.956305 0.000000
-0.559193 0.829038 0.000000
-0.559193 0.829038 0.000000
-0.292369 0.956305 0.000000
-0.559193 0.829038 0.000000
0.000000 1.000000 0.000000
-0.000000 1.000000 0.000000
-0.292369 0.956305 0.000000
-0.292369 0.956305 0.000000
-0.000000 1.000000 0.000000
-0.292369 0.956305 0.000000
0.292369 0.956305 0.000000
0.000000 1.000000 0.000000
0.292370 0.956305 0.000000
0.000000 1.000000 0.000000
0.292369 0.956305 0.000000
-0.000000 1.000000 0.000000
0.559193 0.829038 0.000000
0.559193 0.829038 0.000000
0.292370 0.956305 0.000000
0.292370 0.956305 0.000000
0.559193 0.829038 0.000000
0.292369 0.956305 0.000000
0.777146 0.629320 0.000000
0.777146 0.629320 0.000000
0.559193 0.829038 0.000000
0.559193 0.829038 0.000000
0.777146 0.629320 0.000000
0.559193 0.829038 0.000000
0.927039 0.374964 0.000000
0.927039 0.374964 0.000000
0.777146 0.629320 0.000000
0.777146 0.629320 0.000000
0.927039 0.374964 0.000000
0.777146 0.629320 0.000000
0.991262 0.131911 0.000000
0.991262 0.131911 0.000000
0.927039 0.374964 0.000000
0.927039 0.374964 0.000000
0.991262 0.131911 0.000000
0.927039 0.374964 0.000000
-0.927039 0.374964 0.000000
-0.927039 0.374964 0.000000
-0.991262 0.131911 0.000000
-0.991262 0.131911 0.000000
-0.927039 0.374964 0.000000
-0.991262 0.131911 0.000000
-0.777146 0.629320 0.000000
-0.777146 0.629320 0.000000
-0.927039 0.374964 0.000000
-0.927039 0.374964 0.000000
-0.777146 0.629320 0.000000
-0.927039 0.374964 0.000000
-0.559193 0.829038 0.000000
-0.559193 0.829038 0.000000
-0.777146 0.629320 0.000000
-0.777146 0.629320 0.000000
-0.559193 0.829038 0.000000
-0.777146 0.629320 0.000000
-0.292369 0.956306 0.000000
-0.292369 0.956305 0.000000
-0.559193 0.829038 0.000000
-0.559193 0.829038 0.000000
-0.292369 0.956305 0.000000
-0.559193 0.829038 0.000000
0.000000 1.000000 0.000000
0.000000 1.000000 0.000000
-0.292369 0.956306 0.000000
-0.292369 0.956306 0.000000
0.000000 1.000000 0.000000
-0.292369 0.956305 0.000000
0.292369 0.956305 0.000000
0.292369 0.956305 0.000000
0.000000 1.000000 0.000000
0.000000 1.000000 0.000000
0.292369 0.956305 0.000000
0.000000 1.000000 0.000000
0.559193 0.829038 0.000000
0.559193 0.829038 0.000000
0.292369 0.956305 0.000000
0.292369 0.956305 0.000000
0.559193 0.829038 0.000000
0.292369 0.956305 0.000000
0.777146 0.629320 0.000000
0.559193 0.829038 0.000000
0.777146 0.629320 0.000000
0.559193 0.829038 0.000000
0.777146 0.629320 0.000000
0.559193 0.829038 0.000000
0.927039 0.374964 0.000000
0.927039 0.374964 0.000000
0.777146 0.629320 0.000000
0.777146 0.629320 0.000000
0.927039 0.374964 0.000000
0.777146 0.629320 0.000000
0.991262 0.131911 0.000000
0.991262 0.131911 0.000000
0.927039 0.374964 0.000000
0.927039 0.374964 0.000000
0.991262 0.131911 0.000000
0.927039 0.374964 0.000000
-1.000000 0.000399 0.000000
-0.991262 0.131911 0.000000
-1.000000 0.000399 0.000000
-0.991262 0.131911 0.000000
-0.991262 0.131911 0.000000
-1.000000 0.000399 0.000000
1.000000 0.000399 0.000000
0.991262 0.131911 0.000000
0.991262 0.131911 0.000000
0.991262 0.131911 0.000000
1.000000 0.000399 0.000000
1.000000 0.000399 0.000000
-1.000000 0.000399 0.000000
-0.991262 0.131911 0.000000
-1.000000 0.000399 0.000000
-0.991262 0.131911 0.000000
-0.991262 0.131911 0.000000
-1.000000 0.000399 0.000000
1.000000 0.000399 0.000000
0.991262 0.131911 0.000000
0.991262 0.131911 0.000000
0.991262 0.131911 0.000000
1.000000 0.000399 0.000000
1.000000 0.000399 0.000000
-1.000000 0.000399 0.000000
-0.991262 0.131911 0.000000
-1.000000 0.000399 0.000000
-0.991262 0.131911 0.000000
-0.991262 0.131911 0.000000
-1.000000 0.000399 0.000000
1.000000 0.000399 0.000000
0.991262 0.131911 0.000000
0.991262 0.131911 0.000000
0.991262 0.131911 0.000000
1.000000 0.000399 0.000000
1.000000 0.000399 0.000000
-1.000000 0.000399 0.000000
-0.991262 0.131911 0.000000
-1.000000 0.000399 0.000000
-0.991262 0.131911 0.000000
-0.991262 0.131911 0.000000
-1.000000 0.000399 0.000000
1.000000 0.000399 0.000000
0.991262 0.131911 0.000000
0.991262 0.131911 0.000000
0.991262 0.131911 0.000000
1.000000 0.000399 0.000000
1.000000 0.000399 0.000000
-1.000000 0.000399 0.000000
-0.991262 0.131911 0.000000
-1.000000 0.000399 0.000000
-0.991262 0.131911 0.000000
-0.991262 0.131911 0.000000
-1.000000 0.000399 0.000000
1.000000 0.000399 0.000000
0.991262 0.131911 0.000000
0.991262 0.131911 0.000000
0.991262 0.131911 0.000000
1.000000 0.000399 0.000000
1.000000 0.000399 0.000000
-1.000000 0.000399 0.000000
-0.991262 0.131911 0.000000
-1.000000 0.000399 0.000000
-0.991262 0.131911 0.000000
-0.991262 0.131911 0.000000
-1.000000 0.000399 0.000000
1.000000 0.000399 0.000000
0.991262 0.131911 0.000000
0.991262 0.131911 0.000000
0.991262 0.131911 0.000000
1.000000 0.000399 0.000000
1.000000 0.000399 0.000000
-0.999878 -0.015616 0.000000
-1.000000 0.000399 0.000000
-0.999878 -0.015616 0.000000
-1.000000 0.000399 0.000000
-1.000000 0.000399 0.000000
-0.999878 -0.015616 0.000000
0.999878 -0.015616 0.000000
1.000000 0.000399 0.000000
1.000000 0.000399 0.000000
1.000000 0.000399 0.000000
0.999878 -0.015616 0.000000
0.999878 -0.015616 0.000000
-0.999878 -0.015616 0.000000
-1.000000 0.000399 0.000000
-0.999878 -0.015616 0.000000
-1.000000 0.000399 0.000000
-1.000000 0.000399 0.000000
-0.999878 -0.015616 0.000000
0.999878 -0.015616 0.000000
1.000000 0.000399 0.000000
1.000000 0.000399 0.000000
1.000000 0.000399 0.000000
0.999878 -0.015616 0.000000
0.999878 -0.015616 0.000000
-0.999878 -0.015616 0.000000
-1.000000 0.000399 0.000000
-0.999878 -0.015616 0.000000
-1.000000 0.000399 0.000000
-1.000000 0.000399 0.000000
-0.999878 -0.015616 0.000000
0.999878 -0.015616 0.000000
1.000000 0.000399 0.000000
1.000000 0.000399 0.000000
1.000000 0.000399 0.000000
0.999878 -0.015616 0.000000
0.999878 -0.015616 0.000000
-0.999878 -0.015616 0.000000
-1.000000 0.000399 0.000000
-0.999878 -0.015616 0.000000
-1.000000 0.000399 0.000000
-1.000000 0.000399 0.000000
-0.999878 -0.015616 0.000000
0.999878 -0.015616 0.000000
1.000000 0.000399 0.000000
1.000000 0.000399 0.000000
1.000000 0.000399 0.000000
0.999878 -0.015616 0.000000
0.999878 -0.015616 0.000000
-0.999878 -0.015616 0.000000
-1.000000 0.000399 0.000000
-0.999878 -0.015616 0.000000
-1.000000 0.000399 0.000000
-1.000000 0.000399 0.000000
-0.999878 -0.015616 0.000000
0.999878 -0.015616 0.000000
1.000000 0.000399 0.000000
1.000000 0.000399 0.000000
1.000000 0.000399 0.000000
0.999878 -0.015616 0.000000
0.999878 -0.015616 0.000000
-0.999878 -0.015616 0.000000
-1.000000 0.000399 0.000000
-0.999878 -0.015616 0.000000
-1.000000 0.000399 0.000000
-1.000000 0.000399 0.000000
-0.999878 -0.015616 0.000000
0.999878 -0.015616 0.000000
1.000000 0.000399 0.000000
1.000000 0.000399 0.000000
1.000000 0.000399 0.000000
0.999878 -0.015616 0.000000
0.999878 -0.015616 0.000000
-0.999584 -0.028832 0.000000
-0.999878 -0.015616 0.000000
-0.999584 -0.028832 0.000000
-0.999878 -0.015616 0.000000
-0.999878 -0.015616 0.000000
-0.999584 -0.028832 0.000000
0.999584 -0.028832 0.000000
0.999878 -0.015616 0.000000
0.999878 -0.015616 0.000000
0.999878 -0.015616 0.000000
0.999584 -0.028832 0.000000
0.999584 -0.028832 0.000000
-0.999584 -0.028832 0.000000
-0.999878 -0.015616 0.000000
-0.999584 -0.028832 0.000000
-0.999878 -0.015616 0.000000
-0.999878 -0.015616 0.000000
-0.999584 -0.028832 0.000000
0.999584 -0.028832 0.000000
0.999878 -0.015616 0.000000
0.999878 -0.015616 0.000000
0.999878 -0.015616 0.000000
0.999584 -0.028832 0.000000
0.999584 -0.028832 0.000000
-0.999584 -0.028832 0.000000
-0.999878 -0.015616 0.000000
-0.999584 -0.028832 0.000000
-0.999878 -0.015616 0.000000
-0.999878 -0.015616 0.000000
-0.999584 -0.028832 0.000000
0.999584 -0.028832 0.000000
0.999878 -0.015616 0.000000
0.999878 -0.015616 0.000000
0.999878 -0.015616 0.000000
0.999584 -0.028832 0.000000
0.999584 -0.028832 0.000000
-0.999584 -0.028832 0.000000
-0.999878 -0.015616 0.000000
-0.999584 -0.028832 0.000000
-0.999878 -0.015616 0.000000
-0.999878 -0.015616 0.000000
-0.999584 -0.028832 0.000000
0.999584 -0.028832 0.000000
0.999878 -0.015616 0.000000
0.999878 -0.015616 0.000000
0.999878 -0.015616 0.000000
0.999584 -0.028832 0.000000
0.999584 -0.028832 0.000000
-0.999584 -0.028832 0.000000
-0.999878 -0.015616 0.000000
-0.999584 -0.028832 0.000000
-0.999878 -0.015616 0.000000
-0.999878 -0.015616 0.000000
-0.999584 -0.028832 0.000000
0.999584 -0.028832 0.000000
0.999878 -0.015616 0.000000
0.999878 -0.015616 0.000000
0.999878 -0.015616 0.000000
0.999584 -0.028832 0.000000
0.999584 -0.028832 0.000000
-0.999584 -0.028832 0.000000
-0.999878 -0.015616 0.000000
-0.999584 -0.028832 0.000000
-0.999878 -0.015616 0.000000
-0.999878 -0.015616 0.000000
-0.999584 -0.028832 0.000000
0.999584 -0.028832 0.000000
0.999878 -0.015616 0.000000
0.999878 -0.015616 0.000000
0.999878 -0.015616 0.000000
0.999584 -0.028832 0.000000
0.999584 -0.028832 0.000000
-0.057740 -0.998332 0.000000
-0.057740 -0.998332 0.000000
-0.057740 -0.998332 0.000000
-0.057740 -0.998332 0.000000
-0.057740 -0.998332 0.000000
-0.057740 -0.998332 0.000000
0.057740 -0.998332 0.000000
0.057740 -0.998332 0.000000
0.057740 -0.998332 0.000000
0.057740 -0.998332 0.000000
0.057740 -0.998332 0.000000
0.057740 -0.998332 0.000000
-0.057740 -0.998332 0.000000
-0.057740 -0.998332 0.000000
-0.057740 -0.998332 0.000000
-0.057740 -0.998332 0.000000
-0.057740 -0.998332 0.000000
-0.057740 -0.998332 0.000000
0.057740 -0.998332 0.000000
0.057740 -0.998332 0.000000
0.057740 -0.998332 0.000000
0.057740 -0.998332 0.000000
0.057740 -0.998332 0.000000
0.057740 -0.998332 0.000000
-0.057740 -0.998332 0.000000
-0.057740 -0.998332 0.000000
-0.057740 -0.998332 0.000000
-0.057740 -0.998332 0.000000
-0.057740 -0.998332 0.000000
-0.057740 -0.998332 0.000000
0.057740 -0.998332 0.000000
0.057740 -0.998332 0.000000
0.057740 -0.998332 0.000000
0.057740 -0.998332 0.000000
0.057740 -0.998332 0.000000
0.057740 -0.998332 0.000000
-0.057740 -0.998332 0.000000
-0.057740 -0.998332 0.000000
-0.057740 -0.998332 0.000000
-0.057740 -0.998332 0.000000
-0.057740 -0.998332 0.000000
-0.057740 -0.998332 0.000000
0.057740 -0.998332 0.000000
0.057740 -0.998332 0.000000
0.057740 -0.998332 0.000000
0.057740 -0.998332 0.000000
0.057740 -0.998332 0.000000
0.057740 -0.998332 0.000000
-0.057740 -0.998332 0.000000
-0.057740 -0.998332 0.000000
-0.057740 -0.998332 0.000000
-0.057740 -0.998332 0.000000
-0.057740 -0.998332 0.000000
-0.057740 -0.998332 0.000000
0.057740 -0.998332 0.000000
0.057740 -0.998332 0.000000
0.057740 -0.998332 0.000000
0.057740 -0.998332 0.000000
0.057740 -0.998332 0.000000
0.057740 -0.998332 0.000000
-0.057740 -0.998332 0.000000
-0.057740 -0.998332 0.000000
-0.057740 -0.998332 0.000000
-0.057740 -0.998332 0.000000
-0.057740 -0.998332 0.000000
-0.057740 -0.998332 0.000000
0.057740 -0.998332 0.000000
0.057740 -0.998332 0.000000
0.057740 -0.998332 0.000000
0.057740 -0.998332 0.000000
0.057740 -0.998332 0.000000
0.057740 -0.998332 0.000000
-0.991684 0.128696 0.000000
-0.999999 -0.001065 0.000000
-0.991684 0.128696 0.000000
-0.999999 -0.001065 0.000000
-0.991684 0.128696 0.000000
-0.999999 -0.001065 0.000000
-0.928175 0.372144 0.000000
-0.991684 0.128696 0.000000
-0.991684 0.128696 0.000000
-0.991684 0.128696 0.000000
-0.928175 0.372144 0.000000
-0.928175 0.372144 0.000000
-0.928175 0.372144 0.000000
-0.779421 0.626501 0.000000
-0.928175 0.372144 0.000000
-0.779421 0.626501 0.000000
-0.928175 0.372144 0.000000
-0.779421 0.626501 0.000000
-0.779421 0.626501 0.000000
-0.562042 0.827109 0.000000
-0.779421 0.626501 0.000000
-0.562042 0.827109 0.000000
-0.779421 0.626501 0.000000
-0.562042 0.827109 0.000000
-0.294358 0.955695 0.000000
-0.562042 0.827109 0.000000
-0.562042 0.827109 0.000000
-0.562042 0.827109 0.000000
-0.294358 0.955695 0.000000
-0.294357 0.955695 0.000000
-0.294358 0.955695 0.000000
0.000000 1.000000 0.000000
-0.294357 0.955695 0.000000
0.000000 1.000000 0.000000
-0.294358 0.955695 0.000000
0.000000 1.000000 0.000000
0.294358 0.955695 0.000000
0.000000 1.000000 0.000000
0.000000 1.000000 0.000000
0.000000 1.000000 0.000000
0.294358 0.955695 0.000000
0.294357 0.955695 0.000000
0.294358 0.955695 0.000000
0.562042 0.827109 0.000000
0.294357 0.955695 0.000000
0.562042 0.827109 0.000000
0.294358 0.955695 0.000000
0.562042 0.827109 0.000000
0.779421 0.626501 0.000000
0.562042 0.827109 0.000000
0.562042 0.827109 0.000000
0.562042 0.827109 0.000000
0.779421 0.626501 0.000000
0.779421 0.626501 0.000000
0.928175 0.372143 0.000000
0.779421 0.626501 0.000000
0.779421 0.626501 0.000000
0.779421 0.626501 0.000000
0.928175 0.372143 0.000000
0.928175 0.372143 0.000000
0.991684 0.128696 0.000001
0.928175 0.372143 0.000000
0.928175 0.372143 0.000000
0.928175 0.372143 0.000000
0.991684 0.128696 0.000001
0.991684 0.128696 0.000001
0.999999 -0.001065 0.000000
0.991684 0.128696 0.000001
0.991684 0.128696 0.000001
0.991684 0.128696 0.000001
0.999999 -0.001065 0.000000
0.999999 -0.001065 0.000000
-0.991684 0.128696 0.000000
-0.999999 -0.001065 0.000000
-0.991684 0.128696 0.000000
-0.999999 -0.001065 0.000000
-0.991684 0.128696 0.000000
-1.000000 -0.001065 0.000000
-0.928175 0.372144 0.000000
-0.991684 0.128696 0.000000
-0.991684 0.128696 0.000000
-0.991684 0.128696 0.000000
-0.928175 0.372144 0.000000
-0.928175 0.372144 0.000000
-0.779421 0.626501 0.000000
-0.928175 0.372144 0.000000
-0.928175 0.372144 0.000000
-0.928175 0.372144 0.000000
-0.779421 0.626501 0.000000
-0.779421 0.626501 0.000000
-0.562042 0.827109 0.000000
-0.779421 0.626501 0.000000
-0.779421 0.626501 0.000000
-0.779421 0.626501 0.000000
-0.562042 0.827109 0.000000
-0.562042 0.827109 0.000000
-0.294358 0.955695 0.000000
-0.562042 0.827109 0.000000
-0.562042 0.827109 0.000000
-0.562042 0.827109 0.000000
-0.294358 0.955695 0.000000
-0.294358 0.955695 0.000000
0.000000 1.000000 0.000000
-0.294358 0.955695 0.000000
-0.294358 0.955695 0.000000
-0.294358 0.955695 0.000000
0.000000 1.000000 0.000000
0.000000 1.000000 0.000000
0.294358 0.955695 0.000000
0.000000 1.000000 0.000000
0.000000 1.000000 0.000000
0.000000 1.000000 0.000000
0.294358 0.955695 0.000000
0.294358 0.955695 0.000000
0.562042 0.827109 0.000000
0.294358 0.955695 0.000000
0.294358 0.955695 0.000000
0.294358 0.955695 0.000000
0.562042 0.827109 0.000000
0.562042 0.827109 0.000000
0.779421 0.626501 0.000000
0.562042 0.827109 0.000000
0.562042 0.827109 0.000000
0.562042 0.827109 0.000000
0.779421 0.626501 0.000000
0.779421 0.626501 0.000000
0.928175 0.372144 0.000000
0.779421 0.626501 0.000000
0.779421 0.626501 0.000000
0.779421 0.626501 0.000000
0.928175 0.372144 0.000000
0.928175 0.372144 0.000000
0.928175 0.372144 0.000000
0.991684 0.128696 0.000000
0.928175 0.372144 0.000000
0.991684 0.128696 0.000000
0.928175 0.372144 0.000000
0.991684 0.128696 0.000000
0.999999 -0.001065 0.000000
0.991684 0.128696 0.000000
0.991684 0.128696 0.000000
0.991684 0.128696 0.000000
0.999999 -0.001065 0.000000
1.000000 -0.001065 0.000000
-0.999979 -0.006537 0.000000
-0.999999 -0.001065 0.000000
-0.999979 -0.006537 0.000000
-0.999999 -0.001065 0.000000
-0.999999 -0.001065 0.000000
-0.999979 -0.006537 0.000000
0.999979 -0.006537 0.000000
0.999999 -0.001065 0.000000
0.999999 -0.001065 0.000000
0.999999 -0.001065 0.000000
0.999979 -0.006537 0.000000
0.999979 -0.006537 0.000000
-0.999979 -0.006537 0.000000
-0.999999 -0.001065 0.000000
-0.999979 -0.006537 0.000000
-0.999999 -0.001065 0.000000
-1.000000 -0.001065 0.000000
-0.999979 -0.006537 0.000000
0.999979 -0.006537 0.000000
1.000000 -0.001065 0.000000
0.999999 -0.001065 0.000000
1.000000 -0.001065 0.000000
0.999979 -0.006537 0.000000
0.999979 -0.006537 0.000000
-0.999979 -0.006537 0.000000
-0.999924 -0.012347 0.000000
-0.999979 -0.006537 0.000000
-0.999924 -0.012347 0.000000
-0.999979 -0.006537 0.000000
-0.999924 -0.012347 0.000000
0.999979 -0.006537 0.000000
0.999924 -0.012347 0.000000
0.999979 -0.006537 0.000000
0.999924 -0.012347 0.000000
0.999979 -0.006537 0.000000
0.999924 -0.012347 0.000000
-0.999979 -0.006537 0.000000
-0.999924 -0.012347 0.000000
-0.999979 -0.006537 0.000000
-0.999924 -0.012347 0.000000
-0.999979 -0.006537 0.000000
-0.999924 -0.012347 0.000000
0.999979 -0.006537 0.000000
0.999924 -0.012347 0.000000
0.999979 -0.006537 0.000000
0.999924 -0.012347 0.000000
0.999979 -0.006537 0.000000
0.999924 -0.012347 0.000000
-0.024898 -0.999690 0.000000
-0.024898 -0.999690 0.000000
-0.024898 -0.999690 0.000000
-0.024898 -0.999690 0.000000
-0.024898 -0.999690 0.000000
-0.024898 -0.999690 0.000000
0.024898 -0.999690 0.000000
0.024898 -0.999690 0.000000
0.024898 -0.999690 0.000000
0.024898 -0.999690 0.000000
0.024898 -0.999690 0.000000
0.024898 -0.999690 0.000000
-0.024898 -0.999690 0.000000
-0.024898 -0.999690 0.000000
-0.024898 -0.999690 0.000000
-0.024898 -0.999690 0.000000
-0.024898 -0.999690 0.000000
-0.024898 -0.999690 0.000000
0.024898 -0.999690 0.000000
0.024898 -0.999690 0.000000
0.024898 -0.999690 0.000000
0.024898 -0.999690 0.000000
0.024898 -0.999690 0.000000
0.024898 -0.999690 0.000000
-0.927039 0.374964 0.000000
-0.927039 0.374964 0.000000
-0.991262 0.131911 0.000000
-0.991262 0.131911 0.000000
-0.927039 0.374964 0.000000
-0.991262 0.131911 0.000000
-0.777146 0.629320 0.000000
-0.777146 0.629320 0.000000
-0.927039 0.374964 0.000000
-0.927039 0.374964 0.000000
-0.777146 0.629320 0.000000
-0.927039 0.374964 0.000000
-0.559193 0.829038 0.000000
-0.777146 0.629320 0.000000
-0.559193 0.829038 0.000000
-0.777146 0.629320 0.000000
-0.559193 0.829038 0.000000
-0.777146 0.629320 0.000000
-0.292370 0.956305 0.000000
-0.559193 0.829038 0.000000
-0.292369 0.956305 0.000000
-0.559193 0.829038 0.000000
-0.292370 0.956305 0.000000
-0.559193 0.829038 0.000000
0.000000 1.000000 0.000000
0.000000 1.000000 0.000000
-0.292369 0.956305 0.000000
-0.292369 0.956305 0.000000
0.000000 1.000000 0.000000
-0.292370 0.956305 0.000000
0.292370 0.956305 0.000000
0.292370 0.956305 0.000000
0.000000 1.000000 0.000000
0.000000 1.000000 0.000000
0.292370 0.956305 0.000000
0.000000 1.000000 0.000000
0.559193 0.829038 0.000000
0.559193 0.829038 0.000000
0.292370 0.956305 0.000000
0.292370 0.956305 0.000000
0.559193 0.829038 0.000000
0.292370 0.956305 0.000000
0.777146 0.629320 0.000000
0.777146 0.629320 0.000000
0.559193 0.829038 0.000000
0.559193 0.829038 0.000000
0.777146 0.629320 0.000000
0.559193 0.829038 0.000000
0.927039 0.374964 0.000000
0.927039 0.374964 0.000000
0.777146 0.629320 0.000000
0.777146 0.629320 0.000000
0.927039 0.374964 0.000000
0.777146 0.629320 0.000000
0.991262 0.131911 0.000000
0.991262 0.131911 0.000000
0.927039 0.374964 0.000000
0.927039 0.374964 0.000000
0.991262 0.131911 0.000000
0.927039 0.374964 0.000000
-0.927039 0.374964 0.000000
-0.991262 0.131911 0.000000
-0.927039 0.374964 0.000000
-0.991262 0.131911 0.000000
-0.927039 0.374964 0.000000
-0.991262 0.131911 0.000000
-0.777146 0.629320 0.000000
-0.777146 0.629320 0.000000
-0.927039 0.374964 0.000000
-0.927039 0.374964 0.000000
-0.777146 0.629320 0.000000
-0.927039 0.374964 0.000000
-0.559193 0.829038 0.000000
-0.777146 0.629320 0.000000
-0.559193 0.829038 0.000000
-0.777146 0.629320 0.000000
-0.559193 0.829038 0.000000
-0.777146 0.629320 0.000000
-0.292369 0.956305 0.000000
-0.292369 0.956305 0.000000
-0.559193 0.829038 0.000000
-0.559193 0.829038 0.000000
-0.292369 0.956305 0.000000
-0.559193 0.829038 0.000000
0.000000 1.000000 0.000000
0.000000 1.000000 0.000000
-0.292369 0.956305 0.000000
-0.292369 0.956305 0.000000
0.000000 1.000000 0.000000
-0.292369 0.956305 0.000000
0.292370 0.956305 0.000000
0.000000 1.000000 0.000000
0.292369 0.956305 0.000000
0.000000 1.000000 0.000000
0.292370 0.956305 0.000000
0.000000 1.000000 0.000000
0.559193 0.829038 0.000000
0.292369 0.956305 0.000000
0.559193 0.829038 0.000000
0.292369 0.956305 0.000000
0.559193 0.829038 0.000000
0.292370 0.956305 0.000000
0.777146 0.629320 0.000000
0.559193 0.829038 0.000000
0.777146 0.629320 0.000000
0.559193 0.829038 0.000000
0.777146 0.629320 0.000000
0.559193 0.829038 0.000000
0.927039 0.374964 0.000000
0.927039 0.374964 0.000000
0.777146 0.629320 0.000000
0.777146 0.629320 0.000000
0.927039 0.374964 0.000000
0.777146 0.629320 0.000000
0.991262 0.131911 0.000000
0.927039 0.374964 0.000000
0.991262 0.131911 0.000000
0.927039 0.374964 0.000000
0.991262 0.131911 0.000000
0.927039 0.374964 0.000000
-0.927039 0.374964 0.000000
-0.927039 0.374964 0.000000
-0.991262 0.131911 0.000000
-0.991262 0.131911 0.000000
-0.927039 0.374964 0.000000
-0.991262 0.131911 0.000000
-0.777146 0.629320 0.000000
-0.777146 0.629320 0.000000
-0.927039 0.374964 0.000000
-0.927039 0.374964 0.000000
-0.777146 0.629320 0.000000
-0.927039 0.374964 0.000000
-0.559193 0.829038 0.000000
-0.777146 0.629320 0.000000
-0.559193 0.829038 0.000000
-0.777146 0.629320 0.000000
-0.559193 0.829038 0.000000
-0.777146 0.629320 0.000000
-0.292369 0.956305 0.000000
-0.292369 0.956305 0.000000
-0.559193 0.829038 0.000000
-0.559193 0.829038 0.000000
-0.292369 0.956305 0.000000
-0.559193 0.829038 0.000000
-0.000000 1.000000 0.000000
0.000000 1.000000 0.000000
-0.292369 0.956305 0.000000
-0.292369 0.956305 0.000000
0.000000 1.000000 0.000000
-0.292369 0.956305 0.000000
0.292369 0.956305 0.000000
-0.000000 1.000000 0.000000
0.292369 0.956305 0.000000
-0.000000 1.000000 0.000000
0.292369 0.956305 0.000000
0.000000 1.000000 0.000000
0.559193 0.829038 0.000000
0.292369 0.956305 0.000000
0.559193 0.829038 0.000000
0.292369 0.956305 0.000000
0.559193 0.829038 0.000000
0.292369 0.956305 0.000000
0.777146 0.629320 0.000000
0.559193 0.829038 0.000000
0.777146 0.629320 0.000000
0.559193 0.829038 0.000000
0.777146 0.629320 0.000000
0.559193 0.829038 0.000000
0.927039 0.374964 0.000000
0.927039 0.374964 0.000000
0.777146 0.629320 0.000000
0.777146 0.629320 0.000000
0.927039 0.374964 0.000000
0.777146 0.629320 0.000000
0.991262 0.131911 0.000000
0.991262 0.131911 0.000000
0.927039 0.374964 0.000000
0.927039 0.374964 0.000000
0.991262 0.131911 0.000000
0.927039 0.374964 0.000000
-0.927039 0.374964 0.000000
-0.927039 0.374964 0.000000
-0.991262 0.131911 0.000000
-0.991262 0.131911 0.000000
-0.927039 0.374964 0.000000
-0.991262 0.131911 0.000000
-0.777146 0.629320 0.000000
-0.927039 0.374964 0.000000
-0.777146 0.629320 0.000000
-0.927039 0.374964 0.000000
-0.777146 0.629320 0.000000
-0.927039 0.374964 0.000000
-0.559193 0.829038 0.000000
-0.559193 0.829038 0.000000
-0.777146 0.629320 0.000000
-0.777146 0.629320 0.000000
-0.559193 0.829038 0.000000
-0.777146 0.629320 0.000000
-0.292369 0.956306 0.000000
-0.559193 0.829038 0.000000
-0.292370 0.956305 0.000000
-0.559193 0.829038 0.000000
-0.292369 0.956306 0.000000
-0.559193 0.829038 0.000000
0.000000 1.000000 0.000000
0.000000 1.000000 0.000000
-0.292370 0.956305 0.000000
-0.292370 0.956305 0.000000
0.000000 1.000000 0.000000
-0.292369 0.956306 0.000000
0.292370 0.956305 0.000000
0.292369 0.956305 0.000000
0.000000 1.000000 0.000000
0.000000 1.000000 0.000000
0.292369 0.956305 0.000000
0.000000 1.000000 0.000000
0.559193 0.829038 0.000000
0.292370 0.956305 0.000000
0.559193 0.829038 0.000000
0.292370 0.956305 0.000000
0.559193 0.829038 0.000000
0.292369 0.956305 0.000000
0.777146 0.629320 0.000000
0.777146 0.629320 0.000000
0.559193 0.829038 0.000000
0.559193 0.829038 0.000000
0.777146 0.629320 0.000000
0.559193 0.829038 0.000000
0.927039 0.374964 0.000000
0.777146 0.629320 0.000000
0.927039 0.374964 0.000000
0.777146 0.629320 0.000000
0.927039 0.374964 0.000000
0.777146 0.629320 0.000000
0.991262 0.131911 0.000000
0.991262 0.131911 0.000000
0.927039 0.374964 0.000000
0.927039 0.374964 0.000000
0.991262 0.131911 0.000000
0.927039 0.374964 0.000000
-1.000000 0.000399 0.000000
-0.991262 0.131911 0.000000
-1.000000 0.000399 0.000000
-0.991262 0.131911 0.000000
-0.991262 0.131911 0.000000
-1.000000 0.000399 0.000000
1.000000 0.000399 0.000000
0.991262 0.131911 0.000000
0.991262 0.131911 0.000000
0.991262 0.131911 0.000000
1.000000 0.000399 0.000000
1.000000 0.000399 0.000000
-1.000000 0.000399 0.000000
-0.991262 0.131911 0.000000
-1.000000 0.000399 0.000000
-0.991262 0.131911 0.000000
-0.991262 0.131911 0.000000
-1.000000 0.000399 0.000000
1.000000 0.000399 0.000000
0.991262 0.131911 0.000000
0.991262 0.131911 0.000000
0.991262 0.131911 0.000000
1.000000 0.000399 0.000000
1.000000 0.000399 0.000000
-1.000000 0.000399 0.000000
-0.991262 0.131911 0.000000
-1.000000 0.000399 0.000000
-0.991262 0.131911 0.000000
-0.991262 0.131911 0.000000
-1.000000 0.000399 0.000000
1.000000 0.000399 0.000000
0.991262 0.131911 0.000000
0.991262 0.131911 0.000000
0.991262 0.131911 0.000000
1.000000 0.000399 0.000000
1.000000 0.000399 0.000000
-1.000000 0.000399 0.000000
-0.991262 0.131911 0.000000
-1.000000 0.000399 0.000000
-0.991262 0.131911 0.000000
-0.991262 0.131911 0.000000
-1.000000 0.000399 0.000000
1.000000 0.000399 0.000000
0.991262 0.131911 0.000000
0.991262 0.131911 0.000000
0.991262 0.131911 0.000000
1.000000 0.000399 0.000000
1.000000 0.000399 0.000000
-0.999878 -0.015616 0.000000
-1.000000 0.000399 0.000000
-0.999878 -0.015616 0.000000
-1.000000 0.000399 0.000000
-1.000000 0.000399 0.000000
-0.999878 -0.015616 0.000000
0.999878 -0.015616 0.000000
1.000000 0.000399 0.000000
1.000000 0.000399 0.000000
1.000000 0.000399 0.000000
0.999878 -0.015616 0.000000
0.999878 -0.015616 0.000000
-0.999878 -0.015616 0.000000
-1.000000 0.000399 0.000000
-0.999878 -0.015616 0.000000
-1.000000 0.000399 0.000000
-1.000000 0.000399 0.000000
-0.999878 -0.015616 0.000000
0.999878 -0.015616 0.000000
1.000000 0.000399 0.000000
1.000000 0.000399 0.000000
1.000000 0.000399 0.000000
0.999878 -0.015616 0.000000
0.999878 -0.015616 0.000000
-0.999878 -0.015616 0.000000
-1.000000 0.000399 0.000000
-0.999878 -0.015616 0.000000
-1.000000 0.000399 0.000000
-1.000000 0.000399 0.000000
-0.999878 -0.015616 0.000000
0.999878 -0.015616 0.000000
1.000000 0.000399 0.000000
1.000000 0.000399 0.000000
1.000000 0.000399 0.000000
0.999878 -0.015616 0.000000
0.999878 -0.015616 0.000000
-0.999878 -0.015616 0.000000
-1.000000 0.000399 0.000000
-0.999878 -0.015616 0.000000
-1.000000 0.000399 0.000000
-1.000000 0.000399 0.000000
-0.999878 -0.015616 0.000000
0.999878 -0.015616 0.000000
1.000000 0.000399 0.000000
1.000000 0.000399 0.000000
1.000000 0.000399 0.000000
0.999878 -0.015616 0.000000
0.999878 -0.015616 0.000000
-0.999584 -0.028832 0.000000
-0.999878 -0.015616 0.000000
-0.999584 -0.028832 0.000000
-0.999878 -0.015616 0.000000
-0.999878 -0.015616 0.000000
-0.999584 -0.028832 0.000000
0.999584 -0.028832 0.000000
0.999878 -0.015616 0.000000
0.999878 -0.015616 0.000000
0.999878 -0.015616 0.000000
0.999584 -0.028832 0.000000
0.999584 -0.028832 0.000000
-0.999584 -0.028832 0.000000
-0.999878 -0.015616 0.000000
-0.999584 -0.028832 0.000000
-0.999878 -0.015616 0.000000
-0.999878 -0.015616 0.000000
-0.999584 -0.028832 0.000000
0.999584 -0.028832 0.000000
0.999878 -0.015616 0.000000
0.999878 -0.015616 0.000000
0.999878 -0.015616 0.000000
0.999584 -0.028832 0.000000
0.999584 -0.028832 0.000000
-0.999584 -0.028832 0.000000
-0.999878 -0.015616 0.000000
-0.999584 -0.028832 0.000000
-0.999878 -0.015616 0.000000
-0.999878 -0.015616 0.000000
-0.999584 -0.028832 0.000000
0.999584 -0.028832 0.000000
0.999878 -0.015616 0.000000
0.999878 -0.015616 0.000000
0.999878 -0.015616 0.000000
0.999584 -0.028832 0.000000
0.999584 -0.028832 0.000000
-0.999584 -0.028832 0.000000
-0.999878 -0.015616 0.000000
-0.999584 -0.028832 0.000000
-0.999878 -0.015616 0.000000
-0.999878 -0.015616 0.000000
-0.999584 -0.028832 0.000000
0.999584 -0.028832 0.000000
0.999878 -0.015616 0.000000
0.999878 -0.015616 0.000000
0.999878 -0.015616 0.000000
0.999584 -0.028832 0.000000
0.999584 -0.028832 0.000000
-0.057740 -0.998332 0.000000
-0.057740 -0.998332 0.000000
-0.057740 -0.998332 0.000000
-0.057740 -0.998332 0.000000
-0.057740 -0.998332 0.000000
-0.057740 -0.998332 0.000000
0.057740 -0.998332 0.000000
0.057740 -0.998332 0.000000
0.057740 -0.998332 0.000000
0.057740 -0.998332 0.000000
0.057740 -0.998332 0.000000
0.057740 -0.998332 0.000000
-0.057740 -0.998332 0.000000
-0.057740 -0.998332 0.000000
-0.057740 -0.998332 0.000000
-0.057740 -0.998332 0.000000
-0.057740 -0.998332 0.000000
-0.057740 -0.998332 0.000000
0.057740 -0.998332 0.000000
0.057740 -0.998332 0.000000
0.057740 -0.998332 0.000000
0.057740 -0.998332 0.000000
0.057740 -0.998332 0.000000
0.057740 -0.998332 0.000000
-0.057740 -0.998332 0.000000
-0.057740 -0.998332 0.000000
-0.057740 -0.998332 0.000000
-0.057740 -0.998332 0.000000
-0.057740 -0.998332 0.000000
-0.057740 -0.998332 0.000000
0.057740 -0.998332 0.000000
0.057740 -0.998332 0.000000
0.057740 -0.998332 0.000000
0.057740 -0.998332 0.000000
0.057740 -0.998332 0.000000
0.057740 -0.998332 0.000000
-0.057740 -0.998332 0.000000
-0.057740 -0.998332 0.000000
-0.057740 -0.998332 0.000000
-0.057740 -0.998332 0.000000
-0.057740 -0.998332 0.000000
-0.057740 -0.998332 0.000000
0.057740 -0.998332 0.000000
0.057740 -0.998332 0.000000
0.057740 -0.998332 0.000000
0.057740 -0.998332 0.000000
0.057740 -0.998332 0.000000
0.057740 -0.998332 0.000000
-0.129571 0.000742 -0.991570
-0.134855 0.017216 -0.990716
-0.135478 0.020334 -0.990572
-0.134855 0.017216 -0.990716
-0.129571 0.000742 -0.991570
-0.128738 0.000533 -0.991678
-0.134855 0.017216 0.990716
-0.129571 0.000742 0.991570
-0.135478 0.020334 0.990572
-0.129571 0.000742 0.991570
-0.134855 0.017216 0.990716
-0.128739 0.000533 0.991678
-0.132259 0.052025 0.989849
-0.135478 0.020334 0.990572
-0.131506 0.054450 0.989819
-0.135478 0.020334 0.990572
-0.132259 0.052025 0.989849
-0.134855 0.017216 0.990716
-0.132259 0.052025 -0.989849
-0.135478 0.020334 -0.990572
-0.134855 0.017216 -0.990716
-0.135478 0.020334 -0.990572
-0.132259 0.052025 -0.989849
-0.131506 0.054450 -0.989819
-0.131506 0.054450 0.989819
-0.111547 0.090891 0.989594
-0.112483 0.089739 0.989593
-0.131506 0.054450 0.989819
-0.112483 0.089739 0.989593
-0.132259 0.052025 0.989849
-0.112484 0.089739 -0.989593
-0.131506 0.054450 -0.989819
-0.132259 0.052025 -0.989849
-0.131506 0.054450 -0.989819
-0.112484 0.089739 -0.989593
-0.111548 0.090892 -0.989594
-0.080564 0.118389 0.989694
-0.112483 0.089739 0.989593
-0.111547 0.090891 0.989594
-0.111547 0.090891 0.989594
-0.080000 0.118748 0.989696
-0.080564 0.118389 0.989694
-0.080565 0.118390 -0.989694
-0.111548 0.090892 -0.989594
-0.112484 0.089739 -0.989593
-0.111548 0.090892 -0.989594
-0.080565 0.118390 -0.989694
-0.080000 0.118748 -0.989696
-0.041774 0.135777 0.989859
-0.080564 0.118389 0.989694
-0.080000 0.118748 0.989696
-0.080000 0.118748 0.989696
-0.041566 0.135835 0.989859
-0.041774 0.135777 0.989859
-0.041774 0.135777 -0.989858
-0.080000 0.118748 -0.989696
-0.080565 0.118390 -0.989694
-0.080000 0.118748 -0.989696
-0.041774 0.135777 -0.989858
-0.041566 0.135835 -0.989859
0.000000 0.141546 0.989932
-0.041774 0.135777 0.989859
-0.041566 0.135835 0.989859
0.000000 0.141546 0.989932
-0.041566 0.135835 0.989859
0.000000 0.141546 0.989932
-0.041566 0.135835 -0.989859
0.000000 0.141546 -0.989932
0.000000 0.141546 -0.989932
0.000000 0.141546 -0.989932
-0.041566 0.135835 -0.989859
-0.041774 0.135777 -0.989858
0.000000 0.141546 0.989932
0.041566 0.135835 0.989859
0.041774 0.135777 0.989858
0.041566 0.135835 0.989859
0.000000 0.141546 0.989932
0.000000 0.141546 0.989932
0.000000 0.141546 -0.989932
0.041566 0.135836 -0.989859
0.000000 0.141546 -0.989932
0.041566 0.135836 -0.989859
0.000000 0.141546 -0.989932
0.041774 0.135777 -0.989858
0.041774 0.135777 0.989858
0.080000 0.118748 0.989697
0.080564 0.118389 0.989694
0.080000 0.118748 0.989697
0.041774 0.135777 0.989858
0.041566 0.135835 0.989859
0.041774 0.135777 -0.989858
0.080000 0.118748 -0.989696
0.041566 0.135836 -0.989859
0.080000 0.118748 -0.989696
0.041774 0.135777 -0.989858
0.080565 0.118389 -0.989693
0.111547 0.090891 0.989594
0.080564 0.118389 0.989694
0.080000 0.118748 0.989697
0.080564 0.118389 0.989694
0.111547 0.090891 0.989594
0.112483 0.089739 0.989593
0.080565 0.118389 -0.989693
0.112483 0.089739 -0.989593
0.111548 0.090892 -0.989594
0.080565 0.118389 -0.989693
0.111548 0.090892 -0.989594
0.080000 0.118748 -0.989696
0.131506 0.054450 0.989819
0.112483 0.089739 0.989593
0.111547 0.090891 0.989594
0.112483 0.089739 0.989593
0.131506 0.054450 0.989819
0.132260 0.052026 0.989849
0.112483 0.089739 -0.989593
0.132259 0.052025 -0.989849
0.131506 0.054450 -0.989819
0.112483 0.089739 -0.989593
0.131506 0.054450 -0.989819
0.111548 0.090892 -0.989594
0.132260 0.052026 0.989849
0.135479 0.020334 0.990572
0.134856 0.017216 0.990716
0.135479 0.020334 0.990572
0.132260 0.052026 0.989849
0.131506 0.054450 0.989819
0.132259 0.052025 -0.989849
0.134855 0.017216 -0.990716
0.135478 0.020334 -0.990572
0.135478 0.020334 -0.990572
0.131506 0.054450 -0.989819
0.132259 0.052025 -0.989849
0.134856 0.017216 0.990716
0.129572 0.000742 0.991570
0.128740 0.000533 0.991678
0.129572 0.000742 0.991570
0.134856 0.017216 0.990716
0.135479 0.020334 0.990572
0.134855 0.017216 -0.990716
0.128739 0.000533 -0.991678
0.129571 0.000742 -0.991570
0.129571 0.000742 -0.991570
0.135478 0.020334 -0.990572
0.134855 0.017216 -0.990716
-0.136966 -0.002878 -0.990571
-0.128738 0.000533 -0.991678
-0.129571 0.000742 -0.991570
-0.128738 0.000533 -0.991678
-0.136966 -0.002878 -0.990571
-0.144190 -0.004890 -0.989538
-0.128739 0.000533 0.991678
-0.136967 -0.002878 0.990571
-0.129571 0.000742 0.991570
-0.128739 0.000533 0.991678
-0.144191 -0.004890 0.989538
-0.136967 -0.002878 0.990571
0.128740 0.000533 0.991678
0.136967 -0.002878 0.990571
0.144191 -0.004890 0.989538
0.136967 -0.002878 0.990571
0.128740 0.000533 0.991678
0.129572 0.000742 0.991570
0.128739 0.000533 -0.991678
0.144191 -0.004890 -0.989538
0.136967 -0.002878 -0.990571
0.136967 -0.002878 -0.990571
0.129571 0.000742 -0.991570
0.128739 0.000533 -0.991678
-0.093444 -0.028708 -0.995211
-0.144190 -0.004890 -0.989538
-0.136966 -0.002878 -0.990571
-0.144190 -0.004890 -0.989538
-0.093444 -0.028708 -0.995211
-0.090178 -0.029862 -0.995478
-0.144191 -0.004890 0.989538
-0.093444 -0.028707 0.995211
-0.136967 -0.002878 0.990571
-0.144191 -0.004890 0.989538
-0.090178 -0.029862 0.995478
-0.093444 -0.028707 0.995211
0.144191 -0.004890 0.989538
0.093444 -0.028707 0.995211
0.090178 -0.029862 0.995478
0.093444 -0.028707 0.995211
0.144191 -0.004890 0.989538
0.136967 -0.002878 0.990571
0.144191 -0.004890 -0.989538
0.090178 -0.029862 -0.995478
0.093444 -0.028707 -0.995211
0.093444 -0.028707 -0.995211
0.136967 -0.002878 -0.990571
0.144191 -0.004890 -0.989538
0.057585 -0.081332 -0.995022
-0.090178 -0.029862 -0.995478
-0.093444 -0.028708 -0.995211
-0.093444 -0.028708 -0.995211
0.057585 -0.081332 -0.995022
0.057585 -0.081332 -0.995022
0.682847 -0.730562 0.000000
0.682847 -0.730562 0.000000
0.682847 -0.730562 0.000000
0.682847 -0.730562 0.000000
0.682847 -0.730562 0.000000
0.682847 -0.730562 0.000000
-0.093444 -0.028707 0.995211
0.057585 -0.081331 0.995022
0.057585 -0.081331 0.995022
0.057585 -0.081331 0.995022
-0.093444 -0.028707 0.995211
-0.090178 -0.029862 0.995478
-0.057585 -0.081331 0.995022
0.093444 -0.028707 0.995211
-0.057585 -0.081331 0.995022
0.093444 -0.028707 0.995211
-0.057585 -0.081331 0.995022
0.090178 -0.029862 0.995478
-0.682846 -0.730563 0.000000
-0.682846 -0.730563 0.000000
-0.682846 -0.730563 0.000000
-0.682846 -0.730563 0.000000
-0.682846 -0.730562 0.000000
-0.682846 -0.730563 0.000000
-0.057585 -0.081332 -0.995022
0.093444 -0.028707 -0.995211
0.090178 -0.029862 -0.995478
0.093444 -0.028707 -0.995211
-0.057585 -0.081332 -0.995022
-0.057585 -0.081332 -0.995022
-0.129570 0.000742 -0.991570
-0.134854 0.017216 -0.990716
-0.135477 0.020334 -0.990572
-0.134854 0.017216 -0.990716
-0.129570 0.000742 -0.991570
-0.128738 0.000533 -0.991678
-0.134853 0.017216 0.990716
-0.129571 0.000742 0.991570
-0.135476 0.020334 0.990572
-0.129571 0.000742 0.991570
-0.134853 0.017216 0.990716
-0.128739 0.000533 0.991678
-0.132258 0.052025 0.989849
-0.135476 0.020334 0.990572
-0.131505 0.054449 0.989819
-0.135476 0.020334 0.990572
-0.132258 0.052025 0.989849
-0.134853 0.017216 0.990716
-0.132259 0.052025 -0.989849
-0.135477 0.020334 -0.990572
-0.134854 0.017216 -0.990716
-0.135477 0.020334 -0.990572
-0.132259 0.052025 -0.989849
-0.131505 0.054449 -0.989819
-0.131505 0.054449 0.989819
-0.111547 0.090890 0.989594
-0.112483 0.089738 0.989593
-0.131505 0.054449 0.989819
-0.112483 0.089738 0.989593
-0.132258 0.052025 0.989849
-0.112483 0.089738 -0.989593
-0.131505 0.054449 -0.989819
-0.132259 0.052025 -0.989849
-0.131505 0.054449 -0.989819
-0.112483 0.089738 -0.989593
-0.111547 0.090890 -0.989594
-0.080563 0.118388 0.989694
-0.112483 0.089738 0.989593
-0.111547 0.090890 0.989594
-0.111547 0.090890 0.989594
-0.079998 0.118746 0.989697
-0.080563 0.118388 0.989694
-0.080563 0.118388 -0.989694
-0.111547 0.090890 -0.989594
-0.112483 0.089738 -0.989593
-0.111547 0.090890 -0.989594
-0.080563 0.118388 -0.989694
-0.079999 0.118746 -0.989697
-0.041773 0.135775 0.989859
-0.080563 0.118388 0.989694
-0.079998 0.118746 0.989697
-0.079998 0.118746 0.989697
-0.041565 0.135833 0.989859
-0.041773 0.135775 0.989859
-0.041773 0.135775 -0.989859
-0.079999 0.118746 -0.989697
-0.080563 0.118388 -0.989694
-0.079999 0.118746 -0.989697
-0.041773 0.135775 -0.989859
-0.041565 0.135834 -0.989859
0.000000 0.141544 0.989932
-0.041773 0.135775 0.989859
-0.041565 0.135833 0.989859
0.000000 0.141544 0.989932
-0.041565 0.135833 0.989859
0.000000 0.141544 0.989932
-0.041565 0.135834 -0.989859
0.000000 0.141544 -0.989932
0.000000 0.141544 -0.989932
0.000000 0.141544 -0.989932
-0.041565 0.135834 -0.989859
-0.041773 0.135775 -0.989859
0.000000 0.141544 0.989932
0.041565 0.135834 0.989859
0.041773 0.135775 0.989859
0.041565 0.135834 0.989859
0.000000 0.141544 0.989932
0.000000 0.141544 0.989932
0.000000 0.141544 -0.989932
0.041565 0.135834 -0.989859
0.000000 0.141544 -0.989932
0.041565 0.135834 -0.989859
0.000000 0.141544 -0.989932
0.041773 0.135775 -0.989859
0.041773 0.135775 0.989859
0.079999 0.118747 0.989697
0.080563 0.118388 0.989694
0.079999 0.118747 0.989697
0.041773 0.135775 0.989859
0.041565 0.135834 0.989859
0.041773 0.135775 -0.989859
0.079999 0.118746 -0.989697
0.041565 0.135834 -0.989859
0.079999 0.118746 -0.989697
0.041773 0.135775 -0.989859
0.080563 0.118388 -0.989694
0.111547 0.090890 0.989594
0.080563 0.118388 0.989694
0.079999 0.118747 0.989697
0.080563 0.118388 0.989694
0.111547 0.090890 0.989594
0.112483 0.089738 0.989593
0.080563 0.118388 -0.989694
0.112482 0.089737 -0.989593
0.111546 0.090890 -0.989594
0.080563 0.118388 -0.989694
0.111546 0.090890 -0.989594
0.079999 0.118746 -0.989697
0.131504 0.054449 0.989819
0.112483 0.089738 0.989593
0.111547 0.090890 0.989594
0.112483 0.089738 0.989593
0.131504 0.054449 0.989819
0.132257 0.052025 0.989849
0.112482 0.089737 -0.989593
0.132258 0.052025 -0.989849
0.131504 0.054449 -0.989819
0.112482 0.089737 -0.989593
0.131504 0.054449 -0.989819
0.111546 0.090890 -0.989594
0.132257 0.052025 0.989849
0.135476 0.020334 0.990572
0.134853 0.017216 0.990716
0.135476 0.020334 0.990572
0.132257 0.052025 0.989849
0.131504 0.054449 0.989819
0.132258 0.052025 -0.989849
0.134854 0.017216 -0.990716
0.135477 0.020334 -0.990572
0.135477 0.020334 -0.990572
0.131504 0.054449 -0.989819
0.132258 0.052025 -0.989849
0.134853 0.017216 0.990716
0.129572 0.000742 0.991570
0.128740 0.000533 0.991678
0.129572 0.000742 0.991570
0.134853 0.017216 0.990716
0.135476 0.020334 0.990572
0.134854 0.017216 -0.990716
0.128738 0.000533 -0.991679
0.129570 0.000742 -0.991570
0.129570 0.000742 -0.991570
0.135477 0.020334 -0.990572
0.134854 0.017216 -0.990716
-0.136966 -0.002878 -0.990572
-0.128738 0.000533 -0.991678
-0.129570 0.000742 -0.991570
-0.128738 0.000533 -0.991678
-0.136966 -0.002878 -0.990572
-0.144189 -0.004890 -0.989538
-0.128739 0.000533 0.991678
-0.136967 -0.002878 0.990571
-0.129571 0.000742 0.991570
-0.128739 0.000533 0.991678
-0.144190 -0.004890 0.989538
-0.136967 -0.002878 0.990571
0.128740 0.000533 0.991678
0.136968 -0.002878 0.990571
0.144191 -0.004890 0.989538
0.136968 -0.002878 0.990571
0.128740 0.000533 0.991678
0.129572 0.000742 0.991570
0.128738 0.000533 -0.991679
0.144189 -0.004890 -0.989538
0.136965 -0.002878 -0.990572
0.136965 -0.002878 -0.990572
0.129570 0.000742 -0.991570
0.128738 0.000533 -0.991679
-0.093443 -0.028707 -0.995211
-0.144189 -0.004890 -0.989538
-0.136966 -0.002878 -0.990572
-0.144189 -0.004890 -0.989538
-0.093443 -0.028707 -0.995211
-0.090177 -0.029862 -0.995478
-0.144190 -0.004890 0.989538
-0.093443 -0.028707 0.995211
-0.136967 -0.002878 0.990571
-0.144190 -0.004890 0.989538
-0.090178 -0.029862 0.995478
-0.093443 -0.028707 0.995211
0.144191 -0.004890 0.989538
0.093444 -0.028707 0.995211
0.090178 -0.029862 0.995478
0.093444 -0.028707 0.995211
0.144191 -0.004890 0.989538
0.136968 -0.002878 0.990571
0.144189 -0.004890 -0.989538
0.090176 -0.029862 -0.995478
0.093443 -0.028707 -0.995211
0.093443 -0.028707 -0.995211
0.136965 -0.002878 -0.990572
0.144189 -0.004890 -0.989538
0.057584 -0.081330 -0.995022
-0.090177 -0.029862 -0.995478
-0.093443 -0.028707 -0.995211
-0.093443 -0.028707 -0.995211
0.057584 -0.081330 -0.995022
0.057584 -0.081330 -0.995022
0.682847 -0.730562 0.000000
0.682847 -0.730562 0.000000
0.682847 -0.730562 0.000000
0.682847 -0.730562 0.000000
0.682847 -0.730562 0.000000
0.682847 -0.730562 0.000000
-0.093443 -0.028707 0.995211
0.057585 -0.081330 0.995022
0.057585 -0.081330 0.995022
0.057585 -0.081330 0.995022
-0.093443 -0.028707 0.995211
-0.090178 -0.029862 0.995478
-0.057585 -0.081330 0.995022
0.093444 -0.028707 0.995211
-0.057585 -0.081330 0.995022
0.093444 -0.028707 0.995211
-0.057585 -0.081330 0.995022
0.090178 -0.029862 0.995478
-0.682846 -0.730562 0.000000
-0.682846 -0.730562 0.000000
-0.682846 -0.730562 0.000000
-0.682846 -0.730562 0.000000
-0.682846 -0.730562 0.000000
-0.682846 -0.730562 0.000000
-0.057584 -0.081330 -0.995022
0.093443 -0.028707 -0.995211
0.090176 -0.029862 -0.995478
0.093443 -0.028707 -0.995211
-0.057584 -0.081330 -0.995022
-0.057584 -0.081330 -0.995022
0.000000 -1.000000 0.000000
0.000000 -1.000000 0.000000
0.000000 -1.000000 0.000000
0.000000 -1.000000 0.000000
0.000000 -1.000000 0.000000
0.000000 -1.000000 0.000000
0.000000 -1.000000 0.000000
0.000000 -1.000000 0.000000
0.000000 -1.000000 0.000000
0.000000 -1.000000 0.000000
0.000000 -1.000000 0.000000
0.000000 -1.000000 0.000000
0.000000 -1.000000 0.000000
0.000000 -1.000000 0.000000
0.000000 -1.000000 0.000000
0.000000 -1.000000 0.000000
0.000000 -1.000000 0.000000
0.000000 -1.000000 0.000000
0.000000 -1.000000 0.000000
0.000000 -1.000000 0.000000
0.000000 -1.000000 0.000000
0.000000 -1.000000 0.000000
0.000000 -1.000000 0.000000
0.000000 -1.000000 0.000000
0.000000 -1.000000 0.000000
0.000000 -1.000000 0.000000
0.000000 -1.000000 0.000000
0.000000 -1.000000 0.000000
0.000000 -1.000000 0.000000
0.000000 -1.000000 0.000000
0.000000 -1.000000 0.000000
0.000000 -1.000000 0.000000
0.000000 -1.000000 0.000000
0.000000 -1.000000 0.000000
0.000000 -1.000000 0.000000
0.000000 -1.000000 0.000000
0.000000 -1.000000 0.000000
0.000000 -1.000000 0.000000
0.000000 -1.000000 0.000000
0.000000 -1.000000 0.000000
0.000000 -1.000000 0.000000
0.000000 -1.000000 0.000000
0.000000 -1.000000 0.000000
0.000000 -1.000000 0.000000
0.000000 -1.000000 0.000000
0.000000 -1.000000 0.000000
0.000000 -1.000000 0.000000
0.000000 -1.000000 0.000000
0.000000 -1.000000 0.000000
0.000000 -1.000000 0.000000
0.000000 -1.000000 0.000000
0.000000 -1.000000 0.000000
0.000000 -1.000000 0.000000
0.000000 -1.000000 0.000000
0.000000 -1.000000 0.000000
0.000000 -1.000000 0.000000
0.000000 -1.000000 0.000000
0.000000 -1.000000 0.000000
0.000000 -1.000000 0.000000
0.000000 -1.000000 0.000000
0.000000 -1.000000 0.000000
0.000000 -1.000000 0.000000
0.000000 -1.000000 0.000000
0.000000 -1.000000 0.000000
0.000000 -1.000000 0.000000
0.000000 -1.000000 0.000000
0.000000 -1.000000 0.000000
0.000000 -1.000000 0.000000
0.000000 -1.000000 0.000000
0.000000 -1.000000 0.000000
0.000000 -1.000000 0.000000
0.000000 -1.000000 0.000000
-0.000000 0.000000 -1.000000
-0.000000 0.000000 -1.000000
-0.000000 0.000000 -1.000000
-0.000000 0.000000 -1.000000
-0.000000 0.000000 -1.000000
-0.000000 0.000000 -1.000000
-0.000000 0.000000 -1.000000
-0.000000 0.000000 -1.000000
-0.000000 0.000000 -1.000000
-0.000000 0.000000 -1.000000
-0.000000 0.000000 -1.000000
-0.000000 0.000000 -1.000000
-0.000000 0.000000 -1.000000
-0.000000 0.000000 -1.000000
-0.000000 0.000000 -1.000000
-0.000000 0.000000 -1.000000
-0.000000 0.000000 -1.000000
-0.000000 0.000000 -1.000000
-0.000000 0.000000 -1.000000
-0.000000 0.000000 -1.000000
-0.000000 0.000000 -1.000000
-0.000000 0.000000 -1.000000
-0.000000 0.000000 -1.000000
-0.000000 0.000000 -1.000000
-0.000000 0.000000 -1.000000
-0.000000 0.000000 -1.000000
-0.000000 0.000000 -1.000000
-0.000000 0.000000 -1.000000
-0.000000 0.000000 -1.000000
-0.000000 0.000000 -1.000000
-0.000000 0.000000 -1.000000
-0.000000 0.000000 -1.000000
-0.000000 0.000000 -1.000000
-0.000000 0.000000 -1.000000
-0.000000 0.000000 -1.000000
-0.000000 0.000000 -1.000000
-0.000000 0.000000 -1.000000
-0.000000 0.000000 -1.000000
-0.000000 0.000000 -1.000000
-0.000000 0.000000 -1.000000
-0.000000 0.000000 -1.000000
-0.000000 0.000000 -1.000000
-0.000000 0.000000 -1.000000
-0.000000 0.000000 -1.000000
-0.000000 0.000000 -1.000000
-0.000000 0.000000 -1.000000
-0.000000 0.000000 -1.000000
-0.000000 0.000000 -1.000000
-0.000000 0.000000 -1.000000
-0.000000 0.000000 -1.000000
-0.000000 0.000000 -1.000000
-0.690621 0.165939 0.703923
-0.690621 0.165939 0.703923
-0.690621 0.165939 0.703923
-0.690621 0.165939 0.703923
-0.690621 0.165939 0.703923
-0.690621 0.165939 0.703923
-0.612616 0.360859 0.703195
-0.612616 0.360859 0.703195
-0.612616 0.360859 0.703195
-0.612616 0.360859 0.703195
-0.612616 0.360859 0.703195
-0.612616 0.360859 0.703195
-0.480343 0.524199 0.703197
-0.480343 0.524199 0.703197
-0.480343 0.524199 0.703197
-0.480343 0.524199 0.703197
-0.480343 0.524199 0.703197
-0.480343 0.524199 0.703197
-0.306092 0.641740 0.703191
-0.306092 0.641740 0.703191
-0.306092 0.641740 0.703191
-0.306092 0.641740 0.703191
-0.306092 0.641740 0.703191
-0.306092 0.641740 0.703191
-0.105093 0.703198 0.703184
-0.105093 0.703198 0.703184
-0.105093 0.703198 0.703184
-0.105093 0.703198 0.703184
-0.105093 0.703198 0.703184
-0.105093 0.703199 0.703184
0.105093 0.703196 0.703186
0.105093 0.703196 0.703186
0.105093 0.703196 0.703186
0.105093 0.703196 0.703186
0.105093 0.703196 0.703186
0.105093 0.703196 0.703186
0.306093 0.641742 0.703189
0.306093 0.641742 0.703189
0.306093 0.641742 0.703189
0.306093 0.641742 0.703189
0.306093 0.641742 0.703189
0.306093 0.641742 0.703189
0.480343 0.524200 0.703196
0.480343 0.524200 0.703196
0.480343 0.524200 0.703196
0.480343 0.524200 0.703196
0.480343 0.524200 0.703196
0.480343 0.524200 0.703196
0.612618 0.360860 0.703192
0.612618 0.360860 0.703192
0.612618 0.360860 0.703192
0.612618 0.360860 0.703192
0.612618 0.360860 0.703192
0.612618 0.360860 0.703192
0.690621 0.165939 0.703923
0.690621 0.165939 0.703923
0.690621 0.165939 0.703923
0.690621 0.165939 0.703923
0.690621 0.165939 0.703923
0.690621 0.165939 0.703923
-0.708322 0.000281 0.705889
-0.708322 0.000281 0.705889
-0.708322 0.000281 0.705889
-0.708322 0.000281 0.705889
-0.708322 0.000281 0.705889
-0.708322 0.000281 0.705889
0.708323 0.000281 0.705888
0.708323 0.000281 0.705888
0.708323 0.000281 0.705888
0.708323 0.000281 0.705888
0.708323 0.000281 0.705888
0.708323 0.000281 0.705888
-0.707103 0.000000 0.707110
-0.707103 0.000000 0.707110
-0.707103 0.000000 0.707110
-0.707103 0.000000 0.707110
-0.707103 0.000000 0.707110
-0.707103 0.000000 0.707110
0.707105 0.000000 0.707108
0.707105 0.000000 0.707108
0.707105 0.000000 0.707108
0.707105 0.000000 0.707108
0.707105 0.000000 0.707108
0.707105 0.000000 0.707108
-0.758570 -0.011334 0.651493
-0.758570 -0.011334 0.651493
-0.758570 -0.011334 0.651493
-0.758570 -0.011334 0.651493
-0.758570 -0.011334 0.651493
-0.758570 -0.011334 0.651493
0.758571 -0.011334 0.651492
0.758571 -0.011334 0.651492
0.758571 -0.011334 0.651492
0.758571 -0.011334 0.651492
0.758571 -0.011334 0.651492
0.758571 -0.011334 0.651492
-0.023512 -0.756275 0.653832
-0.023512 -0.756275 0.653832
-0.023512 -0.756275 0.653832
-0.023512 -0.756275 0.653832
-0.023512 -0.756275 0.653832
-0.023512 -0.756274 0.653832
0.023512 -0.756274 0.653833
0.023512 -0.756274 0.653833
0.023512 -0.756274 0.653833
0.023512 -0.756274 0.653833
0.023512 -0.756274 0.653833
0.023512 -0.756274 0.653833
0.690624 -0.165939 -0.703920
0.690624 -0.165939 -0.703920
0.690624 -0.165939 -0.703920
0.690624 -0.165939 -0.703920
0.690624 -0.165939 -0.703920
0.690624 -0.165939 -0.703920
0.612618 -0.360860 -0.703191
0.612619 -0.360861 -0.703191
0.612619 -0.360861 -0.703191
0.612619 -0.360861 -0.703191
0.612618 -0.360860 -0.703191
0.612619 -0.360861 -0.703191
0.480345 -0.524202 -0.703194
0.480345 -0.524202 -0.703194
0.480345 -0.524202 -0.703194
0.480345 -0.524202 -0.703194
0.480345 -0.524202 -0.703194
0.480345 -0.524202 -0.703194
0.306093 -0.641743 -0.703187
0.306093 -0.641743 -0.703187
0.306093 -0.641743 -0.703187
0.306093 -0.641743 -0.703187
0.306093 -0.641743 -0.703187
0.306093 -0.641743 -0.703187
0.105094 -0.703201 -0.703182
0.105094 -0.703201 -0.703181
0.105094 -0.703201 -0.703181
0.105094 -0.703201 -0.703181
0.105094 -0.703201 -0.703182
0.105094 -0.703201 -0.703181
-0.105093 -0.703194 -0.703188
-0.105093 -0.703194 -0.703188
-0.105093 -0.703194 -0.703188
-0.105093 -0.703194 -0.703188
-0.105093 -0.703194 -0.703188
-0.105093 -0.703194 -0.703188
-0.306093 -0.641742 -0.703188
-0.306093 -0.641742 -0.703188
-0.306093 -0.641742 -0.703188
-0.306093 -0.641742 -0.703188
-0.306093 -0.641742 -0.703188
-0.306093 -0.641742 -0.703188
-0.480344 -0.524201 -0.703195
-0.480344 -0.524201 -0.703195
-0.480344 -0.524201 -0.703195
-0.480344 -0.524201 -0.703195
-0.480344 -0.524201 -0.703195
-0.480344 -0.524201 -0.703195
-0.612619 -0.360861 -0.703191
-0.612619 -0.360861 -0.703191
-0.612619 -0.360861 -0.703191
-0.612619 -0.360861 -0.703191
-0.612619 -0.360861 -0.703191
-0.612619 -0.360861 -0.703191
-0.690623 -0.165939 -0.703920
-0.690623 -0.165939 -0.703920
-0.690623 -0.165939 -0.703920
-0.690623 -0.165939 -0.703920
-0.690623 -0.165939 -0.703920
-0.690623 -0.165939 -0.703920
0.708325 -0.000281 -0.705887
0.708325 -0.000281 -0.705887
0.708325 -0.000281 -0.705887
0.708325 -0.000281 -0.705887
0.708325 -0.000281 -0.705887
0.708325 -0.000281 -0.705887
-0.708326 -0.000282 -0.705886
-0.708326 -0.000282 -0.705886
-0.708326 -0.000282 -0.705886
-0.708326 -0.000282 -0.705886
-0.708326 -0.000282 -0.705886
-0.708326 -0.000282 -0.705885
0.707106 0.000000 -0.707107
0.707106 0.000000 -0.707107
0.707106 0.000000 -0.707107
0.707106 0.000000 -0.707107
0.707106 0.000000 -0.707107
0.707106 0.000000 -0.707107
-0.707108 0.000000 -0.707106
-0.707108 0.000000 -0.707106
-0.707108 0.000000 -0.707106
-0.707108 0.000000 -0.707106
-0.707108 0.000000 -0.707106
-0.707108 0.000000 -0.707106
0.758572 0.011334 -0.651491
0.758572 0.011334 -0.651491
0.758572 0.011334 -0.651491
0.758572 0.011334 -0.651491
0.758572 0.011334 -0.651491
0.758572 0.011334 -0.651491
-0.758573 0.011335 -0.651489
-0.758573 0.011335 -0.651489
-0.758573 0.011335 -0.651489
-0.758573 0.011335 -0.651489
-0.758573 0.011335 -0.651489
-0.758573 0.011335 -0.651489
0.055020 0.815652 -0.575921
0.055020 0.815652 -0.575920
0.055020 0.815652 -0.575920
0.055020 0.815652 -0.575920
0.055020 0.815652 -0.575921
0.055020 0.815652 -0.575920
-0.055020 0.815652 -0.575921
-0.055020 0.815652 -0.575921
-0.055020 0.815652 -0.575921
-0.055020 0.815652 -0.575921
-0.055020 0.815652 -0.575921
-0.055020 0.815652 -0.575921
0.000000 -0.707106 0.707107
0.000000 -0.707106 0.707107
0.000000 -0.707106 0.707107
0.000000 -0.707106 0.707107
0.000000 -0.707106 0.707107
0.000000 -0.707106 0.707107
0.000000 0.916237 -0.400637
0.000000 0.916237 -0.400637
0.000000 0.916237 -0.400637
0.000000 0.916237 -0.400637
0.000000 0.916237 -0.400637
0.000000 0.916237 -0.400637
0.690624 -0.165939 0.703920
0.690624 -0.165939 0.703920
0.690624 -0.165939 0.703920
0.690624 -0.165939 0.703920
0.690624 -0.165939 0.703920
0.690624 -0.165939 0.703920
0.612618 -0.360860 0.703192
0.612618 -0.360860 0.703192
0.612618 -0.360860 0.703192
0.612618 -0.360860 0.703192
0.612618 -0.360860 0.703192
0.612618 -0.360860 0.703192
0.480344 -0.524201 0.703195
0.480344 -0.524201 0.703195
0.480344 -0.524201 0.703195
0.480344 -0.524201 0.703195
0.480344 -0.524201 0.703195
0.480344 -0.524201 0.703195
0.306093 -0.641742 0.703188
0.306093 -0.641743 0.703188
0.306093 -0.641743 0.703188
0.306093 -0.641743 0.703188
0.306093 -0.641742 0.703188
0.306093 -0.641742 0.703188
0.105094 -0.703201 0.703181
0.105094 -0.703201 0.703181
0.105094 -0.703201 0.703181
0.105094 -0.703201 0.703181
0.105094 -0.703201 0.703181
0.105094 -0.703201 0.703181
-0.105093 -0.703198 0.703184
-0.105093 -0.703198 0.703184
-0.105093 -0.703198 0.703184
-0.105093 -0.703198 0.703184
-0.105093 -0.703198 0.703184
-0.105093 -0.703198 0.703184
-0.306094 -0.641744 0.703186
-0.306094 -0.641744 0.703186
-0.306094 -0.641744 0.703186
-0.306094 -0.641744 0.703186
-0.306094 -0.641744 0.703186
-0.306094 -0.641744 0.703186
-0.480345 -0.524202 0.703194
-0.480344 -0.524202 0.703194
-0.480345 -0.524202 0.703194
-0.480344 -0.524202 0.703194
-0.480345 -0.524202 0.703194
-0.480345 -0.524202 0.703194
-0.612620 -0.360861 0.703190
-0.612620 -0.360861 0.703190
-0.612620 -0.360861 0.703190
-0.612620 -0.360861 0.703190
-0.612620 -0.360861 0.703190
-0.612620 -0.360861 0.703190
-0.690624 -0.165939 0.703919
-0.690624 -0.165939 0.703919
-0.690624 -0.165939 0.703919
-0.690624 -0.165939 0.703919
-0.690624 -0.165939 0.703919
-0.690624 -0.165939 0.703919
0.690624 -0.165939 -0.703919
0.690624 -0.165939 -0.703919
0.690624 -0.165939 -0.703919
0.690624 -0.165939 -0.703919
0.690624 -0.165939 -0.703919
0.690624 -0.165939 -0.703919
0.612618 -0.360859 -0.703192
0.612618 -0.360859 -0.703192
0.612618 -0.360859 -0.703192
0.612618 -0.360859 -0.703192
0.612618 -0.360859 -0.703192
0.612618 -0.360859 -0.703192
0.480344 -0.524201 -0.703196
0.480344 -0.524201 -0.703196
0.480344 -0.524201 -0.703195
0.480344 -0.524201 -0.703196
0.480344 -0.524201 -0.703195
0.480344 -0.524201 -0.703195
0.306092 -0.641742 -0.703189
0.306092 -0.641742 -0.703189
0.306092 -0.641742 -0.703189
0.306092 -0.641742 -0.703189
0.306092 -0.641742 -0.703189
0.306092 -0.641742 -0.703189
0.105094 -0.703199 -0.703183
0.105094 -0.703199 -0.703183
0.105094 -0.703199 -0.703183
0.105094 -0.703199 -0.703183
0.105094 -0.703199 -0.703183
0.105094 -0.703199 -0.703183
-0.105093 -0.703195 -0.703187
-0.105093 -0.703195 -0.703187
-0.105093 -0.703195 -0.703187
-0.105093 -0.703195 -0.703187
-0.105093 -0.703195 -0.703187
-0.105093 -0.703195 -0.703187
-0.306091 -0.641741 -0.703190
-0.306091 -0.641741 -0.703190
-0.306091 -0.641741 -0.703190
-0.306091 -0.641741 -0.703190
-0.306091 -0.641741 -0.703190
-0.306091 -0.641741 -0.703190
-0.480345 -0.524202 -0.703194
-0.480345 -0.524202 -0.703194
-0.480345 -0.524202 -0.703194
-0.480345 -0.524202 -0.703194
-0.480345 -0.524202 -0.703194
-0.480345 -0.524202 -0.703194
-0.612618 -0.360860 -0.703192
-0.612618 -0.360860 -0.703192
-0.612618 -0.360860 -0.703192
-0.612618 -0.360860 -0.703192
-0.612618 -0.360860 -0.703192
-0.612618 -0.360860 -0.703192
-0.690622 -0.165939 -0.703922
-0.690622 -0.165939 -0.703922
-0.690621 -0.165939 -0.703922
-0.690622 -0.165939 -0.703922
-0.690622 -0.165939 -0.703922
-0.690622 -0.165939 -0.703922
0.708324 -0.000281 0.705887
0.708325 -0.000281 0.705887
0.708324 -0.000281 0.705887
0.708325 -0.000281 0.705887
0.708324 -0.000281 0.705887
0.708325 -0.000281 0.705887
-0.708326 -0.000282 0.705886
-0.708326 -0.000282 0.705886
-0.708326 -0.000282 0.705886
-0.708326 -0.000282 0.705886
-0.708326 -0.000282 0.705886
-0.708326 -0.000282 0.705886
0.708324 -0.000281 -0.705887
0.708324 -0.000281 -0.705887
0.708324 -0.000281 -0.705887
0.708324 -0.000281 -0.705887
0.708324 -0.000281 -0.705887
0.708324 -0.000281 -0.705887
-0.708325 -0.000281 -0.705886
-0.708325 -0.000281 -0.705886
-0.708325 -0.000281 -0.705886
-0.708325 -0.000281 -0.705886
-0.708325 -0.000281 -0.705886
-0.708325 -0.000281 -0.705886
0.707106 0.000000 0.707108
0.707106 0.000000 0.707108
0.707106 0.000000 0.707108
0.707106 0.000000 0.707108
0.707106 0.000000 0.707108
0.707106 0.000000 0.707108
-0.707107 0.000000 0.707106
-0.707107 0.000000 0.707106
-0.707107 0.000000 0.707106
-0.707107 0.000000 0.707106
-0.707107 0.000000 0.707106
-0.707107 0.000000 0.707106
0.707103 0.000000 -0.707110
0.707103 0.000000 -0.707110
0.707103 0.000000 -0.707110
0.707103 0.000000 -0.707110
0.707103 0.000000 -0.707110
0.707103 0.000000 -0.707110
-0.707105 0.000000 -0.707108
-0.707105 0.000000 -0.707108
-0.707105 0.000000 -0.707108
-0.707105 0.000000 -0.707108
-0.707105 0.000000 -0.707108
-0.707105 0.000000 -0.707108
0.758572 0.011334 0.651491
0.758572 0.011334 0.651491
0.758572 0.011334 0.651491
0.758572 0.011334 0.651491
0.758572 0.011334 0.651491
0.758572 0.011334 0.651491
-0.758573 0.011335 0.651489
-0.758573 0.011335 0.651489
-0.758573 0.011335 0.651489
-0.758573 0.011335 0.651489
-0.758573 0.011335 0.651489
-0.758573 0.011335 0.651489
0.758570 0.011335 -0.651492
0.758570 0.011335 -0.651492
0.758570 0.011335 -0.651492
0.758570 0.011335 -0.651492
0.758570 0.011335 -0.651492
0.758570 0.011335 -0.651492
-0.758571 0.011334 -0.651491
-0.758571 0.011334 -0.651491
-0.758571 0.011334 -0.651492
-0.758571 0.011334 -0.651491
-0.758571 0.011334 -0.651492
-0.758571 0.011334 -0.651491
0.055020 0.815652 0.575920
0.055020 0.815652 0.575920
0.055020 0.815652 0.575920
0.055020 0.815652 0.575920
0.055020 0.815652 0.575920
0.055020 0.815652 0.575920
-0.055020 0.815652 0.575921
-0.055020 0.815652 0.575921
-0.055020 0.815652 0.575921
-0.055020 0.815652 0.575921
-0.055020 0.815652 0.575921
-0.055020 0.815652 0.575921
0.055019 0.815651 -0.575923
0.055019 0.815651 -0.575923
0.055019 0.815651 -0.575923
0.055019 0.815651 -0.575923
0.055019 0.815651 -0.575923
0.055019 0.815651 -0.575923
-0.055019 0.815650 -0.575923
-0.055019 0.815650 -0.575923
-0.055019 0.815650 -0.575923
-0.055019 0.815650 -0.575923
-0.055019 0.815650 -0.575923
-0.055019 0.815650 -0.575923
0.000000 0.916238 0.400634
0.000000 0.916238 0.400634
0.000000 0.916238 0.400634
0.000000 0.916238 0.400634
0.000000 0.916238 0.400634
0.000000 0.916238 0.400634
0.000000 0.916236 -0.400640
0.000000 0.916236 -0.400640
0.000000 0.916236 -0.400640
0.000000 0.916236 -0.400640
0.000000 0.916236 -0.400640
0.000000 0.916236 -0.400640
-0.690625 0.165939 -0.703919
-0.690625 0.165939 -0.703919
-0.690625 0.165939 -0.703919
-0.690625 0.165939 -0.703919
-0.690625 0.165939 -0.703919
-0.690625 0.165939 -0.703919
-0.612619 0.360862 -0.703191
-0.612619 0.360862 -0.703191
-0.612619 0.360862 -0.703191
-0.612619 0.360862 -0.703191
-0.612619 0.360862 -0.703191
-0.612619 0.360862 -0.703191
-0.480347 0.524203 -0.703191
-0.480347 0.524203 -0.703192
-0.480347 0.524203 -0.703191
-0.480347 0.524203 -0.703191
-0.480347 0.524203 -0.703191
-0.480347 0.524203 -0.703192
-0.306095 0.641745 -0.703185
-0.306095 0.641745 -0.703185
-0.306095 0.641745 -0.703185
-0.306095 0.641745 -0.703185
-0.306095 0.641745 -0.703185
-0.306095 0.641745 -0.703185
-0.105094 0.703202 -0.703180
-0.105094 0.703202 -0.703180
-0.105094 0.703202 -0.703180
-0.105094 0.703202 -0.703180
-0.105094 0.703202 -0.703180
-0.105094 0.703202 -0.703180
0.105093 0.703196 -0.703186
0.105093 0.703196 -0.703186
0.105093 0.703196 -0.703186
0.105093 0.703196 -0.703186
0.105093 0.703196 -0.703186
0.105093 0.703196 -0.703186
0.306095 0.641743 -0.703186
0.306095 0.641744 -0.703186
0.306095 0.641744 -0.703186
0.306095 0.641744 -0.703186
0.306095 0.641743 -0.703186
0.306095 0.641743 -0.703186
0.480346 0.524202 -0.703193
0.480346 0.524202 -0.703193
0.480346 0.524202 -0.703193
0.480346 0.524202 -0.703193
0.480346 0.524202 -0.703193
0.480346 0.524202 -0.703193
0.612619 0.360862 -0.703190
0.612619 0.360862 -0.703190
0.612619 0.360862 -0.703190
0.612619 0.360862 -0.703190
0.612619 0.360862 -0.703190
0.612619 0.360862 -0.703190
0.690625 0.165939 -0.703918
0.690625 0.165939 -0.703918
0.690625 0.165939 -0.703918
0.690625 0.165939 -0.703918
0.690625 0.165939 -0.703918
0.690625 0.165939 -0.703918
-0.708327 0.000282 -0.705884
-0.708327 0.000282 -0.705884
-0.708327 0.000282 -0.705884
-0.708327 0.000282 -0.705884
-0.708327 0.000282 -0.705884
-0.708327 0.000282 -0.705884
0.708328 0.000282 -0.705883
0.708328 0.000282 -0.705883
0.708328 0.000282 -0.705883
0.708328 0.000282 -0.705883
0.708328 0.000282 -0.705883
0.708328 0.000282 -0.705883
-0.707106 0.000000 -0.707107
-0.707106 0.000000 -0.707107
-0.707106 0.000000 -0.707107
-0.707106 0.000000 -0.707107
-0.707106 0.000000 -0.707107
-0.707106 0.000000 -0.707107
0.707108 0.000000 -0.707106
0.707108 0.000000 -0.707106
0.707108 0.000000 -0.707106
0.707108 0.000000 -0.707106
0.707108 0.000000 -0.707106
0.707108 0.000000 -0.707106
-0.758573 -0.011335 -0.651489
-0.758573 -0.011335 -0.651489
-0.758573 -0.011335 -0.651489
-0.758573 -0.011335 -0.651489
-0.758573 -0.011335 -0.651489
-0.758573 -0.011335 -0.651489
0.758575 -0.011335 -0.651487
0.758575 -0.011335 -0.651487
0.758575 -0.011335 -0.651487
0.758575 -0.011335 -0.651487
0.758575 -0.011335 -0.651487
0.758575 -0.011335 -0.651487
-0.023511 -0.756278 -0.653828
-0.023511 -0.756278 -0.653828
-0.023511 -0.756278 -0.653828
-0.023511 -0.756278 -0.653828
-0.023511 -0.756278 -0.653828
-0.023511 -0.756278 -0.653828
0.023511 -0.756278 -0.653828
0.023511 -0.756278 -0.653828
0.023511 -0.756278 -0.653828
0.023511 -0.756278 -0.653828
0.023511 -0.756278 -0.653828
0.023511 -0.756278 -0.653828
0.690620 -0.165939 0.703923
0.690620 -0.165939 0.703923
0.690620 -0.165939 0.703923
0.690620 -0.165939 0.703923
0.690620 -0.165939 0.703923
0.690620 -0.165939 0.703923
0.612618 -0.360859 0.703193
0.612618 -0.360859 0.703193
0.612618 -0.360859 0.703193
0.612618 -0.360859 0.703193
0.612618 -0.360859 0.703193
0.612618 -0.360859 0.703193
0.480342 -0.524200 0.703196
0.480342 -0.524200 0.703196
0.480342 -0.524200 0.703196
0.480342 -0.524200 0.703196
0.480342 -0.524200 0.703196
0.480342 -0.524200 0.703196
0.306093 -0.641741 0.703190
0.306093 -0.641741 0.703190
0.306093 -0.641741 0.703190
0.306093 -0.641741 0.703190
0.306093 -0.641741 0.703190
0.306093 -0.641741 0.703190
0.105094 -0.703199 0.703183
0.105094 -0.703199 0.703183
0.105094 -0.703199 0.703183
0.105094 -0.703199 0.703183
0.105094 -0.703199 0.703183
0.105094 -0.703199 0.703183
-0.105093 -0.703197 0.703185
-0.105093 -0.703197 0.703185
-0.105093 -0.703197 0.703185
-0.105093 -0.703197 0.703185
-0.105093 -0.703197 0.703185
-0.105093 -0.703197 0.703185
-0.306094 -0.641743 0.703188
-0.306094 -0.641743 0.703188
-0.306094 -0.641743 0.703188
-0.306094 -0.641743 0.703188
-0.306094 -0.641743 0.703188
-0.306094 -0.641743 0.703188
-0.480343 -0.524201 0.703196
-0.480343 -0.524201 0.703195
-0.480343 -0.524201 0.703196
-0.480343 -0.524201 0.703195
-0.480343 -0.524201 0.703196
-0.480343 -0.524201 0.703196
-0.612620 -0.360859 0.703191
-0.612620 -0.360859 0.703191
-0.612620 -0.360859 0.703191
-0.612620 -0.360859 0.703191
-0.612620 -0.360859 0.703191
-0.612620 -0.360859 0.703191
-0.690621 -0.165939 0.703922
-0.690621 -0.165939 0.703922
-0.690621 -0.165939 0.703922
-0.690621 -0.165939 0.703922
-0.690621 -0.165939 0.703922
-0.690621 -0.165939 0.703922
0.708324 -0.000282 0.705887
0.708324 -0.000282 0.705888
0.708324 -0.000282 0.705887
0.708324 -0.000282 0.705888
0.708324 -0.000282 0.705887
0.708324 -0.000282 0.705888
-0.708324 -0.000281 0.705887
-0.708324 -0.000281 0.705887
-0.708324 -0.000281 0.705887
-0.708324 -0.000281 0.705887
-0.708324 -0.000281 0.705887
-0.708324 -0.000281 0.705887
0.707104 0.000000 0.707109
0.707104 0.000000 0.707109
0.707104 0.000000 0.707109
0.707104 0.000000 0.707109
0.707104 0.000000 0.707109
0.707104 0.000000 0.707109
-0.707104 0.000000 0.707109
-0.707104 0.000000 0.707109
-0.707104 0.000000 0.707109
-0.707104 0.000000 0.707109
-0.707104 0.000000 0.707109
-0.707104 0.000000 0.707109
0.758571 0.011335 0.651491
0.758571 0.011335 0.651491
0.758571 0.011335 0.651491
0.758571 0.011335 0.651491
0.758571 0.011335 0.651491
0.758571 0.011335 0.651492
-0.758573 0.011334 0.651490
-0.758573 0.011334 0.651490
-0.758573 0.011334 0.651490
-0.758573 0.011334 0.651490
-0.758573 0.011334 0.651490
-0.758573 0.011334 0.651490
0.055019 0.815651 0.575922
0.055019 0.815651 0.575922
0.055019 0.815651 0.575922
0.055019 0.815651 0.575922
0.055019 0.815651 0.575922
0.055019 0.815651 0.575922
-0.055019 0.815650 0.575923
-0.055019 0.815650 0.575923
-0.055019 0.815650 0.575923
-0.055019 0.815650 0.575923
-0.055019 0.815650 0.575923
-0.055019 0.815650 0.575923
0.000000 0.916237 0.400637
0.000000 0.916237 0.400637
0.000000 0.916237 0.400637
0.000000 0.916237 0.400637
0.000000 0.916237 0.400637
0.000000 0.916237 0.400637
0.000000 -0.707111 -0.707103
0.000000 -0.707111 -0.707103
0.000000 -0.707111 -0.707103
0.000000 -0.707111 -0.707103
0.000000 -0.707111 -0.707103
0.000000 -0.707111 -0.707103
0.927184 -0.374607 0.000000
0.991416 -0.130746 0.000000
0.927184 -0.374607 0.000000
0.991416 -0.130746 0.000000
0.991416 -0.130746 0.000000
0.927184 -0.374607 0.000000
0.777146 -0.629320 0.000000
0.927184 -0.374607 0.000000
0.777146 -0.629320 0.000000
0.927184 -0.374607 0.000000
0.927184 -0.374607 0.000000
0.777146 -0.629320 0.000000
0.559193 -0.829037 0.000000
0.777146 -0.629320 0.000000
0.559193 -0.829037 0.000000
0.777146 -0.629320 0.000000
0.777146 -0.629320 0.000000
0.559193 -0.829037 0.000000
0.292371 -0.956305 0.000000
0.559193 -0.829037 0.000000
0.292370 -0.956305 0.000000
0.559193 -0.829037 0.000000
0.559193 -0.829037 0.000000
0.292370 -0.956305 0.000000
0.000000 -1.000000 0.000000
0.292371 -0.956305 0.000000
0.000000 -1.000000 0.000000
0.292371 -0.956305 0.000000
0.292370 -0.956305 0.000000
0.000000 -1.000000 0.000000
-0.292370 -0.956305 0.000000
0.000000 -1.000000 0.000000
-0.292370 -0.956305 0.000000
0.000000 -1.000000 0.000000
0.000000 -1.000000 0.000000
-0.292370 -0.956305 0.000000
-0.559193 -0.829037 0.000000
-0.292370 -0.956305 0.000000
-0.559193 -0.829037 0.000000
-0.292370 -0.956305 0.000000
-0.292370 -0.956305 0.000000
-0.559193 -0.829037 0.000000
-0.777146 -0.629320 0.000000
-0.559193 -0.829037 0.000000
-0.777146 -0.629320 0.000000
-0.559193 -0.829037 0.000000
-0.559193 -0.829037 0.000000
-0.777146 -0.629320 0.000000
-0.927184 -0.374607 0.000000
-0.777146 -0.629320 0.000000
-0.927184 -0.374607 0.000000
-0.777146 -0.629320 0.000000
-0.777146 -0.629320 0.000000
-0.927184 -0.374607 0.000000
-0.991416 -0.130746 0.000000
-0.927184 -0.374607 0.000000
-0.991416 -0.130746 0.000000
-0.927184 -0.374607 0.000000
-0.927184 -0.374607 0.000000
-0.991416 -0.130746 0.000000
0.927184 -0.374607 0.000000
0.991416 -0.130746 0.000000
0.927184 -0.374607 0.000000
0.991416 -0.130746 0.000000
0.991416 -0.130746 0.000000
0.927184 -0.374607 0.000000
0.777146 -0.629320 0.000000
0.927184 -0.374607 0.000000
0.777146 -0.629320 0.000000
0.927184 -0.374607 0.000000
0.927184 -0.374607 0.000000
0.777146 -0.629320 0.000000
0.559193 -0.829037 0.000000
0.777146 -0.629320 0.000000
0.559193 -0.829037 0.000000
0.777146 -0.629320 0.000000
0.777146 -0.629320 0.000000
0.559193 -0.829037 0.000000
0.292370 -0.956305 0.000000
0.559193 -0.829037 0.000000
0.292370 -0.956305 0.000000
0.559193 -0.829037 0.000000
0.559193 -0.829037 0.000000
0.292370 -0.956305 0.000000
0.000000 -1.000000 0.000000
0.292370 -0.956305 0.000000
-0.000000 -1.000000 0.000000
0.292370 -0.956305 0.000000
0.292370 -0.956305 0.000000
-0.000000 -1.000000 0.000000
-0.292370 -0.956305 0.000000
0.000000 -1.000000 0.000000
-0.292370 -0.956305 0.000000
0.000000 -1.000000 0.000000
-0.000000 -1.000000 0.000000
-0.292370 -0.956305 0.000000
-0.559193 -0.829037 0.000000
-0.292370 -0.956305 0.000000
-0.559193 -0.829037 0.000000
-0.292370 -0.956305 0.000000
-0.292370 -0.956305 0.000000
-0.559193 -0.829037 0.000000
-0.777146 -0.629320 0.000000
-0.559193 -0.829037 0.000000
-0.777146 -0.629320 0.000000
-0.559193 -0.829037 0.000000
-0.559193 -0.829037 0.000000
-0.777146 -0.629320 0.000000
-0.927184 -0.374607 0.000000
-0.777146 -0.629320 0.000000
-0.927184 -0.374607 0.000000
-0.777146 -0.629320 0.000000
-0.777146 -0.629320 0.000000
-0.927184 -0.374607 0.000000
-0.991416 -0.130746 0.000000
-0.927184 -0.374607 0.000000
-0.991416 -0.130746 0.000000
-0.927184 -0.374607 0.000000
-0.927184 -0.374607 0.000000
-0.991416 -0.130746 0.000000
0.927184 -0.374607 0.000000
0.991416 -0.130746 0.000000
0.927184 -0.374607 0.000000
0.991416 -0.130746 0.000000
0.991416 -0.130746 0.000000
0.927184 -0.374607 0.000000
0.777146 -0.629320 0.000000
0.927184 -0.374607 0.000000
0.777146 -0.629320 0.000000
0.927184 -0.374607 0.000000
0.927184 -0.374607 0.000000
0.777146 -0.629320 0.000000
0.559193 -0.829037 0.000000
0.777146 -0.629320 0.000000
0.559193 -0.829037 0.000000
0.777146 -0.629320 0.000000
0.777146 -0.629320 0.000000
0.559193 -0.829037 0.000000
0.292370 -0.956305 0.000000
0.559193 -0.829037 0.000000
0.292370 -0.956305 0.000000
0.559193 -0.829037 0.000000
0.559193 -0.829037 0.000000
0.292370 -0.956305 0.000000
-0.000000 -1.000000 0.000000
0.292370 -0.956305 0.000000
-0.000000 -1.000000 0.000000
0.292370 -0.956305 0.000000
0.292370 -0.956305 0.000000
-0.000000 -1.000000 0.000000
-0.292370 -0.956305 0.000000
-0.000000 -1.000000 0.000000
-0.292370 -0.956305 0.000000
-0.000000 -1.000000 0.000000
-0.000000 -1.000000 0.000000
-0.292370 -0.956305 0.000000
-0.559193 -0.829037 0.000000
-0.292370 -0.956305 0.000000
-0.559193 -0.829037 0.000000
-0.292370 -0.956305 0.000000
-0.292370 -0.956305 0.000000
-0.559193 -0.829037 0.000000
-0.777146 -0.629320 0.000000
-0.559193 -0.829037 0.000000
-0.777146 -0.629320 0.000000
-0.559193 -0.829037 0.000000
-0.559193 -0.829037 0.000000
-0.777146 -0.629320 0.000000
-0.927184 -0.374607 0.000000
-0.777146 -0.629320 0.000000
-0.927184 -0.374607 0.000000
-0.777146 -0.629320 0.000000
-0.777146 -0.629320 0.000000
-0.927184 -0.374607 0.000000
-0.991416 -0.130746 0.000000
-0.927184 -0.374607 0.000000
-0.991416 -0.130746 0.000000
-0.927184 -0.374607 0.000000
-0.927184 -0.374607 0.000000
-0.991416 -0.130746 0.000000
0.927184 -0.374607 0.000000
0.991416 -0.130746 0.000000
0.927184 -0.374607 0.000000
0.991416 -0.130746 0.000000
0.991416 -0.130746 0.000000
0.927184 -0.374607 0.000000
0.777146 -0.629320 0.000000
0.927184 -0.374607 0.000000
0.777146 -0.629320 0.000000
0.927184 -0.374607 0.000000
0.927184 -0.374607 0.000000
0.777146 -0.629320 0.000000
0.559193 -0.829037 0.000000
0.777146 -0.629320 0.000000
0.559193 -0.829037 0.000000
0.777146 -0.629320 0.000000
0.777146 -0.629320 0.000000
0.559193 -0.829037 0.000000
0.292370 -0.956305 0.000000
0.559193 -0.829037 0.000000
0.292371 -0.956305 0.000000
0.559193 -0.829037 0.000000
0.559193 -0.829037 0.000000
0.292371 -0.956305 0.000000
-0.000000 -1.000000 0.000000
0.292370 -0.956305 0.000000
0.000000 -1.000000 0.000000
0.292370 -0.956305 0.000000
0.292371 -0.956305 0.000000
0.000000 -1.000000 0.000000
-0.292370 -0.956305 0.000000
-0.000000 -1.000000 0.000000
-0.292371 -0.956305 0.000000
-0.000000 -1.000000 0.000000
0.000000 -1.000000 0.000000
-0.292371 -0.956305 0.000000
-0.559193 -0.829037 0.000000
-0.292370 -0.956305 0.000000
-0.559193 -0.829037 0.000000
-0.292370 -0.956305 0.000000
-0.292371 -0.956305 0.000000
-0.559193 -0.829037 0.000000
-0.777146 -0.629320 0.000000
-0.559193 -0.829037 0.000000
-0.777146 -0.629320 0.000000
-0.559193 -0.829037 0.000000
-0.559193 -0.829037 0.000000
-0.777146 -0.629320 0.000000
-0.927184 -0.374607 0.000000
-0.777146 -0.629320 0.000000
-0.927184 -0.374607 0.000000
-0.777146 -0.629320 0.000000
-0.777146 -0.629320 0.000000
-0.927184 -0.374607 0.000000
-0.991416 -0.130746 0.000000
-0.927184 -0.374607 0.000000
-0.991416 -0.130746 0.000000
-0.927184 -0.374607 0.000000
-0.927184 -0.374607 0.000000
-0.991416 -0.130746 0.000000
0.927184 -0.374607 0.000000
0.991416 -0.130746 0.000000
0.927184 -0.374607 0.000000
0.991416 -0.130746 0.000000
0.991416 -0.130746 0.000000
0.927184 -0.374607 0.000000
0.777146 -0.629320 0.000000
0.927184 -0.374607 0.000000
0.777146 -0.629320 0.000000
0.927184 -0.374607 0.000000
0.927184 -0.374607 0.000000
0.777146 -0.629320 0.000000
0.559193 -0.829037 0.000000
0.777146 -0.629320 0.000000
0.559193 -0.829037 0.000000
0.777146 -0.629320 0.000000
0.777146 -0.629320 0.000000
0.559193 -0.829037 0.000000
0.292371 -0.956305 0.000000
0.559193 -0.829037 0.000000
0.292370 -0.956305 0.000000
0.559193 -0.829037 0.000000
0.559193 -0.829037 0.000000
0.292370 -0.956305 0.000000
0.000000 -1.000000 0.000000
0.292371 -0.956305 0.000000
0.000000 -1.000000 0.000000
0.292371 -0.956305 0.000000
0.292370 -0.956305 0.000000
0.000000 -1.000000 0.000000
-0.292371 -0.956305 0.000000
0.000000 -1.000000 0.000000
-0.292370 -0.956305 0.000000
0.000000 -1.000000 0.000000
0.000000 -1.000000 0.000000
-0.292370 -0.956305 0.000000
-0.559193 -0.829037 0.000000
-0.292371 -0.956305 0.000000
-0.559193 -0.829037 0.000000
-0.292371 -0.956305 0.000000
-0.292370 -0.956305 0.000000
-0.559193 -0.829037 0.000000
-0.777146 -0.629320 0.000000
-0.559193 -0.829037 0.000000
-0.777146 -0.629320 0.000000
-0.559193 -0.829037 0.000000
-0.559193 -0.829037 0.000000
-0.777146 -0.629320 0.000000
-0.927184 -0.374607 0.000000
-0.777146 -0.629320 0.000000
-0.927184 -0.374607 0.000000
-0.777146 -0.629320 0.000000
-0.777146 -0.629320 0.000000
-0.927184 -0.374607 0.000000
-0.991416 -0.130746 0.000000
-0.927184 -0.374607 0.000000
-0.991416 -0.130746 0.000000
-0.927184 -0.374607 0.000000
-0.927184 -0.374607 0.000000
-0.991416 -0.130746 0.000000
0.927184 -0.374607 0.000000
0.991416 -0.130746 0.000000
0.927184 -0.374607 0.000000
0.991416 -0.130746 0.000000
0.991416 -0.130746 0.000000
0.927184 -0.374607 0.000000
0.777146 -0.629320 0.000000
0.927184 -0.374607 0.000000
0.777146 -0.629320 0.000000
0.927184 -0.374607 0.000000
0.927184 -0.374607 0.000000
0.777146 -0.629320 0.000000
0.559193 -0.829037 0.000000
0.777146 -0.629320 0.000000
0.559193 -0.829037 0.000000
0.777146 -0.629320 0.000000
0.777146 -0.629320 0.000000
0.559193 -0.829037 0.000000
0.292370 -0.956305 0.000000
0.559193 -0.829037 0.000000
0.292371 -0.956305 0.000000
0.559193 -0.829037 0.000000
0.559193 -0.829037 0.000000
0.292371 -0.956305 0.000000
0.000000 -1.000000 0.000000
0.292370 -0.956305 0.000000
0.000000 -1.000000 0.000000
0.292370 -0.956305 0.000000
0.292371 -0.956305 0.000000
0.000000 -1.000000 0.000000
-0.292370 -0.956305 0.000000
0.000000 -1.000000 0.000000
-0.292371 -0.956305 0.000000
0.000000 -1.000000 0.000000
0.000000 -1.000000 0.000000
-0.292371 -0.956305 0.000000
-0.559193 -0.829037 0.000000
-0.292370 -0.956305 0.000000
-0.559193 -0.829037 0.000000
-0.292370 -0.956305 0.000000
-0.292371 -0.956305 0.000000
-0.559193 -0.829037 0.000000
-0.777146 -0.629320 0.000000
-0.559193 -0.829037 0.000000
-0.777146 -0.629320 0.000000
-0.559193 -0.829037 0.000000
-0.559193 -0.829037 0.000000
-0.777146 -0.629320 0.000000
-0.927184 -0.374607 0.000000
-0.777146 -0.629320 0.000000
-0.927184 -0.374607 0.000000
-0.777146 -0.629320 0.000000
-0.777146 -0.629320 0.000000
-0.927184 -0.374607 0.000000
-0.991416 -0.130746 0.000000
-0.927184 -0.374607 0.000000
-0.991416 -0.130746 0.000000
-0.927184 -0.374607 0.000000
-0.927184 -0.374607 0.000000
-0.991416 -0.130746 0.000000
1.000000 0.000000 0.000000
1.000000 0.000000 0.000000
0.991416 -0.130746 0.000000
0.991416 -0.130746 0.000000
1.000000 0.000000 0.000000
0.991416 -0.130746 0.000000
-1.000000 0.000000 0.000000
-0.991416 -0.130746 0.000000
-0.991416 -0.130746 0.000000
-1.000000 0.000000 0.000000
-0.991416 -0.130746 0.000000
-1.000000 0.000000 0.000000
1.000000 0.000000 0.000000
1.000000 0.000000 0.000000
0.991416 -0.130746 0.000000
0.991416 -0.130746 0.000000
1.000000 0.000000 0.000000
0.991416 -0.130746 0.000000
-1.000000 0.000000 0.000000
-0.991416 -0.130746 0.000000
-0.991416 -0.130746 0.000000
-1.000000 0.000000 0.000000
-0.991416 -0.130746 0.000000
-1.000000 0.000000 0.000000
1.000000 0.000000 0.000000
1.000000 0.000000 0.000000
0.991416 -0.130746 0.000000
0.991416 -0.130746 0.000000
1.000000 0.000000 0.000000
0.991416 -0.130746 0.000000
-1.000000 0.000000 0.000000
-0.991416 -0.130746 0.000000
-0.991416 -0.130746 0.000000
-1.000000 0.000000 0.000000
-0.991416 -0.130746 0.000000
-1.000000 0.000000 0.000000
1.000000 0.000000 0.000000
0.991416 -0.130746 0.000000
1.000000 0.000000 0.000000
0.991416 -0.130746 0.000000
1.000000 0.000000 0.000000
0.991416 -0.130746 0.000000
-1.000000 0.000000 0.000000
-0.991416 -0.130746 0.000000
-0.991416 -0.130746 0.000000
-1.000000 0.000000 0.000000
-0.991416 -0.130746 0.000000
-1.000000 0.000000 0.000000
1.000000 0.000000 0.000000
1.000000 0.000000 0.000000
0.991416 -0.130746 0.000000
0.991416 -0.130746 0.000000
1.000000 0.000000 0.000000
0.991416 -0.130746 0.000000
-1.000000 0.000000 0.000000
-0.991416 -0.130746 0.000000
-0.991416 -0.130746 0.000000
-1.000000 0.000000 0.000000
-0.991416 -0.130746 0.000000
-1.000000 0.000000 0.000000
1.000000 0.000000 0.000000
0.991416 -0.130746 0.000000
1.000000 0.000000 0.000000
0.991416 -0.130746 0.000000
1.000000 0.000000 0.000000
0.991416 -0.130746 0.000000
-1.000000 0.000000 0.000000
-0.991416 -0.130746 0.000000
-0.991416 -0.130746 0.000000
-1.000000 0.000000 0.000000
-0.991416 -0.130746 0.000000
-1.000000 0.000000 0.000000
1.000000 0.000000 0.000000
1.000000 0.000000 0.000000
1.000000 0.000000 0.000000
1.000000 0.000000 0.000000
1.000000 0.000000 0.000000
1.000000 0.000000 0.000000
-1.000000 0.000000 0.000000
-1.000000 0.000000 0.000000
-1.000000 0.000000 0.000000
-1.000000 0.000000 0.000000
-1.000000 0.000000 0.000000
-1.000000 0.000000 0.000000
1.000000 0.000000 0.000000
1.000000 0.000000 0.000000
1.000000 0.000000 0.000000
1.000000 0.000000 0.000000
1.000000 0.000000 0.000000
1.000000 0.000000 0.000000
-1.000000 0.000000 0.000000
-1.000000 0.000000 0.000000
-1.000000 0.000000 0.000000
-1.000000 0.000000 0.000000
-1.000000 0.000000 0.000000
-1.000000 0.000000 0.000000
1.000000 0.000000 0.000000
1.000000 0.000000 0.000000
1.000000 0.000000 0.000000
1.000000 0.000000 0.000000
1.000000 0.000000 0.000000
1.000000 0.000000 0.000000
-1.000000 0.000000 0.000000
-1.000000 0.000000 0.000000
-1.000000 0.000000 0.000000
-1.000000 0.000000 0.000000
-1.000000 0.000000 0.000000
-1.000000 0.000000 0.000000
1.000000 0.000000 0.000000
1.000000 0.000000 0.000000
1.000000 0.000000 0.000000
1.000000 0.000000 0.000000
1.000000 0.000000 0.000000
1.000000 0.000000 0.000000
-1.000000 0.000000 0.000000
-1.000000 0.000000 0.000000
-1.000000 0.000000 0.000000
-1.000000 0.000000 0.000000
-1.000000 0.000000 0.000000
-1.000000 0.000000 0.000000
1.000000 0.000000 0.000000
1.000000 0.000000 0.000000
1.000000 0.000000 0.000000
1.000000 0.000000 0.000000
1.000000 0.000000 0.000000
1.000000 0.000000 0.000000
-1.000000 0.000000 0.000000
-1.000000 0.000000 0.000000
-1.000000 0.000000 0.000000
-1.000000 0.000000 0.000000
-1.000000 0.000000 0.000000
-1.000000 0.000000 0.000000
1.000000 0.000000 0.000000
1.000000 0.000000 0.000000
1.000000 0.000000 0.000000
1.000000 0.000000 0.000000
1.000000 0.000000 0.000000
1.000000 0.000000 0.000000
-1.000000 0.000000 0.000000
-1.000000 0.000000 0.000000
-1.000000 0.000000 0.000000
-1.000000 0.000000 0.000000
-1.000000 0.000000 0.000000
-1.000000 0.000000 0.000000
1.000000 0.000000 0.000000
1.000000 0.000000 0.000000
1.000000 0.000000 0.000000
1.000000 0.000000 0.000000
1.000000 0.000000 0.000000
1.000000 0.000000 0.000000
-1.000000 0.000000 0.000000
-1.000000 0.000000 0.000000
-1.000000 0.000000 0.000000
-1.000000 0.000000 0.000000
-1.000000 0.000000 0.000000
-1.000000 0.000000 0.000000
1.000000 0.000000 0.000000
1.000000 0.000000 0.000000
1.000000 0.000000 0.000000
1.000000 0.000000 0.000000
1.000000 0.000000 0.000000
1.000000 0.000000 0.000000
-1.000000 0.000000 0.000000
-1.000000 0.000000 0.000000
-1.000000 0.000000 0.000000
-1.000000 0.000000 0.000000
-1.000000 0.000000 0.000000
-1.000000 0.000000 0.000000
1.000000 0.000000 0.000000
1.000000 0.000000 0.000000
1.000000 0.000000 0.000000
1.000000 0.000000 0.000000
1.000000 0.000000 0.000000
1.000000 0.000000 0.000000
-1.000000 0.000000 0.000000
-1.000000 0.000000 0.000000
-1.000000 0.000000 0.000000
-1.000000 0.000000 0.000000
-1.000000 0.000000 0.000000
-1.000000 0.000000 0.000000
1.000000 0.000000 0.000000
1.000000 0.000000 0.000000
1.000000 0.000000 0.000000
1.000000 0.000000 0.000000
1.000000 0.000000 0.000000
1.000000 0.000000 0.000000
-1.000000 0.000000 0.000000
-1.000000 0.000000 0.000000
-1.000000 0.000000 0.000000
-1.000000 0.000000 0.000000
-1.000000 0.000000 0.000000
-1.000000 0.000000 0.000000
1.000000 0.000000 0.000000
1.000000 0.000000 0.000000
1.000000 0.000000 0.000000
1.000000 0.000000 0.000000
1.000000 0.000000 0.000000
1.000000 0.000000 0.000000
-1.000000 0.000000 0.000000
-1.000000 0.000000 0.000000
-1.000000 0.000000 0.000000
-1.000000 0.000000 0.000000
-1.000000 0.000000 0.000000
-1.000000 0.000000 0.000000
1.000000 0.000000 0.000000
1.000000 0.000000 0.000000
1.000000 0.000000 0.000000
1.000000 0.000000 0.000000
1.000000 0.000000 0.000000
1.000000 0.000000 0.000000
-1.000000 0.000000 0.000000
-1.000000 0.000000 0.000000
-1.000000 0.000000 0.000000
-1.000000 0.000000 0.000000
-1.000000 0.000000 0.000000
-1.000000 0.000000 0.000000
0.000000 1.000000 0.000000
0.000000 1.000000 0.000000
0.000000 1.000000 0.000000
0.000000 1.000000 0.000000
0.000000 1.000000 0.000000
0.000000 1.000000 0.000000
0.000000 1.000000 0.000000
0.000000 1.000000 0.000000
0.000000 1.000000 0.000000
0.000000 1.000000 0.000000
0.000000 1.000000 0.000000
0.000000 1.000000 0.000000
0.000000 1.000000 0.000000
0.000000 1.000000 0.000000
0.000000 1.000000 0.000000
0.000000 1.000000 0.000000
0.000000 1.000000 0.000000
0.000000 1.000000 0.000000
0.000000 1.000000 0.000000
0.000000 1.000000 0.000000
0.000000 1.000000 0.000000
0.000000 1.000000 0.000000
0.000000 1.000000 0.000000
0.000000 1.000000 0.000000
0.000000 1.000000 0.000000
0.000000 1.000000 0.000000
0.000000 1.000000 0.000000
0.000000 1.000000 0.000000
0.000000 1.000000 0.000000
0.000000 1.000000 0.000000
0.000000 1.000000 0.000000
0.000000 1.000000 0.000000
0.000000 1.000000 0.000000
0.000000 1.000000 0.000000
0.000000 1.000000 0.000000
0.000000 1.000000 0.000000
0.000000 1.000000 0.000000
0.000000 1.000000 0.000000
0.000000 1.000000 0.000000
0.000000 1.000000 0.000000
0.000000 1.000000 0.000000
0.000000 1.000000 0.000000
0.000000 1.000000 0.000000
0.000000 1.000000 0.000000
0.000000 1.000000 0.000000
0.000000 1.000000 0.000000
0.000000 1.000000 0.000000
0.000000 1.000000 0.000000
0.000000 1.000000 0.000000
0.000000 1.000000 0.000000
0.000000 1.000000 0.000000
0.000000 1.000000 0.000000
0.000000 1.000000 0.000000
0.000000 1.000000 0.000000
0.000000 1.000000 0.000000
0.000000 1.000000 0.000000
0.000000 1.000000 0.000000
0.000000 1.000000 0.000000
0.000000 1.000000 0.000000
0.000000 1.000000 0.000000
0.000000 1.000000 0.000000
0.000000 1.000000 0.000000
0.000000 1.000000 0.000000
0.000000 1.000000 0.000000
0.000000 1.000000 0.000000
0.000000 1.000000 0.000000
0.000000 1.000000 0.000000
0.000000 1.000000 0.000000
0.000000 1.000000 0.000000
0.000000 1.000000 0.000000
0.000000 1.000000 0.000000
0.000000 1.000000 0.000000
1.000000 0.000000 0.000000
0.991541 -0.129797 0.000000
1.000000 0.000000 0.000000
0.991541 -0.129797 0.000000
1.000000 0.000000 0.000000
0.991541 -0.129797 0.000000
0.928143 -0.372225 0.000000
0.991541 -0.129797 0.000000
0.991541 -0.129797 0.000000
0.928143 -0.372225 0.000000
0.991541 -0.129797 0.000000
0.928143 -0.372225 0.000000
0.779421 -0.626501 0.000000
0.928143 -0.372225 0.000000
0.928143 -0.372225 0.000000
0.779421 -0.626501 0.000000
0.928143 -0.372225 0.000000
0.779421 -0.626501 0.000000
0.562043 -0.827108 0.000000
0.779421 -0.626501 0.000000
0.779421 -0.626501 0.000000
0.562043 -0.827108 0.000000
0.779421 -0.626501 0.000000
0.562043 -0.827108 0.000000
0.294358 -0.955695 0.000000
0.562043 -0.827108 0.000000
0.562043 -0.827108 0.000000
0.294358 -0.955695 0.000000
0.562043 -0.827108 0.000000
0.294358 -0.955695 0.000000
0.000000 -1.000000 0.000000
0.294358 -0.955695 0.000000
0.294358 -0.955695 0.000000
0.000000 -1.000000 0.000000
0.294358 -0.955695 0.000000
0.000000 -1.000000 0.000000
-0.294358 -0.955695 0.000000
0.000000 -1.000000 0.000000
0.000000 -1.000000 0.000000
-0.294358 -0.955695 0.000000
0.000000 -1.000000 0.000000
-0.294358 -0.955695 0.000000
-0.562043 -0.827108 0.000000
-0.294358 -0.955695 0.000000
-0.294358 -0.955695 0.000000
-0.562043 -0.827108 0.000000
-0.294358 -0.955695 0.000000
-0.562043 -0.827108 0.000000
-0.779421 -0.626501 0.000000
-0.562043 -0.827108 0.000000
-0.562043 -0.827108 0.000000
-0.779421 -0.626501 0.000000
-0.562043 -0.827108 0.000000
-0.779421 -0.626501 0.000000
-0.928143 -0.372225 0.000000
-0.779421 -0.626501 0.000000
-0.779421 -0.626501 0.000000
-0.928143 -0.372225 0.000000
-0.779421 -0.626501 0.000000
-0.928143 -0.372225 0.000000
-0.991541 -0.129797 0.000000
-0.928143 -0.372225 0.000000
-0.928143 -0.372225 0.000000
-0.991541 -0.129797 0.000000
-0.928143 -0.372225 0.000000
-0.991541 -0.129797 0.000000
-1.000000 0.000000 0.000000
-0.991541 -0.129797 0.000000
-0.991541 -0.129797 0.000000
-1.000000 0.000000 0.000000
-0.991541 -0.129797 0.000000
-1.000000 0.000000 0.000000
1.000000 0.000000 0.000000
0.991541 -0.129796 0.000000
1.000000 0.000000 0.000000
0.991541 -0.129796 0.000000
1.000000 0.000000 0.000000
0.991541 -0.129796 0.000000
0.928143 -0.372225 0.000000
0.991541 -0.129796 0.000000
0.991541 -0.129796 0.000000
0.928143 -0.372225 0.000000
0.991541 -0.129796 0.000000
0.928143 -0.372225 0.000000
0.779421 -0.626501 0.000000
0.928143 -0.372225 0.000000
0.928143 -0.372225 0.000000
0.779421 -0.626501 0.000000
0.928143 -0.372225 0.000000
0.779421 -0.626501 0.000000
0.562043 -0.827108 0.000000
0.779421 -0.626501 0.000000
0.779421 -0.626501 0.000000
0.562043 -0.827108 0.000000
0.779421 -0.626501 0.000000
0.562043 -0.827108 0.000000
0.294359 -0.955695 0.000000
0.562043 -0.827108 0.000000
0.562043 -0.827108 0.000000
0.294359 -0.955695 0.000000
0.562043 -0.827108 0.000000
0.294359 -0.955695 0.000000
0.000000 -1.000000 0.000000
0.294359 -0.955695 0.000000
0.294359 -0.955695 0.000000
0.000000 -1.000000 0.000000
0.294359 -0.955695 0.000000
0.000000 -1.000000 0.000000
-0.294358 -0.955695 0.000000
0.000000 -1.000000 0.000000
0.000000 -1.000000 0.000000
-0.294358 -0.955695 0.000000
0.000000 -1.000000 0.000000
-0.294358 -0.955695 0.000000
-0.562043 -0.827108 0.000000
-0.294358 -0.955695 0.000000
-0.294358 -0.955695 0.000000
-0.562043 -0.827108 0.000000
-0.294358 -0.955695 0.000000
-0.562043 -0.827108 0.000000
-0.779421 -0.626501 0.000000
-0.562043 -0.827108 0.000000
-0.562043 -0.827108 0.000000
-0.779421 -0.626501 0.000000
-0.562043 -0.827108 0.000000
-0.779421 -0.626501 0.000000
-0.928143 -0.372225 0.000000
-0.779421 -0.626501 0.000000
-0.779421 -0.626501 0.000000
-0.928143 -0.372225 0.000000
-0.779421 -0.626501 0.000000
-0.928143 -0.372225 0.000000
-0.991541 -0.129797 0.000000
-0.928143 -0.372225 0.000000
-0.928143 -0.372225 0.000000
-0.991541 -0.129797 0.000000
-0.928143 -0.372225 0.000000
-0.991541 -0.129797 0.000000
-1.000000 0.000000 0.000000
-0.991541 -0.129797 0.000000
-0.991541 -0.129797 0.000000
-1.000000 0.000000 0.000000
-0.991541 -0.129797 0.000000
-1.000000 0.000000 0.000000
1.000000 0.000000 0.000000
1.000000 0.000000 0.000000
1.000000 0.000000 0.000000
1.000000 0.000000 0.000000
1.000000 0.000000 0.000000
1.000000 0.000000 0.000000
-1.000000 0.000000 0.000000
-1.000000 0.000000 0.000000
-1.000000 0.000000 0.000000
-1.000000 0.000000 0.000000
-1.000000 0.000000 0.000000
-1.000000 0.000000 0.000000
1.000000 0.000000 0.000000
1.000000 0.000000 0.000000
1.000000 0.000000 0.000000
1.000000 0.000000 0.000000
1.000000 0.000000 0.000000
1.000000 0.000000 0.000000
-1.000000 0.000000 0.000000
-1.000000 0.000000 0.000000
-1.000000 0.000000 0.000000
-1.000000 0.000000 0.000000
-1.000000 0.000000 0.000000
-1.000000 0.000000 0.000000
1.000000 0.000000 0.000000
1.000000 0.000000 0.000000
1.000000 0.000000 0.000000
1.000000 0.000000 0.000000
1.000000 0.000000 0.000000
1.000000 0.000000 0.000000
-1.000000 0.000000 0.000000
-1.000000 0.000000 0.000000
-1.000000 0.000000 0.000000
-1.000000 0.000000 0.000000
-1.000000 0.000000 0.000000
-1.000000 0.000000 0.000000
1.000000 0.000000 0.000000
1.000000 0.000000 0.000000
1.000000 0.000000 0.000000
1.000000 0.000000 0.000000
1.000000 0.000000 0.000000
1.000000 0.000000 0.000000
-1.000000 0.000000 0.000000
-1.000000 0.000000 0.000000
-1.000000 0.000000 0.000000
-1.000000 0.000000 0.000000
-1.000000 0.000000 0.000000
-1.000000 0.000000 0.000000
0.000000 1.000000 0.000000
0.000000 1.000000 0.000000
0.000000 1.000000 0.000000
0.000000 1.000000 0.000000
0.000000 1.000000 0.000000
0.000000 1.000000 0.000000
0.000000 1.000000 0.000000
0.000000 1.000000 0.000000
0.000000 1.000000 0.000000
0.000000 1.000000 0.000000
0.000000 1.000000 0.000000
0.000000 1.000000 0.000000
0.000000 1.000000 0.000000
0.000000 1.000000 0.000000
0.000000 1.000000 0.000000
0.000000 1.000000 0.000000
0.000000 1.000000 0.000000
0.000000 1.000000 0.000000
0.000000 1.000000 0.000000
0.000000 1.000000 0.000000
0.000000 1.000000 0.000000
0.000000 1.000000 0.000000
0.000000 1.000000 0.000000
0.000000 1.000000 0.000000
0.927184 -0.374607 0.000000
0.991416 -0.130746 0.000000
0.927184 -0.374607 0.000000
0.991416 -0.130746 0.000000
0.991416 -0.130746 0.000000
0.927184 -0.374607 0.000000
0.777146 -0.629320 0.000000
0.927184 -0.374607 0.000000
0.777146 -0.629320 0.000000
0.927184 -0.374607 0.000000
0.927184 -0.374607 0.000000
0.777146 -0.629320 0.000000
0.559193 -0.829037 0.000000
0.777146 -0.629320 0.000000
0.559193 -0.829037 0.000000
0.777146 -0.629320 0.000000
0.777146 -0.629320 0.000000
0.559193 -0.829037 0.000000
0.292370 -0.956305 0.000000
0.559193 -0.829037 0.000000
0.292371 -0.956305 0.000000
0.559193 -0.829037 0.000000
0.559193 -0.829037 0.000000
0.292371 -0.956305 0.000000
0.000000 -1.000000 0.000000
0.292370 -0.956305 0.000000
0.000000 -1.000000 0.000000
0.292370 -0.956305 0.000000
0.292371 -0.956305 0.000000
0.000000 -1.000000 0.000000
-0.292370 -0.956305 0.000000
0.000000 -1.000000 0.000000
-0.292370 -0.956305 0.000000
0.000000 -1.000000 0.000000
0.000000 -1.000000 0.000000
-0.292370 -0.956305 0.000000
-0.559193 -0.829037 0.000000
-0.292370 -0.956305 0.000000
-0.559193 -0.829037 0.000000
-0.292370 -0.956305 0.000000
-0.292370 -0.956305 0.000000
-0.559193 -0.829037 0.000000
-0.777146 -0.629320 0.000000
-0.559193 -0.829037 0.000000
-0.777147 -0.629320 0.000000
-0.559193 -0.829037 0.000000
-0.559193 -0.829037 0.000000
-0.777147 -0.629320 0.000000
-0.927184 -0.374607 0.000000
-0.777146 -0.629320 0.000000
-0.927184 -0.374607 0.000000
-0.777146 -0.629320 0.000000
-0.777147 -0.629320 0.000000
-0.927184 -0.374607 0.000000
-0.991416 -0.130746 0.000000
-0.927184 -0.374607 0.000000
-0.991416 -0.130746 0.000000
-0.927184 -0.374607 0.000000
-0.927184 -0.374607 0.000000
-0.991416 -0.130746 0.000000
0.927184 -0.374607 0.000000
0.991416 -0.130746 0.000000
0.927184 -0.374607 0.000000
0.991416 -0.130746 0.000000
0.991416 -0.130746 0.000000
0.927184 -0.374607 0.000000
0.777146 -0.629320 0.000000
0.927184 -0.374607 0.000000
0.777146 -0.629320 0.000000
0.927184 -0.374607 0.000000
0.927184 -0.374607 0.000000
0.777146 -0.629320 0.000000
0.559193 -0.829037 0.000000
0.777146 -0.629320 0.000000
0.559193 -0.829037 0.000000
0.777146 -0.629320 0.000000
0.777146 -0.629320 0.000000
0.559193 -0.829037 0.000000
0.292371 -0.956305 0.000000
0.559193 -0.829037 0.000000
0.292370 -0.956305 0.000000
0.559193 -0.829037 0.000000
0.559193 -0.829037 0.000000
0.292370 -0.956305 0.000000
0.000000 -1.000000 0.000000
0.292371 -0.956305 0.000000
0.000000 -1.000000 0.000000
0.292371 -0.956305 0.000000
0.292370 -0.956305 0.000000
0.000000 -1.000000 0.000000
-0.292370 -0.956305 0.000000
0.000000 -1.000000 0.000000
-0.292370 -0.956305 0.000000
0.000000 -1.000000 0.000000
0.000000 -1.000000 0.000000
-0.292370 -0.956305 0.000000
-0.559193 -0.829037 0.000000
-0.292370 -0.956305 0.000000
-0.559193 -0.829037 0.000000
-0.292370 -0.956305 0.000000
-0.292370 -0.956305 0.000000
-0.559193 -0.829037 0.000000
-0.777146 -0.629320 0.000000
-0.559193 -0.829037 0.000000
-0.777146 -0.629320 0.000000
-0.559193 -0.829037 0.000000
-0.559193 -0.829037 0.000000
-0.777146 -0.629320 0.000000
-0.927184 -0.374607 0.000000
-0.777146 -0.629320 0.000000
-0.927184 -0.374607 0.000000
-0.777146 -0.629320 0.000000
-0.777146 -0.629320 0.000000
-0.927184 -0.374607 0.000000
-0.991416 -0.130746 0.000000
-0.927184 -0.374607 0.000000
-0.991416 -0.130746 0.000000
-0.927184 -0.374607 0.000000
-0.927184 -0.374607 0.000000
-0.991416 -0.130746 0.000000
0.927184 -0.374607 0.000000
0.991416 -0.130746 0.000000
0.927184 -0.374607 0.000000
0.991416 -0.130746 0.000000
0.991416 -0.130746 0.000000
0.927184 -0.374607 0.000000
0.777146 -0.629320 0.000000
0.927184 -0.374607 0.000000
0.777146 -0.629320 0.000000
0.927184 -0.374607 0.000000
0.927184 -0.374607 0.000000
0.777146 -0.629320 0.000000
0.559193 -0.829037 0.000000
0.777146 -0.629320 0.000000
0.559193 -0.829037 0.000000
0.777146 -0.629320 0.000000
0.777146 -0.629320 0.000000
0.559193 -0.829037 0.000000
0.292370 -0.956305 0.000000
0.559193 -0.829037 0.000000
0.292370 -0.956305 0.000000
0.559193 -0.829037 0.000000
0.559193 -0.829037 0.000000
0.292370 -0.956305 0.000000
0.000000 -1.000000 0.000000
0.292370 -0.956305 0.000000
0.000000 -1.000000 0.000000
0.292370 -0.956305 0.000000
0.292370 -0.956305 0.000000
0.000000 -1.000000 0.000000
-0.292370 -0.956305 0.000000
0.000000 -1.000000 0.000000
-0.292370 -0.956305 0.000000
0.000000 -1.000000 0.000000
0.000000 -1.000000 0.000000
-0.292370 -0.956305 0.000000
-0.559193 -0.829037 0.000000
-0.292370 -0.956305 0.000000
-0.559193 -0.829037 0.000000
-0.292370 -0.956305 0.000000
-0.292370 -0.956305 0.000000
-0.559193 -0.829037 0.000000
-0.777146 -0.629320 0.000000
-0.559193 -0.829037 0.000000
-0.777146 -0.629320 0.000000
-0.559193 -0.829037 0.000000
-0.559193 -0.829037 0.000000
-0.777146 -0.629320 0.000000
-0.927184 -0.374607 0.000000
-0.777146 -0.629320 0.000000
-0.927184 -0.374607 0.000000
-0.777146 -0.629320 0.000000
-0.777146 -0.629320 0.000000
-0.927184 -0.374607 0.000000
-0.991416 -0.130746 0.000000
-0.927184 -0.374607 0.000000
-0.991416 -0.130746 0.000000
-0.927184 -0.374607 0.000000
-0.927184 -0.374607 0.000000
-0.991416 -0.130746 0.000000
0.927184 -0.374607 0.000000
0.991416 -0.130746 0.000000
0.927184 -0.374607 0.000000
0.991416 -0.130746 0.000000
0.991416 -0.130746 0.000000
0.927184 -0.374607 0.000000
0.777146 -0.629320 0.000000
0.927184 -0.374607 0.000000
0.777146 -0.629320 0.000000
0.927184 -0.374607 0.000000
0.927184 -0.374607 0.000000
0.777146 -0.629320 0.000000
0.559193 -0.829037 0.000000
0.777146 -0.629320 0.000000
0.559193 -0.829037 0.000000
0.777146 -0.629320 0.000000
0.777146 -0.629320 0.000000
0.559193 -0.829037 0.000000
0.292370 -0.956305 0.000000
0.559193 -0.829037 0.000000
0.292370 -0.956305 0.000000
0.559193 -0.829037 0.000000
0.559193 -0.829037 0.000000
0.292370 -0.956305 0.000000
0.000000 -1.000000 0.000000
0.292370 -0.956305 0.000000
0.000000 -1.000000 0.000000
0.292370 -0.956305 0.000000
0.292370 -0.956305 0.000000
0.000000 -1.000000 0.000000
-0.292370 -0.956305 0.000000
0.000000 -1.000000 0.000000
-0.292370 -0.956305 0.000000
0.000000 -1.000000 0.000000
0.000000 -1.000000 0.000000
-0.292370 -0.956305 0.000000
-0.559193 -0.829037 0.000000
-0.292370 -0.956305 0.000000
-0.559193 -0.829037 0.000000
-0.292370 -0.956305 0.000000
-0.292370 -0.956305 0.000000
-0.559193 -0.829037 0.000000
-0.777146 -0.629320 0.000000
-0.559193 -0.829037 0.000000
-0.777146 -0.629320 0.000000
-0.559193 -0.829037 0.000000
-0.559193 -0.829037 0.000000
-0.777146 -0.629320 0.000000
-0.927184 -0.374607 0.000000
-0.777146 -0.629320 0.000000
-0.927184 -0.374607 0.000000
-0.777146 -0.629320 0.000000
-0.777146 -0.629320 0.000000
-0.927184 -0.374607 0.000000
-0.991416 -0.130746 0.000000
-0.927184 -0.374607 0.000000
-0.991416 -0.130746 0.000000
-0.927184 -0.374607 0.000000
-0.927184 -0.374607 0.000000
-0.991416 -0.130746 0.000000
1.000000 0.000000 0.000000
1.000000 0.000000 0.000000
0.991416 -0.130746 0.000000
0.991416 -0.130746 0.000000
1.000000 0.000000 0.000000
0.991416 -0.130746 0.000000
-1.000000 0.000000 0.000000
-0.991416 -0.130746 0.000000
-0.991416 -0.130746 0.000000
-1.000000 0.000000 0.000000
-0.991416 -0.130746 0.000000
-1.000000 0.000000 0.000000
1.000000 0.000000 0.000000
0.991416 -0.130746 0.000000
1.000000 0.000000 0.000000
0.991416 -0.130746 0.000000
1.000000 0.000000 0.000000
0.991416 -0.130746 0.000000
-1.000000 0.000000 0.000000
-0.991416 -0.130746 0.000000
-0.991416 -0.130746 0.000000
-1.000000 0.000000 0.000000
-0.991416 -0.130746 0.000000
-1.000000 0.000000 0.000000
1.000000 0.000000 0.000000
0.991416 -0.130746 0.000000
1.000000 0.000000 0.000000
0.991416 -0.130746 0.000000
1.000000 0.000000 0.000000
0.991416 -0.130746 0.000000
-1.000000 0.000000 0.000000
-0.991416 -0.130746 0.000000
-0.991416 -0.130746 0.000000
-1.000000 0.000000 0.000000
-0.991416 -0.130746 0.000000
-1.000000 0.000000 0.000000
1.000000 0.000000 0.000000
1.000000 0.000000 0.000000
0.991416 -0.130746 0.000000
0.991416 -0.130746 0.000000
1.000000 0.000000 0.000000
0.991416 -0.130746 0.000000
-1.000000 0.000000 0.000000
-0.991416 -0.130746 0.000000
-0.991416 -0.130746 0.000000
-1.000000 0.000000 0.000000
-0.991416 -0.130746 0.000000
-1.000000 0.000000 0.000000
1.000000 0.000000 0.000000
1.000000 0.000000 0.000000
1.000000 0.000000 0.000000
1.000000 0.000000 0.000000
1.000000 0.000000 0.000000
1.000000 0.000000 0.000000
-1.000000 0.000000 0.000000
-1.000000 0.000000 0.000000
-1.000000 0.000000 0.000000
-1.000000 0.000000 0.000000
-1.000000 0.000000 0.000000
-1.000000 0.000000 0.000000
1.000000 0.000000 0.000000
1.000000 0.000000 0.000000
1.000000 0.000000 0.000000
1.000000 0.000000 0.000000
1.000000 0.000000 0.000000
1.000000 0.000000 0.000000
-1.000000 0.000000 0.000000
-1.000000 0.000000 0.000000
-1.000000 0.000000 0.000000
-1.000000 0.000000 0.000000
-1.000000 0.000000 0.000000
-1.000000 0.000000 0.000000
1.000000 0.000000 0.000000
1.000000 0.000000 0.000000
1.000000 0.000000 0.000000
1.000000 0.000000 0.000000
1.000000 0.000000 0.000000
1.000000 0.000000 0.000000
-1.000000 0.000000 0.000000
-1.000000 0.000000 0.000000
-1.000000 0.000000 0.000000
-1.000000 0.000000 0.000000
-1.000000 0.000000 0.000000
-1.000000 0.000000 0.000000
1.000000 0.000000 0.000000
1.000000 0.000000 0.000000
1.000000 0.000000 0.000000
1.000000 0.000000 0.000000
1.000000 0.000000 0.000000
1.000000 0.000000 0.000000
-1.000000 0.000000 0.000000
-1.000000 0.000000 0.000000
-1.000000 0.000000 0.000000
-1.000000 0.000000 0.000000
-1.000000 0.000000 0.000000
-1.000000 0.000000 0.000000
1.000000 0.000000 0.000000
1.000000 0.000000 0.000000
1.000000 0.000000 0.000000
1.000000 0.000000 0.000000
1.000000 0.000000 0.000000
1.000000 0.000000 0.000000
-1.000000 0.000000 0.000000
-1.000000 0.000000 0.000000
-1.000000 0.000000 0.000000
-1.000000 0.000000 0.000000
-1.000000 0.000000 0.000000
-1.000000 0.000000 0.000000
1.000000 0.000000 0.000000
1.000000 0.000000 0.000000
1.000000 0.000000 0.000000
1.000000 0.000000 0.000000
1.000000 0.000000 0.000000
1.000000 0.000000 0.000000
-1.000000 0.000000 0.000000
-1.000000 0.000000 0.000000
-1.000000 0.000000 0.000000
-1.000000 0.000000 0.000000
-1.000000 0.000000 0.000000
-1.000000 0.000000 0.000000
1.000000 0.000000 0.000000
1.000000 0.000000 0.000000
1.000000 0.000000 0.000000
1.000000 0.000000 0.000000
1.000000 0.000000 0.000000
1.000000 0.000000 0.000000
-1.000000 0.000000 0.000000
-1.000000 0.000000 0.000000
-1.000000 0.000000 0.000000
-1.000000 0.000000 0.000000
-1.000000 0.000000 0.000000
-1.000000 0.000000 0.000000
1.000000 0.000000 0.000000
1.000000 0.000000 0.000000
1.000000 0.000000 0.000000
1.000000 0.000000 0.000000
1.000000 0.000000 0.000000
1.000000 0.000000 0.000000
-1.000000 0.000000 0.000000
-1.000000 0.000000 0.000000
-1.000000 0.000000 0.000000
-1.000000 0.000000 0.000000
-1.000000 0.000000 0.000000
-1.000000 0.000000 0.000000
0.000000 1.000000 0.000000
0.000000 1.000000 0.000000
0.000000 1.000000 0.000000
0.000000 1.000000 0.000000
0.000000 1.000000 0.000000
0.000000 1.000000 0.000000
0.000000 1.000000 0.000000
0.000000 1.000000 0.000000
0.000000 1.000000 0.000000
0.000000 1.000000 0.000000
0.000000 1.000000 0.000000
0.000000 1.000000 0.000000
0.000000 1.000000 0.000000
0.000000 1.000000 0.000000
0.000000 1.000000 0.000000
0.000000 1.000000 0.000000
0.000000 1.000000 0.000000
0.000000 1.000000 0.000000
0.000000 1.000000 0.000000
0.000000 1.000000 0.000000
0.000000 1.000000 0.000000
0.000000 1.000000 0.000000
0.000000 1.000000 0.000000
0.000000 1.000000 0.000000
0.000000 1.000000 0.000000
0.000000 1.000000 0.000000
0.000000 1.000000 0.000000
0.000000 1.000000 0.000000
0.000000 1.000000 0.000000
0.000000 1.000000 0.000000
0.000000 1.000000 0.000000
0.000000 1.000000 0.000000
0.000000 1.000000 0.000000
0.000000 1.000000 0.000000
0.000000 1.000000 0.000000
0.000000 1.000000 0.000000
0.000000 1.000000 0.000000
0.000000 1.000000 0.000000
0.000000 1.000000 0.000000
0.000000 1.000000 0.000000
0.000000 1.000000 0.000000
0.000000 1.000000 0.000000
0.000000 1.000000 0.000000
0.000000 1.000000 0.000000
0.000000 1.000000 0.000000
0.000000 1.000000 0.000000
0.000000 1.000000 0.000000
0.000000 1.000000 0.000000
0.000000 0.000000 1.000000
0.000000 0.000000 1.000000
0.000000 0.000000 1.000000
0.000000 0.000000 1.000000
0.000000 0.000000 1.000000
0.000000 0.000000 1.000000
0.000000 0.000000 -1.000000
0.000000 0.000000 -1.000000
0.000000 0.000000 -1.000000
0.000000 0.000000 -1.000000
0.000000 0.000000 -1.000000
0.000000 0.000000 -1.000000
0.000000 0.000000 -1.000000
-0.000000 0.000000 -1.000000
0.000000 0.000000 -1.000000
0.000000 0.000000 -1.000000
-0.000000 0.000000 -1.000000
-0.000000 0.000000 -1.000000
0.000000 0.000000 1.000000
0.000000 0.000000 1.000000
0.000000 0.000000 1.000000
0.000000 0.000000 1.000000
0.000000 0.000000 1.000000
0.000000 0.000000 1.000000
-0.000000 0.000000 -1.000000
-0.000000 0.000000 -1.000000
-0.000000 0.000000 -1.000000
-0.000000 0.000000 -1.000000
-0.000000 0.000000 -1.000000
0.000000 0.000000 -1.000000
0.000000 0.000000 1.000000
0.000000 0.000000 1.000000
0.000000 0.000000 1.000000
0.000000 0.000000 1.000000
0.000000 0.000000 1.000000
0.000000 0.000000 1.000000
0.000000 0.000000 -1.000000
0.000000 0.000000 -1.000000
-0.000000 0.000000 -1.000000
0.000000 0.000000 -1.000000
0.000000 0.000000 -1.000000
0.000000 0.000000 -1.000000
0.000000 0.000000 1.000000
0.000000 0.000000 1.000000
0.000000 0.000000 1.000000
0.000000 0.000000 1.000000
0.000000 0.000000 1.000000
0.000000 0.000000 1.000000
0.000000 0.000000 -1.000000
0.000000 0.000000 -1.000000
0.000000 0.000000 -1.000000
0.000000 0.000000 -1.000000
0.000000 0.000000 -1.000000
0.000000 0.000000 -1.000000
0.000000 0.000000 1.000000
0.000000 0.000000 1.000000
0.000000 0.000000 1.000000
0.000000 0.000000 1.000000
0.000000 0.000000 1.000000
0.000000 0.000000 1.000000
0.000000 0.000000 -1.000000
0.000000 0.000000 -1.000000
0.000000 0.000000 -1.000000
0.000000 0.000000 -1.000000
0.000000 0.000000 -1.000000
0.000000 0.000000 -1.000000
0.000000 0.000000 1.000000
0.000000 0.000000 1.000000
0.000000 0.000000 1.000000
0.000000 0.000000 1.000000
0.000000 0.000000 1.000000
0.000000 0.000000 1.000000
0.000000 0.000000 -1.000000
0.000000 0.000000 -1.000000
0.000000 0.000000 -1.000000
0.000000 0.000000 -1.000000
0.000000 0.000000 -1.000000
0.000000 0.000000 -1.000000
0.000000 0.000000 1.000000
0.000000 0.000000 1.000000
0.000000 0.000000 1.000000
0.000000 0.000000 1.000000
0.000000 0.000000 1.000000
0.000000 0.000000 1.000000
0.000000 0.000000 -1.000000
0.000000 0.000000 -1.000000
0.000000 0.000000 -1.000000
0.000000 0.000000 -1.000000
0.000000 0.000000 -1.000000
0.000000 0.000000 -1.000000
0.000000 0.000000 1.000000
0.000000 0.000000 1.000000
0.000000 0.000000 1.000000
0.000000 0.000000 1.000000
0.000000 0.000000 1.000000
0.000000 0.000000 1.000000
0.000000 0.000000 -1.000000
0.000000 0.000000 -1.000000
0.000000 0.000000 -1.000000
0.000000 0.000000 -1.000000
0.000000 0.000000 -1.000000
0.000000 0.000000 -1.000000
0.000000 0.000000 1.000000
0.000000 0.000000 1.000000
0.000000 0.000000 1.000000
0.000000 0.000000 1.000000
0.000000 0.000000 1.000000
0.000000 0.000000 1.000000
0.000000 0.000000 -1.000000
0.000000 0.000000 -1.000000
0.000000 0.000000 -1.000000
0.000000 0.000000 -1.000000
0.000000 0.000000 -1.000000
0.000000 0.000000 -1.000000
0.000000 0.000000 1.000000
0.000000 0.000000 1.000000
0.000000 0.000000 1.000000
0.000000 0.000000 1.000000
0.000000 0.000000 1.000000
0.000000 0.000000 1.000000
-0.000000 0.000000 -1.000000
0.000000 0.000000 -1.000000
-0.000000 0.000000 -1.000000
0.000000 0.000000 -1.000000
-0.000000 0.000000 -1.000000
0.000000 0.000000 -1.000000
0.000000 0.000000 1.000000
0.000000 0.000000 1.000000
0.000000 0.000000 1.000000
0.000000 0.000000 1.000000
0.000000 0.000000 1.000000
0.000000 0.000000 1.000000
-0.000000 0.000000 -1.000000
-0.000000 0.000000 -1.000000
-0.000000 0.000000 -1.000000
-0.000000 0.000000 -1.000000
-0.000000 0.000000 -1.000000
-0.000000 0.000000 -1.000000
0.000000 0.000000 1.000000
0.000000 0.000000 1.000000
0.000000 0.000000 1.000000
0.000000 0.000000 1.000000
0.000000 0.000000 1.000000
0.000000 0.000000 1.000000
0.000000 0.000000 1.000000
0.000000 0.000000 1.000000
0.000000 0.000000 1.000000
0.000000 0.000000 1.000000
0.000000 0.000000 1.000000
0.000000 0.000000 1.000000
0.000000 0.000000 -1.000000
0.000000 0.000000 -1.000000
0.000000 0.000000 -1.000000
0.000000 0.000000 -1.000000
0.000000 0.000000 -1.000000
0.000000 0.000000 -1.000000
0.000000 0.000000 -1.000000
-0.000000 0.000000 -1.000000
0.000000 0.000000 -1.000000
-0.000000 0.000000 -1.000000
0.000000 0.000000 -1.000000
-0.000000 0.000000 -1.000000
0.000000 0.000000 1.000000
0.000000 0.000000 1.000000
0.000000 0.000000 1.000000
0.000000 0.000000 1.000000
0.000000 0.000000 1.000000
0.000000 0.000000 1.000000
0.000000 0.000000 1.000000
0.000000 0.000000 1.000000
0.000000 0.000000 1.000000
0.000000 0.000000 1.000000
0.000000 0.000000 1.000000
0.000000 0.000000 1.000000
0.000000 0.000000 -1.000000
0.000000 0.000000 -1.000000
0.000000 0.000000 -1.000000
0.000000 0.000000 -1.000000
0.000000 0.000000 -1.000000
0.000000 0.000000 -1.000000
0.000000 0.000000 -1.000000
0.000000 0.000000 -1.000000
0.000000 0.000000 -1.000000
0.000000 0.000000 -1.000000
0.000000 0.000000 -1.000000
0.000000 0.000000 -1.000000
0.000000 0.000000 1.000000
0.000000 0.000000 1.000000
0.000000 0.000000 1.000000
0.000000 0.000000 1.000000
0.000000 0.000000 1.000000
0.000000 0.000000 1.000000
0.000000 0.000000 1.000000
0.000000 0.000000 1.000000
0.000000 0.000000 1.000000
0.000000 0.000000 1.000000
0.000000 0.000000 1.000000
0.000000 0.000000 1.000000
-0.740496 0.672061 0.000000
-0.740496 0.672061 0.000000
-0.740496 0.672061 0.000000
-0.740496 0.672061 0.000000
-0.740496 0.672061 0.000000
-0.740496 0.672061 0.000000
0.000000 0.000000 -1.000000
0.000000 0.000000 -1.000000
0.000000 0.000000 -1.000000
0.000000 0.000000 -1.000000
0.000000 0.000000 -1.000000
0.000000 0.000000 -1.000000
0.000000 0.000000 -1.000000
0.000000 0.000000 -1.000000
0.000000 0.000000 -1.000000
0.000000 0.000000 -1.000000
0.000000 0.000000 -1.000000
0.000000 0.000000 -1.000000
0.740496 0.672061 0.000000
0.740496 0.672061 0.000000
0.740496 0.672061 0.000000
0.740496 0.672061 0.000000
0.740496 0.672061 0.000000
0.740496 0.672061 0.000000
0.000000 0.000000 1.000000
0.000000 0.000000 1.000000
0.000000 0.000000 1.000000
0.000000 0.000000 1.000000
0.000000 0.000000 1.000000
0.000000 0.000000 1.000000
0.000000 0.000000 1.000000
-0.000001 0.000000 1.000000
0.000000 0.000000 1.000000
-0.000001 0.000000 1.000000
0.000000 0.000000 1.000000
-0.000002 0.000000 1.000000
0.000000 0.000000 -1.000000
0.000000 0.000000 -1.000000
0.000000 0.000000 -1.000000
0.000000 0.000000 -1.000000
0.000000 0.000000 -1.000000
0.000000 0.000000 -1.000000
0.000000 0.000000 -1.000000
0.000000 0.000000 -1.000000
0.000000 0.000000 -1.000000
0.000000 0.000000 -1.000000
0.000000 0.000000 -1.000000
0.000000 0.000000 -1.000000
0.000000 0.000000 1.000000
0.000000 0.000000 1.000000
0.000000 0.000000 1.000000
0.000000 0.000000 1.000000
0.000000 0.000000 1.000000
0.000000 0.000000 1.000000
0.000000 0.000000 -1.000000
0.000000 0.000000 -1.000000
0.000000 0.000000 -1.000000
0.000000 0.000000 -1.000000
0.000000 0.000000 -1.000000
0.000000 0.000000 -1.000000
0.000000 0.000000 1.000000
0.000000 0.000000 1.000000
0.000000 0.000000 1.000000
0.000000 0.000000 1.000000
0.000000 0.000000 1.000000
0.000000 0.000000 1.000000
0.000000 0.000000 -1.000000
0.000000 0.000000 -1.000000
0.000000 0.000000 -1.000000
0.000000 0.000000 -1.000000
0.000000 0.000000 -1.000000
0.000000 0.000000 -1.000000
0.000000 0.000000 1.000000
0.000000 0.000000 1.000000
0.000000 0.000000 1.000000
0.000000 0.000000 1.000000
0.000000 0.000000 1.000000
0.000000 0.000000 1.000000
-0.000000 0.000000 -1.000000
0.000000 0.000000 -1.000000
-0.000000 0.000000 -1.000000
0.000000 0.000000 -1.000000
0.000000 0.000000 -1.000000
-0.000000 0.000000 -1.000000
0.000000 0.000000 1.000000
0.000000 0.000000 1.000000
0.000000 0.000000 1.000000
0.000000 0.000000 1.000000
0.000000 0.000000 1.000000
0.000000 0.000000 1.000000
-0.000000 0.000000 -1.000000
-0.000000 0.000000 -1.000000
-0.000000 0.000000 -1.000000
-0.000000 0.000000 -1.000000
-0.000000 0.000000 -1.000000
-0.000000 0.000000 -1.000000
0.000000 0.000000 1.000000
0.000000 0.000000 1.000000
0.000000 0.000000 1.000000
0.000000 0.000000 1.000000
0.000000 0.000000 1.000000
0.000000 0.000000 1.000000
-0.000000 0.000000 -1.000000
0.000000 0.000000 -1.000000
-0.000000 0.000000 -1.000000
0.000000 0.000000 -1.000000
-0.000000 0.000000 -1.000000
0.000000 0.000000 -1.000000
0.000000 0.000000 1.000000
0.000000 0.000000 1.000000
0.000000 0.000000 1.000000
0.000000 0.000000 1.000000
0.000000 0.000000 1.000000
0.000000 0.000000 1.000000
0.000000 0.000000 -1.000000
0.000001 0.000000 -1.000000
0.000000 0.000000 -1.000000
0.000001 0.000000 -1.000000
0.000000 0.000000 -1.000000
0.000001 0.000000 -1.000000
0.000000 0.000000 1.000000
0.000000 0.000000 1.000000
0.000000 0.000000 1.000000
0.000000 0.000000 1.000000
0.000000 0.000000 1.000000
0.000000 0.000000 1.000000
0.000001 0.000000 -1.000000
0.000001 0.000000 -1.000000
0.000001 0.000000 -1.000000
0.000001 0.000000 -1.000000
0.000001 0.000000 -1.000000
0.000001 0.000000 -1.000000
0.000000 0.000000 1.000000
0.000000 0.000000 1.000000
0.000000 0.000000 1.000000
0.000000 0.000000 1.000000
0.000000 0.000000 1.000000
0.000000 0.000000 1.000000
0.000001 0.000000 -1.000000
0.000000 0.000000 -1.000000
0.000001 0.000000 -1.000000
0.000000 0.000000 -1.000000
0.000001 0.000000 -1.000000
0.000000 0.000000 -1.000000
0.000000 0.000000 1.000000
0.000000 0.000000 1.000000
0.000000 0.000000 1.000000
0.000000 0.000000 1.000000
0.000000 0.000000 1.000000
0.000000 0.000000 1.000000
0.000000 0.000000 -1.000000
0.000000 0.000000 -1.000000
0.000000 0.000000 -1.000000
0.000000 0.000000 -1.000000
0.000000 0.000000 -1.000000
0.000000 0.000000 -1.000000
0.000000 0.000000 1.000000
0.000000 0.000000 1.000000
0.000000 0.000000 1.000000
0.000000 0.000000 1.000000
0.000000 0.000000 1.000000
0.000000 0.000000 1.000000
0.000000 0.000000 -1.000000
0.000000 0.000000 -1.000000
0.000000 0.000000 -1.000000
0.000000 0.000000 -1.000000
0.000000 0.000000 -1.000000
0.000000 0.000000 -1.000000
0.000000 0.000000 1.000000
0.000001 0.000000 1.000000
0.000000 0.000000 1.000000
0.000000 0.000000 1.000000
0.000001 0.000000 1.000000
0.000002 0.000000 1.000000
-0.000002 0.000000 1.000000
-0.000002 0.000000 1.000000
-0.000001 0.000000 1.000000
-0.000002 0.000000 1.000000
-0.000002 0.000000 1.000000
-0.000001 0.000000 1.000000
0.000000 0.000000 -1.000000
0.000000 0.000000 -1.000000
0.000000 0.000000 -1.000000
0.000000 0.000000 -1.000000
0.000000 0.000000 -1.000000
0.000000 0.000000 -1.000000
0.000000 0.000000 -1.000000
0.000000 0.000000 -1.000000
0.000000 0.000000 -1.000000
0.000000 0.000000 -1.000000
0.000000 0.000000 -1.000000
0.000000 0.000000 -1.000000
0.000001 0.000000 1.000000
0.000002 0.000000 1.000000
0.000002 0.000000 1.000000
0.000002 0.000000 1.000000
0.000002 0.000000 1.000000
0.000001 0.000000 1.000000
-0.000001 0.000000 1.000000
0.000000 0.000000 1.000000
-0.000002 0.000000 1.000000
0.000000 0.000000 1.000000
-0.000001 0.000000 1.000000
0.000000 0.000000 1.000000
0.000000 0.000000 -1.000000
0.000000 0.000000 -1.000000
0.000000 0.000000 -1.000000
0.000000 0.000000 -1.000000
0.000000 0.000000 -1.000000
0.000000 0.000000 -1.000000
0.000000 0.000000 -1.000000
0.000000 0.000000 -1.000000
0.000000 0.000000 -1.000000
0.000000 0.000000 -1.000000
0.000000 0.000000 -1.000000
0.000000 0.000000 -1.000000
0.000002 0.000000 1.000000
0.000000 0.000000 1.000000
0.000001 0.000000 1.000000
0.000001 0.000000 1.000000
0.000000 0.000000 1.000000
0.000000 0.000000 1.000000
0.000000 0.000000 1.000000
0.000000 0.000000 1.000000
0.000000 0.000000 1.000000
0.000000 0.000000 1.000000
0.000000 0.000000 1.000000
0.000000 0.000000 1.000000
-0.740495 0.672062 0.000000
-0.740495 0.672062 0.000000
-0.740495 0.672062 0.000000
-0.740495 0.672062 0.000000
-0.740495 0.672062 0.000000
-0.740495 0.672062 0.000000
0.000000 0.000000 -1.000000
0.000000 0.000000 -1.000000
0.000000 0.000000 -1.000000
0.000000 0.000000 -1.000000
0.000000 0.000000 -1.000000
0.000000 0.000000 -1.000000
0.000000 0.000000 -1.000000
0.000000 0.000000 -1.000000
0.000000 0.000000 -1.000000
0.000000 0.000000 -1.000000
0.000000 0.000000 -1.000000
0.000000 0.000000 -1.000000
0.740496 0.672061 0.000000
0.740496 0.672061 0.000000
0.740496 0.672061 0.000000
0.740496 0.672061 0.000000
0.740496 0.672061 0.000000
0.740496 0.672061 0.000000
0.000000 0.000000 1.000000
0.000000 0.000000 1.000000
0.000000 0.000000 1.000000
0.000000 0.000000 1.000000
0.000000 0.000000 1.000000
0.000000 0.000000 1.000000
0.000000 1.000000 0.000000
0.000000 1.000000 0.000000
0.000000 1.000000 0.000000
0.000000 1.000000 0.000000
0.000000 1.000000 0.000000
0.000000 1.000000 0.000000
0.000000 1.000000 0.000000
0.000000 1.000000 0.000000
0.000000 1.000000 0.000000
0.000000 1.000000 0.000000
0.000000 1.000000 0.000000
0.000000 1.000000 0.000000
0.000000 1.000000 0.000000
0.000000 1.000000 0.000000
0.000000 1.000000 0.000000
0.000000 1.000000 0.000000
0.000000 1.000000 0.000000
0.000000 1.000000 0.000000
0.000000 1.000000 0.000000
0.000000 1.000000 0.000000
0.000000 1.000000 0.000000
0.000000 1.000000 0.000000
0.000000 1.000000 0.000000
0.000000 1.000000 0.000000
0.000000 1.000000 0.000000
0.000000 1.000000 0.000000
0.000000 1.000000 0.000000
0.000000 1.000000 0.000000
0.000000 1.000000 0.000000
0.000000 1.000000 0.000000
0.000000 1.000000 0.000000
0.000000 1.000000 0.000000
0.000000 1.000000 0.000000
0.000000 1.000000 0.000000
0.000000 1.000000 0.000000
0.000000 1.000000 0.000000
0.000000 1.000000 0.000000
0.000000 1.000000 0.000000
0.000000 1.000000 0.000000
0.000000 1.000000 0.000000
0.000000 1.000000 0.000000
0.000000 1.000000 0.000000
0.000000 1.000000 0.000000
0.000000 1.000000 0.000000
0.000000 1.000000 0.000000
0.000000 1.000000 0.000000
0.000000 1.000000 0.000000
0.000000 1.000000 0.000000
0.000000 1.000000 0.000000
0.000000 1.000000 0.000000
0.000000 1.000000 0.000000
0.000000 1.000000 0.000000
0.000000 1.000000 0.000000
0.000000 1.000000 0.000000
0.000000 1.000000 0.000000
0.000000 1.000000 0.000000
0.000000 1.000000 0.000000
0.000000 1.000000 0.000000
0.000000 1.000000 0.000000
0.000000 1.000000 0.000000
0.000000 1.000000 0.000000
0.000000 1.000000 0.000000
0.000000 1.000000 0.000000
0.000000 1.000000 0.000000
0.000000 1.000000 0.000000
0.000000 1.000000 0.000000
0.000000 1.000000 0.000000
0.000000 1.000000 0.000000
0.000000 1.000000 0.000000
0.000000 1.000000 0.000000
0.000000 1.000000 0.000000
0.000000 1.000000 0.000000
0.000000 0.000000 1.000000
0.000000 0.000000 1.000000
0.000000 0.000000 1.000000
0.000000 0.000000 1.000000
0.000000 0.000000 1.000000
0.000000 0.000000 1.000000
0.000000 0.000000 1.000000
0.000000 0.000000 1.000000
0.000000 0.000000 1.000000
0.000000 0.000000 1.000000
0.000000 0.000000 1.000000
0.000000 0.000000 1.000000
0.000000 0.000000 1.000000
0.000000 0.000000 1.000000
0.000000 0.000000 1.000000
0.000000 0.000000 1.000000
0.000000 0.000000 1.000000
0.000000 0.000000 1.000000
0.000000 0.000000 1.000000
0.000000 0.000000 1.000000
0.000000 0.000000 1.000000
0.000000 0.000000 1.000000
0.000000 0.000000 1.000000
0.000000 0.000000 1.000000
0.000000 0.000000 1.000000
0.000000 0.000000 1.000000
0.000000 0.000000 1.000000
0.000000 0.000000 1.000000
0.000000 0.000000 1.000000
0.000000 0.000000 1.000000
0.000000 0.000000 1.000000
0.000000 0.000000 1.000000
0.000000 0.000000 1.000000
0.000000 0.000000 1.000000
0.000000 0.000000 1.000000
0.000000 0.000000 1.000000
0.000000 0.000000 1.000000
0.000000 0.000000 1.000000
0.000000 0.000000 1.000000
0.000000 0.000000 1.000000
0.000000 0.000000 1.000000
0.000000 0.000000 1.000000
0.000000 0.000000 1.000000
0.000000 0.000000 1.000000
0.000000 0.000000 1.000000
0.000000 0.000000 1.000000
0.000000 0.000000 1.000000
0.000000 0.000000 1.000000
0.000000 0.000000 1.000000
0.000000 0.000000 1.000000
0.000000 0.000000 1.000000
0.927184 -0.374607 0.000000
0.991416 -0.130746 0.000000
0.991416 -0.130746 0.000000
0.927184 -0.374607 0.000000
0.991416 -0.130746 0.000000
0.927184 -0.374607 0.000000
0.777146 -0.629320 0.000000
0.927184 -0.374607 0.000000
0.927184 -0.374607 0.000000
0.777146 -0.629320 0.000000
0.927184 -0.374607 0.000000
0.777146 -0.629320 0.000000
0.559193 -0.829037 0.000000
0.777146 -0.629320 0.000000
0.777146 -0.629320 0.000000
0.559193 -0.829037 0.000000
0.777146 -0.629320 0.000000
0.559193 -0.829037 0.000000
0.292371 -0.956305 0.000000
0.559193 -0.829037 0.000000
0.559193 -0.829037 0.000000
0.292371 -0.956305 0.000000
0.559193 -0.829037 0.000000
0.292371 -0.956305 0.000000
0.000000 -1.000000 0.000000
0.292371 -0.956305 0.000000
0.292371 -0.956305 0.000000
0.000000 -1.000000 0.000000
0.292371 -0.956305 0.000000
0.000000 -1.000000 0.000000
-0.292371 -0.956305 0.000000
0.000000 -1.000000 0.000000
0.000000 -1.000000 0.000000
-0.292371 -0.956305 0.000000
0.000000 -1.000000 0.000000
-0.292371 -0.956305 0.000000
-0.559193 -0.829037 0.000000
-0.292371 -0.956305 0.000000
-0.292371 -0.956305 0.000000
-0.559193 -0.829037 0.000000
-0.292371 -0.956305 0.000000
-0.559193 -0.829037 0.000000
-0.777146 -0.629320 0.000000
-0.559193 -0.829037 0.000000
-0.559193 -0.829037 0.000000
-0.777146 -0.629320 0.000000
-0.559193 -0.829037 0.000000
-0.777146 -0.629320 0.000000
-0.927184 -0.374608 0.000000
-0.777146 -0.629320 0.000000
-0.777146 -0.629320 0.000000
-0.927184 -0.374608 0.000000
-0.777146 -0.629320 0.000000
-0.927184 -0.374608 0.000000
-0.991416 -0.130746 0.000000
-0.927184 -0.374608 0.000000
-0.927184 -0.374608 0.000000
-0.991416 -0.130746 0.000000
-0.927184 -0.374608 0.000000
-0.991416 -0.130746 0.000000
0.991416 -0.130746 0.000000
1.000000 0.000000 0.000000
1.000000 0.000000 0.000000
0.991416 -0.130746 0.000000
1.000000 0.000000 0.000000
0.991416 -0.130746 0.000000
-1.000000 0.000000 0.000000
-0.991416 -0.130746 0.000000
-0.991416 -0.130746 0.000000
-1.000000 0.000000 0.000000
-0.991416 -0.130746 0.000000
-1.000000 0.000000 0.000000
1.000000 0.000000 0.000000
1.000000 0.000000 0.000000
1.000000 0.000000 0.000000
1.000000 0.000000 0.000000
1.000000 0.000000 0.000000
1.000000 0.000000 0.000000
-1.000000 0.000000 0.000000
-1.000000 0.000000 0.000000
-1.000000 0.000000 0.000000
-1.000000 0.000000 0.000000
-1.000000 0.000000 0.000000
-1.000000 0.000000 0.000000
1.000000 0.000000 0.000000
1.000000 0.000000 0.000000
1.000000 0.000000 0.000000
1.000000 0.000000 0.000000
1.000000 0.000000 0.000000
1.000000 0.000000 0.000000
-1.000000 0.000000 0.000000
-1.000000 0.000000 0.000000
-1.000000 0.000000 0.000000
-1.000000 0.000000 0.000000
-1.000000 0.000000 0.000000
-1.000000 0.000000 0.000000
0.000000 1.000000 0.000000
0.000000 1.000000 0.000000
0.000000 1.000000 0.000000
0.000000 1.000000 0.000000
0.000000 1.000000 0.000000
0.000000 1.000000 0.000000
0.000000 1.000000 0.000000
0.000000 1.000000 0.000000
0.000000 1.000000 0.000000
0.000000 1.000000 0.000000
0.000000 1.000000 0.000000
0.000000 1.000000 0.000000
0.000000 1.000000 0.000000
0.000000 1.000000 0.000000
0.000000 1.000000 0.000000
0.000000 1.000000 0.000000
0.000000 1.000000 0.000000
0.000000 1.000000 0.000000
</float_array>
          <technique_common>
            <accessor source="#Box-Normal0-array" count="4548" stride="3">
              <param name="X" type="float"/>
              <param name="Y" type="float"/>
              <param name="Z" type="float"/>
            </accessor>
          </technique_common>
        </source>
        <source id="Box-UV0">
          <float_array id="Box-UV0-array" count="1748">
0.016989 0.449090
0.050411 0.616029
0.050411 0.616029
0.016989 0.449090
0.123164 0.764372
0.123164 0.764372
0.228849 0.880686
0.228849 0.880686
0.358230 0.954805
0.358230 0.954805
0.500000 0.980252
0.500000 0.980252
0.641770 0.954805
0.641770 0.954805
0.771151 0.880686
0.771151 0.880686
0.876836 0.764372
0.876836 0.764372
0.949588 0.616029
0.949588 0.616029
0.983011 0.449090
0.983011 0.449090
0.016989 0.449090
0.050411 0.616029
0.050411 0.616029
0.016989 0.449090
0.123164 0.764372
0.123164 0.764372
0.228849 0.880686
0.228849 0.880686
0.358230 0.954805
0.358230 0.954805
0.500000 0.980252
0.500000 0.980252
0.641770 0.954805
0.641770 0.954805
0.771151 0.880686
0.771151 0.880686
0.876836 0.764372
0.876836 0.764372
0.949588 0.616029
0.949588 0.616029
0.983011 0.449090
0.983011 0.449090
0.050411 0.616029
0.016989 0.449090
0.123164 0.764372
0.228849 0.880686
0.358230 0.954805
0.500000 0.980252
0.641770 0.954805
0.771151 0.880686
0.876836 0.764372
0.949588 0.616029
0.983011 0.449090
0.050411 0.616029
0.016989 0.449090
0.123164 0.764372
0.228849 0.880686
0.358230 0.954805
0.500000 0.980252
0.641770 0.954805
0.771151 0.880686
0.876836 0.764372
0.949588 0.616029
0.983011 0.449090
0.050411 0.616029
0.016989 0.449090
0.123164 0.764372
0.228849 0.880686
0.358230 0.954805
0.500000 0.980252
0.641770 0.954805
0.771151 0.880686
0.876836 0.764372
0.949588 0.616029
0.983011 0.449090
0.016989 0.449090
0.050411 0.616029
0.050411 0.616029
0.016989 0.449090
0.123164 0.764372
0.123164 0.764372
0.228849 0.880686
0.228849 0.880686
0.358230 0.954805
0.358230 0.954805
0.500000 0.980252
0.500000 0.980252
0.641770 0.954805
0.641770 0.954805
0.771151 0.880686
0.771151 0.880686
0.876836 0.764372
0.876836 0.764372
0.949588 0.616029
0.949588 0.616029
0.983011 0.449090
0.983011 0.449090
0.016899 0.313565
0.016899 0.313565
0.983100 0.313565
0.983100 0.313565
0.016899 0.313565
0.016899 0.313565
0.983100 0.313565
0.983100 0.313565
0.016899 0.313565
0.983100 0.313565
0.016899 0.313565
0.983100 0.313565
0.016899 0.313565
0.983100 0.313565
0.016899 0.313565
0.016899 0.313565
0.983100 0.313565
0.983100 0.313565
0.016899 0.180737
0.016899 0.180737
0.983100 0.180737
0.983100 0.180737
0.016899 0.180737
0.016899 0.180737
0.983100 0.180737
0.983100 0.180737
0.016899 0.180737
0.983100 0.180737
0.016899 0.180737
0.983100 0.180737
0.016899 0.180737
0.983100 0.180737
0.016899 0.180737
0.016899 0.180737
0.983100 0.180737
0.983100 0.180737
0.020666 0.023886
0.020666 0.023886
0.979334 0.023886
0.979334 0.023886
0.020666 0.023886
0.020666 0.023886
0.979334 0.023886
0.979334 0.023886
0.020666 0.023886
0.979334 0.023886
0.020666 0.023886
0.979334 0.023886
0.020666 0.023886
0.979334 0.023886
0.020666 0.023886
0.020666 0.023886
0.979334 0.023886
0.979334 0.023886
0.085792 0.019362
0.085792 0.019362
0.914207 0.019362
0.914207 0.019362
0.085792 0.019362
0.085792 0.019362
0.914207 0.019362
0.914207 0.019362
0.085792 0.019362
0.914207 0.019362
0.085792 0.019362
0.914207 0.019362
0.085792 0.019362
0.914207 0.019362
0.085792 0.019362
0.085792 0.019362
0.914207 0.019362
0.914207 0.019362
0.000000 0.445905
0.000000 0.445905
0.000250 0.304034
0.000250 0.304034
0.034533 0.620136
0.034533 0.620136
0.109841 0.774832
0.109841 0.774832
0.219250 0.896143
0.219250 0.896143
0.353206 0.973454
0.353206 0.973454
0.500000 1.000000
0.500000 1.000000
0.646794 0.973454
0.646794 0.973454
0.780750 0.896143
0.780750 0.896143
0.890159 0.774832
0.890159 0.774832
0.965467 0.620136
0.965467 0.620136
1.000000 0.445905
1.000000 0.445905
0.999749 0.304034
0.999749 0.304034
0.000000 0.445905
0.000000 0.445905
0.000250 0.304034
0.000250 0.304034
0.034533 0.620136
0.034533 0.620136
0.109841 0.774832
0.109841 0.774832
0.219250 0.896143
0.219250 0.896143
0.353206 0.973454
0.353206 0.973454
0.500000 1.000000
0.500000 1.000000
0.646794 0.973454
0.646794 0.973454
0.780750 0.896143
0.780750 0.896143
0.890159 0.774832
0.890159 0.774832
0.965467 0.620136
0.965467 0.620136
1.000000 0.445905
1.000000 0.445905
0.999749 0.304034
0.999749 0.304034
0.000250 0.164408
0.000250 0.164408
0.999749 0.164408
0.999749 0.164408
0.000250 0.164408
0.000250 0.164408
0.999749 0.164408
0.999749 0.164408
0.001919 0.002092
0.001919 0.002092
0.998081 0.002092
0.998081 0.002092
0.001919 0.002092
0.001919 0.002092
0.998081 0.002092
0.998081 0.002092
0.071869 -0.000000
0.071869 -0.000000
0.928131 -0.000000
0.928131 -0.000000
0.071869 -0.000000
0.071869 -0.000000
0.928131 -0.000000
0.928131 -0.000000
0.050411 0.616029
0.016989 0.449090
0.123164 0.764372
0.228849 0.880686
0.358230 0.954805
0.500000 0.980252
0.641770 0.954805
0.771151 0.880686
0.876836 0.764372
0.949588 0.616029
0.983011 0.449090
0.016989 0.449090
0.050411 0.616029
0.123164 0.764372
0.228849 0.880686
0.358230 0.954805
0.500000 0.980252
0.641770 0.954805
0.771151 0.880686
0.876836 0.764372
0.949588 0.616029
0.983011 0.449090
0.050411 0.616029
0.016989 0.449090
0.123164 0.764372
0.228849 0.880686
0.358230 0.954805
0.500000 0.980252
0.641770 0.954805
0.771151 0.880686
0.876836 0.764372
0.949588 0.616029
0.983011 0.449090
0.016989 0.449090
0.050411 0.616029
0.123164 0.764372
0.228849 0.880686
0.358230 0.954805
0.500000 0.980252
0.641770 0.954805
0.771151 0.880686
0.876836 0.764372
0.949588 0.616029
0.983011 0.449090
0.016899 0.313565
0.983100 0.313565
0.016899 0.313565
0.983100 0.313565
0.016899 0.313565
0.983100 0.313565
0.016899 0.313565
0.983100 0.313565
0.016899 0.180737
0.983100 0.180737
0.016899 0.180737
0.983100 0.180737
0.016899 0.180737
0.983100 0.180737
0.016899 0.180737
0.983100 0.180737
0.020666 0.023886
0.979334 0.023886
0.020666 0.023886
0.979334 0.023886
0.020666 0.023886
0.979334 0.023886
0.020666 0.023886
0.979334 0.023886
0.085792 0.019362
0.914207 0.019362
0.085792 0.019362
0.914207 0.019362
0.085792 0.019362
0.914207 0.019362
0.085792 0.019362
0.914207 0.019362
0.029760 0.447275
0.029760 0.313565
0.029760 0.313565
0.029760 0.447275
0.062336 0.610243
0.062336 0.610243
0.133159 0.754651
0.133159 0.754651
0.236041 0.867880
0.236041 0.867880
0.361990 0.940033
0.361990 0.940033
0.500000 0.964806
0.500000 0.964806
0.638010 0.940033
0.638010 0.940033
0.763959 0.867880
0.763959 0.867880
0.866841 0.754651
0.866841 0.754651
0.937664 0.610243
0.937664 0.610243
0.970240 0.447275
0.970240 0.447275
0.970240 0.313565
0.970240 0.313565
0.029760 0.180737
0.029760 0.180737
0.970240 0.180737
0.970240 0.180737
0.029760 0.034808
0.029760 0.034808
0.970240 0.034808
0.970240 0.034808
0.090794 0.021245
0.090794 0.021245
0.909206 0.021245
0.909206 0.021245
0.029760 0.447275
0.029760 0.313565
0.029760 0.313565
0.029760 0.447275
0.062336 0.610243
0.062336 0.610243
0.133159 0.754651
0.133159 0.754651
0.236041 0.867880
0.236041 0.867880
0.361990 0.940033
0.361990 0.940033
0.500000 0.964806
0.500000 0.964806
0.638010 0.940033
0.638010 0.940033
0.763959 0.867880
0.763959 0.867880
0.866841 0.754651
0.866841 0.754651
0.937664 0.610243
0.937664 0.610243
0.970240 0.447275
0.970240 0.447275
0.970240 0.313565
0.970240 0.313565
0.029760 0.180737
0.029760 0.180737
0.970240 0.180737
0.970240 0.180737
0.029760 0.034808
0.029760 0.034808
0.970240 0.034808
0.970240 0.034808
0.090794 0.021245
0.090794 0.021245
0.909206 0.021245
0.909206 0.021245
0.062336 0.610243
0.133159 0.754651
0.236041 0.867880
0.361990 0.940033
0.500000 0.964806
0.638010 0.940033
0.763959 0.867880
0.866841 0.754651
0.937664 0.610243
0.970240 0.447275
0.970240 0.313565
0.970240 0.180737
0.970240 0.034808
0.914207 0.034808
0.085792 0.034808
0.029760 0.034808
0.029760 0.180737
0.029760 0.313565
0.029760 0.447275
0.029760 0.447275
0.062336 0.610243
0.133159 0.754651
0.236041 0.867880
0.361990 0.940033
0.500000 0.964806
0.638010 0.940033
0.763959 0.867880
0.866841 0.754651
0.937664 0.610243
0.970240 0.447275
0.029760 0.313565
0.970240 0.313565
0.029760 0.180737
0.970240 0.180737
0.029760 0.034808
0.970240 0.034808
0.085792 0.034808
0.914207 0.034808
0.029760 0.447275
0.029760 0.447275
0.062336 0.610243
0.062336 0.610243
0.133159 0.754651
0.133159 0.754651
0.236041 0.867880
0.236041 0.867880
0.361990 0.940033
0.361990 0.940033
0.500000 0.964806
0.500000 0.964806
0.638010 0.940033
0.638010 0.940033
0.763959 0.867880
0.763959 0.867880
0.866841 0.754651
0.866841 0.754651
0.937664 0.610243
0.937664 0.610243
0.970240 0.447275
0.970240 0.447275
0.029760 0.447275
0.029760 0.447275
0.062336 0.610243
0.062336 0.610243
0.133159 0.754651
0.133159 0.754651
0.236041 0.867880
0.236041 0.867880
0.361990 0.940033
0.361990 0.940033
0.500000 0.964806
0.500000 0.964806
0.638010 0.940033
0.638010 0.940033
0.763959 0.867880
0.763959 0.867880
0.866841 0.754651
0.866841 0.754651
0.937664 0.610243
0.937664 0.610243
0.970240 0.447275
0.970240 0.447275
0.029760 0.447275
0.062336 0.610243
0.133159 0.754651
0.236041 0.867880
0.361990 0.940033
0.500000 0.964806
0.638010 0.940033
0.763959 0.867880
0.866841 0.754651
0.937664 0.610243
0.970240 0.447275
0.029760 0.447275
0.062336 0.610243
0.133159 0.754651
0.236041 0.867880
0.361990 0.940033
0.500000 0.964806
0.638010 0.940033
0.763959 0.867880
0.866841 0.754651
0.937664 0.610243
0.970240 0.447275
0.029760 0.447275
0.062336 0.610243
0.133159 0.754651
0.236041 0.867880
0.361990 0.940033
0.500000 0.964806
0.638010 0.940033
0.763959 0.867880
0.866841 0.754651
0.937664 0.610243
0.970240 0.447275
0.029760 0.447275
0.029760 0.447275
0.062336 0.610243
0.062336 0.610243
0.133159 0.754651
0.133159 0.754651
0.236041 0.867880
0.236041 0.867880
0.361990 0.940033
0.361990 0.940033
0.500000 0.964806
0.500000 0.964806
0.638010 0.940033
0.638010 0.940033
0.763959 0.867880
0.763959 0.867880
0.866841 0.754651
0.866841 0.754651
0.937664 0.610243
0.937664 0.610243
0.970240 0.447275
0.970240 0.447275
0.029760 0.313565
0.029760 0.313565
0.970240 0.313565
0.970240 0.313565
0.029760 0.313565
0.029760 0.313565
0.970240 0.313565
0.970240 0.313565
0.029760 0.313565
0.970240 0.313565
0.029760 0.313565
0.970240 0.313565
0.029760 0.313565
0.970240 0.313565
0.029760 0.313565
0.029760 0.313565
0.970240 0.313565
0.970240 0.313565
0.029760 0.180737
0.029760 0.180737
0.970240 0.180737
0.970240 0.180737
0.029760 0.180737
0.029760 0.180737
0.970240 0.180737
0.970240 0.180737
0.029760 0.180737
0.970240 0.180737
0.029760 0.180737
0.970240 0.180737
0.029760 0.180737
0.970240 0.180737
0.029760 0.180737
0.029760 0.180737
0.970240 0.180737
0.970240 0.180737
0.029760 0.034808
0.029760 0.034808
0.970240 0.034808
0.970240 0.034808
0.029760 0.034808
0.029760 0.034808
0.970240 0.034808
0.970240 0.034808
0.029760 0.034808
0.970240 0.034808
0.029760 0.034808
0.970240 0.034808
0.029760 0.034808
0.970240 0.034808
0.029760 0.034808
0.029760 0.034808
0.970240 0.034808
0.970240 0.034808
0.085792 0.034808
0.085792 0.034808
0.914207 0.034808
0.914207 0.034808
0.085792 0.034808
0.085792 0.034808
0.914207 0.034808
0.914207 0.034808
0.085792 0.034808
0.914207 0.034808
0.085792 0.034808
0.914207 0.034808
0.085792 0.034808
0.914207 0.034808
0.085792 0.034808
0.085792 0.034808
0.914207 0.034808
0.914207 0.034808
0.009344 0.444586
0.009344 0.304034
0.009344 0.304034
0.009344 0.444586
0.043334 0.615895
0.043334 0.615895
0.117232 0.767694
0.117232 0.767694
0.224581 0.886718
0.224581 0.886718
0.355998 0.962564
0.355998 0.962564
0.500000 0.988605
0.500000 0.988605
0.644002 0.962564
0.644002 0.962564
0.775419 0.886718
0.775419 0.886718
0.882768 0.767694
0.882768 0.767694
0.956666 0.615895
0.956666 0.615895
0.990656 0.444586
0.990656 0.444586
0.990656 0.304034
0.990656 0.304034
0.009344 0.444586
0.009344 0.304034
0.009344 0.304034
0.009344 0.444586
0.043334 0.615895
0.043334 0.615895
0.117232 0.767694
0.117232 0.767694
0.224581 0.886718
0.224581 0.886718
0.355998 0.962564
0.355998 0.962564
0.500000 0.988605
0.500000 0.988605
0.644002 0.962564
0.644002 0.962564
0.775419 0.886718
0.775419 0.886718
0.882768 0.767694
0.882768 0.767694
0.956666 0.615895
0.956666 0.615895
0.990656 0.444586
0.990656 0.444586
0.990656 0.304034
0.990656 0.304034
0.009344 0.164408
0.009344 0.164408
0.990656 0.164408
0.990656 0.164408
0.009344 0.164408
0.009344 0.164408
0.990656 0.164408
0.990656 0.164408
0.009344 0.011010
0.009344 0.011010
0.990656 0.011010
0.990656 0.011010
0.009344 0.011010
0.009344 0.011010
0.990656 0.011010
0.990656 0.011010
0.067809 0.011010
0.067809 0.011010
0.932191 0.011010
0.932191 0.011010
0.067809 0.011010
0.067809 0.011010
0.932191 0.011010
0.932191 0.011010
0.029760 0.447275
0.062336 0.610243
0.133159 0.754651
0.236041 0.867880
0.361990 0.940033
0.500000 0.964806
0.638010 0.940033
0.763959 0.867880
0.866841 0.754651
0.937664 0.610243
0.970240 0.447275
0.029760 0.447275
0.062336 0.610243
0.133159 0.754651
0.236041 0.867880
0.361990 0.940033
0.500000 0.964806
0.638010 0.940033
0.763959 0.867880
0.866841 0.754651
0.937664 0.610243
0.970240 0.447275
0.029760 0.447275
0.062336 0.610243
0.133159 0.754651
0.236041 0.867880
0.361990 0.940033
0.500000 0.964806
0.638010 0.940033
0.763959 0.867880
0.866841 0.754651
0.937664 0.610243
0.970240 0.447275
0.029760 0.447275
0.062336 0.610243
0.133159 0.754651
0.236041 0.867880
0.361990 0.940033
0.500000 0.964806
0.638010 0.940033
0.763959 0.867880
0.866841 0.754651
0.937664 0.610243
0.970240 0.447275
0.029760 0.313565
0.970240 0.313565
0.029760 0.313565
0.970240 0.313565
0.029760 0.313565
0.970240 0.313565
0.029760 0.313565
0.970240 0.313565
0.029760 0.180737
0.970240 0.180737
0.029760 0.180737
0.970240 0.180737
0.029760 0.180737
0.970240 0.180737
0.029760 0.180737
0.970240 0.180737
0.029760 0.034808
0.970240 0.034808
0.029760 0.034808
0.970240 0.034808
0.029760 0.034808
0.970240 0.034808
0.029760 0.034808
0.970240 0.034808
0.085792 0.034808
0.914207 0.034808
0.085792 0.034808
0.914207 0.034808
0.085792 0.034808
0.914207 0.034808
0.085792 0.034808
0.914207 0.034808
0.029760 0.447275
0.029760 0.313565
0.029760 0.313565
0.029760 0.447275
0.062336 0.610243
0.062336 0.610243
0.133159 0.754651
0.133159 0.754651
0.236041 0.867880
0.236041 0.867880
0.361990 0.940033
0.361990 0.940033
0.500000 0.964806
0.500000 0.964806
0.638010 0.940033
0.638010 0.940033
0.763959 0.867880
0.763959 0.867880
0.866841 0.754651
0.866841 0.754651
0.937664 0.610243
0.937664 0.610243
0.970240 0.447275
0.970240 0.447275
0.970240 0.313565
0.970240 0.313565
0.029760 0.180737
0.029760 0.180737
0.970240 0.180737
0.970240 0.180737
0.029760 0.034808
0.029760 0.034808
0.970240 0.034808
0.970240 0.034808
0.085792 0.034808
0.085792 0.034808
0.914207 0.034808
0.914207 0.034808
0.029760 0.447275
0.029760 0.313565
0.029760 0.313565
0.029760 0.447275
0.062336 0.610243
0.062336 0.610243
0.133159 0.754651
0.133159 0.754651
0.236041 0.867880
0.236041 0.867880
0.361990 0.940033
0.361990 0.940033
0.500000 0.964806
0.500000 0.964806
0.638010 0.940033
0.638010 0.940033
0.763959 0.867880
0.763959 0.867880
0.866841 0.754651
0.866841 0.754651
0.937664 0.610243
0.937664 0.610243
0.970240 0.447275
0.970240 0.447275
0.970240 0.313565
0.970240 0.313565
0.029760 0.180737
0.029760 0.180737
0.970240 0.180737
0.970240 0.180737
0.029760 0.034808
0.029760 0.034808
0.970240 0.034808
0.970240 0.034808
0.085792 0.034808
0.085792 0.034808
0.914207 0.034808
0.914207 0.034808
0.062336 0.610243
0.029760 0.447275
0.029760 0.313565
0.029760 0.180737
0.029760 0.034808
0.085792 0.034808
0.914207 0.034808
0.970240 0.034808
0.970240 0.180737
0.970240 0.313565
0.970240 0.447275
0.937664 0.610243
0.866841 0.754651
0.763959 0.867880
0.638010 0.940033
0.500000 0.964806
0.361990 0.940033
0.236041 0.867880
0.133159 0.754651
0.029760 0.447275
0.062336 0.610243
0.133159 0.754651
0.236041 0.867880
0.361990 0.940033
0.500000 0.964806
0.638010 0.940033
0.763959 0.867880
0.866841 0.754651
0.937664 0.610243
0.970240 0.447275
0.029760 0.313565
0.970240 0.313565
0.029760 0.180737
0.970240 0.180737
0.029760 0.034808
0.970240 0.034808
0.085792 0.034808
0.914207 0.034808
</float_array>
          <technique_common>
            <accessor source="#Box-UV0-array" count="874" stride="2">
              <param name="S" type="float"/>
              <param name="T" type="float"/>
            </accessor>
          </technique_common>
        </source>
        <vertices id="Box-VERTEX">
          <input semantic="POSITION" source="#Box-POSITION"/>
        </vertices>
        <triangles count="1516" material="lambert1"><input semantic="VERTEX" offset="0" source="#Box-VERTEX"/><input semantic="NORMAL" offset="1" source="#Box-Normal0"/><input semantic="TEXCOORD" offset="2" set="0" source="#Box-UV0"/><p> 438 0 1 439 1 2 437 2 0 437 3 0 439 4 2 440 5 3 442 6 5 438 7 1 441 8 4 438 9 1 442 10 5 439 11 2 444 12 7 441 13 4 443 14 6 441 15 4 444 16 7 442 17 5 446 18 9 443 19 6 445 20 8 443 21 6 446 22 9 444 23 7 448 24 11 445 25 8 447 26 10 445 27 8 448 28 11 446 29 9 449 30 12 450 31 13 447 32 10 447 33 10 450 34 13 448 35 11 452 36 15 449 37 12 451 38 14 449 39 12 452 40 15 450 41 13 453 42 16 454 43 17 451 44 14 451 45 14 454 46 17 452 47 15 456 48 19 453 49 16 455 50 18 453 51 16 456 52 19 454 53 17 457 54 20 458 55 21 455 56 18 455 57 18 458 58 21 456 59 19 460 60 23 461 61 24 459 62 22 459 63 22 461 64 24 462 65 25 463 66 26 464 67 27 460 68 23 460 69 23 464 70 27 461 71 24 465 72 28 466 73 29 463 74 26 463 75 26 466 76 29 464 77 27 467 78 30 468 79 31 465 80 28 465 81 28 468 82 31 466 83 29 469 84 32 470 85 33 467 86 30 467 87 30 470 88 33 468 89 31 471 90 34 472 91 35 469 92 32 469 93 32 472 94 35 470 95 33 473 96 36 474 97 37 471 98 34 471 99 34 474 100 37 472 101 35 475 102 38 476 103 39 473 104 36 473 105 36 476 106 39 474 107 37 477 108 40 478 109 41 475 110 38 475 111 38 478 112 41 476 113 39 479 114 42 480 115 43 477 116 40 477 117 40 480 118 43 478 119 41 461 120 24 481 121 44 462 122 25 462 123 25 481 124 44 482 125 45 464 126 27 483 127 46 461 128 24 461 129 24 483 130 46 481 131 44 466 132 29 484 133 47 464 134 27 464 135 27 484 136 47 483 137 46 468 138 31 485 139 48 466 140 29 466 141 29 485 142 48 484 143 47 470 144 33 486 145 49 468 146 31 468 147 31 486 148 49 485 149 48 472 150 35 487 151 50 470 152 33 470 153 33 487 154 50 486 155 49 488 156 51 472 157 35 474 158 37 472 159 35 488 160 51 487 161 50 476 162 39 489 163 52 474 164 37 474 165 37 489 166 52 488 167 51 478 168 41 490 169 53 476 170 39 476 171 39 490 172 53 489 173 52 480 174 43 491 175 54 478 176 41 478 177 41 491 178 54 490 179 53 481 180 44 492 181 55 482 182 45 482 183 45 492 184 55 493 185 56 483 186 46 494 187 57 481 188 44 481 189 44 494 190 57 492 191 55 484 192 47 495 193 58 483 194 46 483 195 46 495 196 58 494 197 57 485 198 48 496 199 59 484 200 47 484 201 47 496 202 59 495 203 58 497 204 60 485 205 48 486 206 49 485 207 48 497 208 60 496 209 59 498 210 61 486 211 49 487 212 50 486 213 49 498 214 61 497 215 60 488 216 51 499 217 62 487 218 50 487 219 50 499 220 62 498 221 61 500 222 63 488 223 51 489 224 52 488 225 51 500 226 63 499 227 62 490 228 53 501 229 64 489 230 52 489 231 52 501 232 64 500 233 63 491 234 54 502 235 65 490 236 53 490 237 53 502 238 65 501 239 64 492 240 55 503 241 66 493 242 56 493 243 56 503 244 66 504 245 67 494 246 57 505 247 68 492 248 55 492 249 55 505 250 68 503 251 66 495 252 58 506 253 69 494 254 57 494 255 57 506 256 69 505 257 68 496 258 59 507 259 70 495 260 58 495 261 58 507 262 70 506 263 69 497 264 60 508 265 71 496 266 59 496 267 59 508 268 71 507 269 70 509 270 72 497 271 60 498 272 61 497 273 60 509 274 72 508 275 71 499 276 62 510 277 73 498 278 61 498 279 61 510 280 73 509 281 72 500 282 63 511 283 74 499 284 62 499 285 62 511 286 74 510 287 73 501 288 64 512 289 75 500 290 63 500 291 63 512 292 75 511 293 74 502 294 65 513 295 76 501 296 64 501 297 64 513 298 76 512 299 75 515 300 78 516 301 79 514 302 77 514 303 77 516 304 79 517 305 80 518 306 81 519 307 82 515 308 78 515 309 78 519 310 82 516 311 79 520 312 83 521 313 84 518 314 81 518 315 81 521 316 84 519 317 82 522 318 85 523 319 86 520 320 83 520 321 83 523 322 86 521 323 84 524 324 87 525 325 88 522 326 85 522 327 85 525 328 88 523 329 86 526 330 89 527 331 90 524 332 87 524 333 87 527 334 90 525 335 88 528 336 91 529 337 92 526 338 89 526 339 89 529 340 92 527 341 90 531 342 94 528 343 91 530 344 93 528 345 91 531 346 94 529 347 92 532 348 95 533 349 96 530 350 93 530 351 93 533 352 96 531 353 94 534 354 97 535 355 98 532 356 95 532 357 95 535 358 98 533 359 96 537 360 100 437 361 0 536 362 99 437 363 0 440 364 3 536 365 99 538 366 101 458 367 21 457 368 20 458 369 21 538 370 101 539 371 102 541 372 104 459 373 22 540 374 103 459 375 22 462 376 25 540 377 103 542 378 105 480 379 43 479 380 42 480 381 43 542 382 105 543 383 106 540 384 103 462 385 25 544 386 107 462 387 25 482 388 45 544 389 107 543 390 106 491 391 54 480 392 43 491 393 54 543 394 106 545 395 108 544 396 107 482 397 45 546 398 109 482 399 45 493 400 56 546 401 109 545 402 108 502 403 65 491 404 54 502 405 65 545 406 108 547 407 110 546 408 109 493 409 56 548 410 111 493 411 56 504 412 67 548 413 111 547 414 110 513 415 76 502 416 65 513 417 76 547 418 110 549 419 112 551 420 114 514 421 77 550 422 113 514 423 77 517 424 80 550 425 113 552 426 115 535 427 98 534 428 97 535 429 98 552 430 115 553 431 116 555 432 118 537 433 100 554 434 117 537 435 100 536 436 99 554 437 117 556 438 119 539 439 102 538 440 101 539 441 102 556 442 119 557 443 120 559 444 122 541 445 104 558 446 121 541 447 104 540 448 103 558 449 121 560 450 123 543 451 106 542 452 105 543 453 106 560 454 123 561 455 124 558 456 121 540 457 103 562 458 125 540 459 103 544 460 107 562 461 125 561 462 124 545 463 108 543 464 106 545 465 108 561 466 124 563 467 126 562 468 125 544 469 107 564 470 127 544 471 107 546 472 109 564 473 127 563 474 126 547 475 110 545 476 108 547 477 110 563 478 126 565 479 128 564 480 127 546 481 109 566 482 129 546 483 109 548 484 111 566 485 129 565 486 128 549 487 112 547 488 110 549 489 112 565 490 128 567 491 130 569 492 132 551 493 114 568 494 131 551 495 114 550 496 113 568 497 131 570 498 133 553 499 116 552 500 115 553 501 116 570 502 133 571 503 134 573 504 136 555 505 118 572 506 135 555 507 118 554 508 117 572 509 135 574 510 137 557 511 120 556 512 119 557 513 120 574 514 137 575 515 138 577 516 140 559 517 122 576 518 139 559 519 122 558 520 121 576 521 139 578 522 141 561 523 124 560 524 123 561 525 124 578 526 141 579 527 142 576 528 139 558 529 121 580 530 143 558 531 121 562 532 125 580 533 143 579 534 142 563 535 126 561 536 124 563 537 126 579 538 142 581 539 144 580 540 143 562 541 125 582 542 145 562 543 125 564 544 127 582 545 145 581 546 144 565 547 128 563 548 126 565 549 128 581 550 144 583 551 146 582 552 145 564 553 127 584 554 147 564 555 127 566 556 129 584 557 147 583 558 146 567 559 130 565 560 128 567 561 130 583 562 146 585 563 148 587 564 150 569 565 132 586 566 149 569 567 132 568 568 131 586 569 149 588 570 151 571 571 134 570 572 133 571 573 134 588 574 151 589 575 152 590 576 153 591 577 154 573 578 136 573 579 136 572 580 135 590 581 153 592 582 155 575 583 138 574 584 137 575 585 138 592 586 155 593 587 156 594 588 157 595 589 158 577 590 140 577 591 140 576 592 139 594 593 157 596 594 159 579 595 142 578 596 141 579 597 142 596 598 159 597 599 160 598 600 161 594 601 157 576 602 139 576 603 139 580 604 143 598 605 161 597 606 160 581 607 144 579 608 142 581 609 144 597 610 160 599 611 162 600 612 163 598 613 161 580 614 143 580 615 143 582 616 145 600 617 163 599 618 162 583 619 146 581 620 144 583 621 146 599 622 162 601 623 164 602 624 165 600 625 163 582 626 145 582 627 145 584 628 147 602 629 165 601 630 164 585 631 148 583 632 146 585 633 148 601 634 164 603 635 166 604 636 167 605 637 168 587 638 150 587 639 150 586 640 149 604 641 167 606 642 169 589 643 152 588 644 151 589 645 152 606 646 169 607 647 170 609 648 172 611 649 174 608 650 171 611 651 174 609 652 172 610 653 173 612 654 175 609 655 172 608 656 171 609 657 172 612 658 175 613 659 176 612 660 175 615 661 178 613 662 176 615 663 178 612 664 175 614 665 177 614 666 177 617 667 180 615 668 178 617 669 180 614 670 177 616 671 179 618 672 181 617 673 180 616 674 179 617 675 180 618 676 181 619 677 182 618 678 181 621 679 184 619 680 182 621 681 184 618 682 181 620 683 183 622 684 185 621 685 184 620 686 183 621 687 184 622 688 185 623 689 186 622 690 185 625 691 188 623 692 186 625 693 188 622 694 185 624 695 187 626 696 189 625 697 188 624 698 187 625 699 188 626 700 189 627 701 190 628 702 191 627 703 190 626 704 189 627 705 190 628 706 191 629 707 192 630 708 193 629 709 192 628 710 191 629 711 192 630 712 193 631 713 194 632 714 195 631 715 194 630 716 193 631 717 194 632 718 195 633 719 196 635 720 198 637 721 200 634 722 197 637 723 200 635 724 198 636 725 199 638 726 201 635 727 198 634 728 197 635 729 198 638 730 201 639 731 202 640 732 203 639 733 202 638 734 201 639 735 202 640 736 203 641 737 204 642 738 205 641 739 204 640 740 203 641 741 204 642 742 205 643 743 206 644 744 207 643 745 206 642 746 205 643 747 206 644 748 207 645 749 208 646 750 209 645 751 208 644 752 207 645 753 208 646 754 209 647 755 210 648 756 211 647 757 210 646 758 209 647 759 210 648 760 211 649 761 212 650 762 213 649 763 212 648 764 211 649 765 212 650 766 213 651 767 214 652 768 215 651 769 214 650 770 213 651 771 214 652 772 215 653 773 216 654 774 217 653 775 216 652 776 215 653 777 216 654 778 217 655 779 218 654 780 217 657 781 220 655 782 218 657 783 220 654 784 217 656 785 219 658 786 221 657 787 220 656 788 219 657 789 220 658 790 221 659 791 222 661 792 224 611 793 174 660 794 223 611 795 174 610 796 173 660 797 223 662 798 225 633 799 196 632 800 195 633 801 196 662 802 225 663 803 226 665 804 228 637 805 200 664 806 227 637 807 200 636 808 199 664 809 227 666 810 229 659 811 222 658 812 221 659 813 222 666 814 229 667 815 230 660 816 223 668 817 231 661 818 224 669 819 232 661 820 224 668 821 231 662 822 225 671 823 234 663 824 226 671 825 234 662 826 225 670 827 233 664 828 227 672 829 235 665 830 228 673 831 236 665 832 228 672 833 235 666 834 229 675 835 238 667 836 230 675 837 238 666 838 229 674 839 237 677 840 240 669 841 232 676 842 239 669 843 232 668 844 231 676 845 239 670 846 233 679 847 242 671 848 234 679 849 242 670 850 233 678 851 241 681 852 244 673 853 236 680 854 243 673 855 236 672 856 235 680 857 243 682 858 245 675 859 238 674 860 237 675 861 238 682 862 245 683 863 246 439 864 2 684 865 247 440 866 3 440 867 3 684 868 247 685 869 248 442 870 5 686 871 249 439 872 2 439 873 2 686 874 249 684 875 247 687 876 250 442 877 5 444 878 7 442 879 5 687 880 250 686 881 249 688 882 251 444 883 7 446 884 9 444 885 7 688 886 251 687 887 250 448 888 11 689 889 252 446 890 9 446 891 9 689 892 252 688 893 251 450 894 13 690 895 253 448 896 11 448 897 11 690 898 253 689 899 252 452 900 15 691 901 254 450 902 13 450 903 13 691 904 254 690 905 253 454 906 17 692 907 255 452 908 15 452 909 15 692 910 255 691 911 254 456 912 19 693 913 256 454 914 17 454 915 17 693 916 256 692 917 255 458 918 21 694 919 257 456 920 19 456 921 19 694 922 257 693 923 256 460 924 23 696 925 258 695 926 259 696 927 258 460 928 23 459 929 22 697 930 260 463 931 26 695 932 259 695 933 259 463 934 26 460 935 23 465 936 28 697 937 260 698 938 261 697 939 260 465 940 28 463 941 26 699 942 262 467 943 30 698 944 261 698 945 261 467 946 30 465 947 28 700 948 263 469 949 32 699 950 262 699 951 262 469 952 32 467 953 30 471 954 34 700 955 263 701 956 264 700 957 263 471 958 34 469 959 32 473 960 36 701 961 264 702 962 265 701 963 264 473 964 36 471 965 34 475 966 38 702 967 265 703 968 266 702 969 265 475 970 38 473 971 36 704 972 267 477 973 40 703 974 266 703 975 266 477 976 40 475 977 38 479 978 42 704 979 267 705 980 268 704 981 267 479 982 42 477 983 40 503 984 66 706 985 269 504 986 67 504 987 67 706 988 269 707 989 270 505 990 68 708 991 271 503 992 66 503 993 66 708 994 271 706 995 269 709 996 272 505 997 68 506 998 69 505 999 68 709 1000 272 708 1001 271 507 1002 70 710 1003 273 506 1004 69 506 1005 69 710 1006 273 709 1007 272 508 1008 71 711 1009 274 507 1010 70 507 1011 70 711 1012 274 710 1013 273 712 1014 275 508 1015 71 509 1016 72 508 1017 71 712 1018 275 711 1019 274 713 1020 276 509 1021 72 510 1022 73 509 1023 72 713 1024 276 712 1025 275 714 1026 277 510 1027 73 511 1028 74 510 1029 73 714 1030 277 713 1031 276 512 1032 75 715 1033 278 511 1034 74 511 1035 74 715 1036 278 714 1037 277 513 1038 76 716 1039 279 512 1040 75 512 1041 75 716 1042 279 715 1043 278 717 1044 281 515 1045 78 718 1046 280 718 1047 280 515 1048 78 514 1049 77 518 1050 81 717 1051 281 719 1052 282 717 1053 281 518 1054 81 515 1055 78 720 1056 283 520 1057 83 719 1058 282 719 1059 282 520 1060 83 518 1061 81 522 1062 85 720 1063 283 721 1064 284 720 1065 283 522 1066 85 520 1067 83 722 1068 285 524 1069 87 721 1070 284 721 1071 284 524 1072 87 522 1073 85 723 1074 286 526 1075 89 722 1076 285 722 1077 285 526 1078 89 524 1079 87 528 1080 91 723 1081 286 724 1082 287 723 1083 286 528 1084 91 526 1085 89 725 1086 288 530 1087 93 724 1088 287 724 1089 287 530 1090 93 528 1091 91 532 1092 95 725 1093 288 726 1094 289 725 1095 288 532 1096 95 530 1097 93 727 1098 290 534 1099 97 726 1100 289 726 1101 289 534 1102 97 532 1103 95 536 1104 99 440 1105 3 728 1106 291 440 1107 3 685 1108 248 728 1109 291 539 1110 102 694 1111 257 458 1112 21 694 1113 257 539 1114 102 729 1115 292 730 1116 293 696 1117 258 541 1118 104 696 1119 258 459 1120 22 541 1121 104 731 1122 294 479 1123 42 705 1124 268 479 1125 42 731 1126 294 542 1127 105 548 1128 111 504 1129 67 732 1130 295 504 1131 67 707 1132 270 732 1133 295 549 1134 112 716 1135 279 513 1136 76 716 1137 279 549 1138 112 733 1139 296 734 1140 297 718 1141 280 551 1142 114 718 1143 280 514 1144 77 551 1145 114 735 1146 298 534 1147 97 727 1148 290 534 1149 97 735 1150 298 552 1151 115 554 1152 117 536 1153 99 736 1154 299 536 1155 99 728 1156 291 736 1157 299 557 1158 120 729 1159 292 539 1160 102 729 1161 292 557 1162 120 737 1163 300 738 1164 301 730 1165 293 559 1166 122 730 1167 293 541 1168 104 559 1169 122 739 1170 302 542 1171 105 731 1172 294 542 1173 105 739 1174 302 560 1175 123 566 1176 129 548 1177 111 740 1178 303 548 1179 111 732 1180 295 740 1181 303 567 1182 130 733 1183 296 549 1184 112 733 1185 296 567 1186 130 741 1187 304 742 1188 305 734 1189 297 569 1190 132 734 1191 297 551 1192 114 569 1193 132 743 1194 306 552 1195 115 735 1196 298 552 1197 115 743 1198 306 570 1199 133 572 1200 135 554 1201 117 744 1202 307 554 1203 117 736 1204 299 744 1205 307 575 1206 138 737 1207 300 557 1208 120 737 1209 300 575 1210 138 745 1211 308 746 1212 309 738 1213 301 577 1214 140 738 1215 301 559 1216 122 577 1217 140 747 1218 310 560 1219 123 739 1220 302 560 1221 123 747 1222 310 578 1223 141 584 1224 147 566 1225 129 748 1226 311 566 1227 129 740 1228 303 748 1229 311 585 1230 148 741 1231 304 567 1232 130 741 1233 304 585 1234 148 749 1235 312 750 1236 313 742 1237 305 587 1238 150 742 1239 305 569 1240 132 587 1241 150 751 1242 314 570 1243 133 743 1244 306 570 1245 133 751 1246 314 588 1247 151 590 1248 153 572 1249 135 752 1250 315 572 1251 135 744 1252 307 752 1253 315 593 1254 156 745 1255 308 575 1256 138 745 1257 308 593 1258 156 753 1259 316 754 1260 317 746 1261 309 595 1262 158 746 1263 309 577 1264 140 595 1265 158 755 1266 318 578 1267 141 747 1268 310 578 1269 141 755 1270 318 596 1271 159 602 1272 165 584 1273 147 756 1274 319 584 1275 147 748 1276 311 756 1277 319 603 1278 166 749 1279 312 585 1280 148 749 1281 312 603 1282 166 757 1283 320 758 1284 321 750 1285 313 605 1286 168 750 1287 313 587 1288 150 605 1289 168 759 1290 322 588 1291 151 751 1292 314 588 1293 151 759 1294 322 606 1295 169 761 1296 324 609 1297 172 760 1298 323 609 1299 172 761 1300 324 610 1301 173 608 1302 171 762 1303 325 763 1304 326 762 1305 325 608 1306 171 611 1307 174 612 1308 175 763 1309 326 764 1310 327 763 1311 326 612 1312 175 608 1313 171 613 1314 176 760 1315 323 609 1316 172 760 1317 323 613 1318 176 765 1319 328 764 1320 327 766 1321 329 614 1322 177 764 1323 327 614 1324 177 612 1325 175 615 1326 178 765 1327 328 613 1328 176 765 1329 328 615 1330 178 767 1331 330 616 1332 179 614 1333 177 766 1334 329 766 1335 329 768 1336 331 616 1337 179 617 1338 180 767 1339 330 615 1340 178 767 1341 330 617 1342 180 769 1343 332 618 1344 181 616 1345 179 768 1346 331 768 1347 331 770 1348 333 618 1349 181 619 1350 182 769 1351 332 617 1352 180 769 1353 332 619 1354 182 771 1355 334 620 1356 183 618 1357 181 770 1358 333 620 1359 183 770 1360 333 772 1361 335 771 1362 334 621 1363 184 773 1364 336 621 1365 184 771 1366 334 619 1367 182 620 1368 183 774 1369 337 622 1370 185 774 1371 337 620 1372 183 772 1373 335 621 1374 184 775 1375 338 773 1376 336 775 1377 338 621 1378 184 623 1379 186 622 1380 185 776 1381 339 624 1382 187 776 1383 339 622 1384 185 774 1385 337 623 1386 186 777 1387 340 775 1388 338 777 1389 340 623 1390 186 625 1391 188 778 1392 341 624 1393 187 776 1394 339 624 1395 187 778 1396 341 626 1397 189 625 1398 188 627 1399 190 779 1400 342 625 1401 188 779 1402 342 777 1403 340 780 1404 343 626 1405 189 778 1406 341 626 1407 189 780 1408 343 628 1409 191 627 1410 190 629 1411 192 781 1412 344 627 1413 190 781 1414 344 779 1415 342 628 1416 191 782 1417 345 630 1418 193 782 1419 345 628 1420 191 780 1421 343 629 1422 192 631 1423 194 783 1424 346 783 1425 346 781 1426 344 629 1427 192 630 1428 193 784 1429 347 632 1430 195 784 1431 347 630 1432 193 782 1433 345 631 1434 194 633 1435 196 785 1436 348 785 1437 348 783 1438 346 631 1439 194 786 1440 349 610 1441 173 761 1442 324 610 1443 173 786 1444 349 660 1445 223 611 1446 174 787 1447 350 762 1448 325 611 1449 174 661 1450 224 787 1451 350 632 1452 195 788 1453 351 662 1454 225 788 1455 351 632 1456 195 784 1457 347 633 1458 196 663 1459 226 789 1460 352 789 1461 352 785 1462 348 633 1463 196 790 1464 353 660 1465 223 786 1466 349 660 1467 223 790 1468 353 668 1469 231 661 1470 224 791 1471 354 787 1472 350 661 1473 224 669 1474 232 791 1475 354 662 1476 225 792 1477 355 670 1478 233 792 1479 355 662 1480 225 788 1481 351 663 1482 226 671 1483 234 793 1484 356 793 1485 356 789 1486 352 663 1487 226 676 1488 239 668 1489 231 790 1490 353 790 1491 353 794 1492 357 676 1493 239 795 1494 358 676 1495 239 794 1496 357 676 1497 239 795 1498 358 677 1499 240 791 1500 354 677 1501 240 795 1502 358 677 1503 240 791 1504 354 669 1505 232 678 1506 241 792 1507 355 796 1508 359 792 1509 355 678 1510 241 670 1511 233 679 1512 242 678 1513 241 796 1514 359 796 1515 359 797 1516 360 679 1517 242 679 1518 242 793 1519 356 671 1520 234 793 1521 356 679 1522 242 797 1523 360 799 1524 362 635 1525 198 798 1526 361 635 1527 198 799 1528 362 636 1529 199 634 1530 197 800 1531 363 801 1532 364 800 1533 363 634 1534 197 637 1535 200 638 1536 201 801 1537 364 802 1538 365 801 1539 364 638 1540 201 634 1541 197 639 1542 202 798 1543 361 635 1544 198 798 1545 361 639 1546 202 803 1547 366 802 1548 365 804 1549 367 640 1550 203 802 1551 365 640 1552 203 638 1553 201 641 1554 204 803 1555 366 639 1556 202 803 1557 366 641 1558 204 805 1559 368 642 1560 205 640 1561 203 804 1562 367 804 1563 367 806 1564 369 642 1565 205 643 1566 206 805 1567 368 641 1568 204 805 1569 368 643 1570 206 807 1571 370 644 1572 207 642 1573 205 806 1574 369 806 1575 369 808 1576 371 644 1577 207 645 1578 208 807 1579 370 643 1580 206 807 1581 370 645 1582 208 809 1583 372 646 1584 209 644 1585 207 808 1586 371 646 1587 209 808 1588 371 810 1589 373 809 1590 372 647 1591 210 811 1592 374 647 1593 210 809 1594 372 645 1595 208 646 1596 209 812 1597 375 648 1598 211 812 1599 375 646 1600 209 810 1601 373 647 1602 210 813 1603 376 811 1604 374 813 1605 376 647 1606 210 649 1607 212 648 1608 211 814 1609 377 650 1610 213 814 1611 377 648 1612 211 812 1613 375 649 1614 212 815 1615 378 813 1616 376 815 1617 378 649 1618 212 651 1619 214 816 1620 379 650 1621 213 814 1622 377 650 1623 213 816 1624 379 652 1625 215 651 1626 214 653 1627 216 817 1628 380 651 1629 214 817 1630 380 815 1631 378 818 1632 381 652 1633 215 816 1634 379 652 1635 215 818 1636 381 654 1637 217 653 1638 216 655 1639 218 819 1640 382 653 1641 216 819 1642 382 817 1643 380 654 1644 217 820 1645 383 656 1646 219 820 1647 383 654 1648 217 818 1649 381 655 1650 218 657 1651 220 821 1652 384 821 1653 384 819 1654 382 655 1655 218 656 1656 219 822 1657 385 658 1658 221 822 1659 385 656 1660 219 820 1661 383 657 1662 220 659 1663 222 823 1664 386 823 1665 386 821 1666 384 657 1667 220 824 1668 387 636 1669 199 799 1670 362 636 1671 199 824 1672 387 664 1673 227 637 1674 200 825 1675 388 800 1676 363 637 1677 200 665 1678 228 825 1679 388 658 1680 221 826 1681 389 666 1682 229 826 1683 389 658 1684 221 822 1685 385 659 1686 222 667 1687 230 827 1688 390 827 1689 390 823 1690 386 659 1691 222 828 1692 391 664 1693 227 824 1694 387 664 1695 227 828 1696 391 672 1697 235 665 1698 228 829 1699 392 825 1700 388 665 1701 228 673 1702 236 829 1703 392 666 1704 229 830 1705 393 674 1706 237 830 1707 393 666 1708 229 826 1709 389 667 1710 230 675 1711 238 831 1712 394 831 1713 394 827 1714 390 667 1715 230 680 1716 243 672 1717 235 828 1718 391 828 1719 391 832 1720 395 680 1721 243 681 1722 244 832 1723 395 833 1724 396 832 1725 395 681 1726 244 680 1727 243 829 1728 392 681 1729 244 833 1730 396 681 1731 244 829 1732 392 673 1733 236 682 1734 245 830 1735 393 834 1736 397 830 1737 393 682 1738 245 674 1739 237 683 1740 246 682 1741 245 834 1742 397 834 1743 397 835 1744 398 683 1745 246 683 1746 246 831 1747 394 675 1748 238 831 1749 394 683 1750 246 835 1751 398 590 1752 153 593 1753 156 591 1754 154 592 1755 155 591 1756 154 593 1757 156 752 1758 315 753 1759 316 590 1760 153 593 1761 156 590 1762 153 753 1763 316 794 1764 357 797 1765 360 795 1766 358 796 1767 359 795 1768 358 797 1769 360 595 1770 158 596 1771 159 754 1772 317 755 1773 318 754 1774 317 596 1775 159 594 1776 157 597 1777 160 595 1778 158 596 1779 159 595 1780 158 597 1781 160 598 1782 161 599 1783 162 594 1784 157 597 1785 160 594 1786 157 599 1787 162 600 1788 163 601 1789 164 598 1790 161 599 1791 162 598 1792 161 601 1793 164 602 1794 165 603 1795 166 600 1796 163 601 1797 164 600 1798 163 603 1799 166 756 1800 319 757 1801 320 602 1802 165 603 1803 166 602 1804 165 757 1805 320 832 1806 395 835 1807 398 833 1808 396 834 1809 397 833 1810 396 835 1811 398 605 1812 168 606 1813 169 758 1814 321 759 1815 322 758 1816 321 606 1817 169 604 1818 167 607 1819 170 605 1820 168 606 1821 169 605 1822 168 607 1823 170 854 1824 417 837 1825 400 845 1826 408 850 1827 413 846 1828 409 849 1829 412 849 1830 412 847 1831 410 848 1832 411 837 1833 400 854 1834 417 836 1835 399 840 1836 403 843 1837 406 837 1838 400 839 1839 402 837 1840 400 838 1841 401 840 1842 403 837 1843 400 839 1844 402 843 1845 406 840 1846 403 841 1847 404 843 1848 406 841 1849 404 842 1850 405 843 1851 406 845 1852 408 837 1853 400 845 1854 408 843 1855 406 844 1856 407 853 1857 416 845 1858 408 846 1859 409 849 1860 412 846 1861 409 847 1862 410 853 1863 416 846 1864 409 850 1865 413 852 1866 415 850 1867 413 851 1868 414 853 1869 416 850 1870 413 852 1871 415 854 1872 417 845 1873 408 853 1874 416 856 1875 419 437 1876 0 855 1877 418 437 1878 0 856 1879 419 438 1880 1 856 1881 419 857 1882 420 441 1883 4 856 1884 419 441 1885 4 438 1886 1 441 1887 4 858 1888 421 443 1889 6 858 1890 421 441 1891 4 857 1892 420 445 1893 8 443 1894 6 858 1895 421 858 1896 421 859 1897 422 445 1898 8 859 1899 422 860 1900 423 447 1901 10 859 1902 422 447 1903 10 445 1904 8 861 1905 424 447 1906 10 860 1907 423 447 1908 10 861 1909 424 449 1910 12 449 1911 12 862 1912 425 451 1913 14 862 1914 425 449 1915 12 861 1916 424 453 1917 16 862 1918 425 863 1919 426 862 1920 425 453 1921 16 451 1922 14 864 1923 427 453 1924 16 863 1925 426 453 1926 16 864 1927 427 455 1928 18 457 1929 20 455 1930 18 864 1931 427 864 1932 427 865 1933 428 457 1934 20 855 1935 418 537 1936 100 866 1937 429 537 1938 100 855 1939 418 437 1940 0 865 1941 428 867 1942 430 538 1943 101 865 1944 428 538 1945 101 457 1946 20 537 1947 100 868 1948 431 866 1949 429 868 1950 431 537 1951 100 555 1952 118 556 1953 119 538 1954 101 867 1955 430 867 1956 430 869 1957 432 556 1958 119 870 1959 433 868 1960 431 555 1961 118 870 1962 433 555 1963 118 573 1964 136 871 1965 434 556 1966 119 869 1967 432 556 1968 119 871 1969 434 574 1970 137 870 1971 433 591 1972 154 872 1973 435 591 1974 154 870 1975 433 573 1976 136 871 1977 434 873 1978 436 592 1979 155 871 1980 434 592 1981 155 574 1982 137 685 1983 248 684 1984 247 764 1985 327 685 1986 248 764 1987 327 763 1988 326 686 1989 249 764 1990 327 684 1991 247 764 1992 327 686 1993 249 766 1994 329 686 1995 249 687 1996 250 768 1997 331 686 1998 249 768 1999 331 766 2000 329 688 2001 251 768 2002 331 687 2003 250 768 2004 331 688 2005 251 770 2006 333 770 2007 333 689 2008 252 772 2009 335 689 2010 252 770 2011 333 688 2012 251 774 2013 337 772 2014 335 689 2015 252 774 2016 337 689 2017 252 690 2018 253 690 2019 253 776 2020 339 774 2021 337 776 2022 339 690 2023 253 691 2024 254 692 2025 255 776 2026 339 691 2027 254 776 2028 339 692 2029 255 778 2030 341 692 2031 255 693 2032 256 780 2033 343 692 2034 255 780 2035 343 778 2036 341 694 2037 257 780 2038 343 693 2039 256 780 2040 343 694 2041 257 782 2042 345 763 2043 326 762 2044 325 728 2045 291 763 2046 326 728 2047 291 685 2048 248 782 2049 345 729 2050 292 784 2051 347 729 2052 292 782 2053 345 694 2054 257 736 2055 299 762 2056 325 787 2057 350 762 2058 325 736 2059 299 728 2060 291 729 2061 292 788 2062 351 784 2063 347 788 2064 351 729 2065 292 737 2066 300 791 2067 354 736 2068 299 787 2069 350 736 2070 299 791 2071 354 744 2072 307 792 2073 355 788 2074 351 737 2075 300 792 2076 355 737 2077 300 745 2078 308 752 2079 315 791 2080 354 795 2081 358 791 2082 354 752 2083 315 744 2084 307 792 2085 355 753 2086 316 796 2087 359 753 2088 316 792 2089 355 745 2090 308 873 2091 436 872 2092 435 591 2093 154 873 2094 436 591 2095 154 592 2096 155 752 2097 315 796 2098 359 753 2099 316 796 2100 359 752 2101 315 795 2102 358 765 2103 328 696 2104 258 760 2105 323 696 2106 258 765 2107 328 695 2108 259 765 2109 328 767 2110 330 697 2111 260 765 2112 328 697 2113 260 695 2114 259 697 2115 260 769 2116 332 698 2117 261 769 2118 332 697 2119 260 767 2120 330 699 2121 262 698 2122 261 769 2123 332 769 2124 332 771 2125 334 699 2126 262 700 2127 263 699 2128 262 771 2129 334 700 2130 263 771 2131 334 773 2132 336 700 2133 263 775 2134 338 701 2135 264 775 2136 338 700 2137 263 773 2138 336 701 2139 264 777 2140 340 702 2141 265 777 2142 340 701 2143 264 775 2144 338 703 2145 266 777 2146 340 779 2147 342 777 2148 340 703 2149 266 702 2150 265 781 2151 344 703 2152 266 779 2153 342 703 2154 266 781 2155 344 704 2156 267 705 2157 268 704 2158 267 781 2159 344 781 2160 344 783 2161 346 705 2162 268 707 2163 270 706 2164 269 802 2165 365 707 2166 270 802 2167 365 801 2168 364 706 2169 269 708 2170 271 804 2171 367 706 2172 269 804 2173 367 802 2174 365 708 2175 271 709 2176 272 806 2177 369 708 2178 271 806 2179 369 804 2180 367 710 2181 273 806 2182 369 709 2183 272 806 2184 369 710 2185 273 808 2186 371 808 2187 371 711 2188 274 810 2189 373 711 2190 274 808 2191 371 710 2192 273 812 2193 375 810 2194 373 711 2195 274 812 2196 375 711 2197 274 712 2198 275 712 2199 275 814 2200 377 812 2201 375 814 2202 377 712 2203 275 713 2204 276 714 2205 277 814 2206 377 713 2207 276 814 2208 377 714 2209 277 816 2210 379 714 2211 277 715 2212 278 818 2213 381 714 2214 277 818 2215 381 816 2216 379 716 2217 279 818 2218 381 715 2219 278 818 2220 381 716 2221 279 820 2222 383 730 2223 293 760 2224 323 696 2225 258 760 2226 323 730 2227 293 761 2228 324 731 2229 294 705 2230 268 783 2231 346 731 2232 294 783 2233 346 785 2234 348 801 2235 364 800 2236 363 732 2237 295 801 2238 364 732 2239 295 707 2240 270 820 2241 383 733 2242 296 822 2243 385 733 2244 296 820 2245 383 716 2246 279 730 2247 293 786 2248 349 761 2249 324 786 2250 349 730 2251 293 738 2252 301 739 2253 302 731 2254 294 785 2255 348 739 2256 302 785 2257 348 789 2258 352 740 2259 303 800 2260 363 825 2261 388 800 2262 363 740 2263 303 732 2264 295 733 2265 296 741 2266 304 826 2267 389 826 2268 389 822 2269 385 733 2270 296 738 2271 301 746 2272 309 790 2273 353 738 2274 301 790 2275 353 786 2276 349 739 2277 302 793 2278 356 747 2279 310 793 2280 356 739 2281 302 789 2282 352 829 2283 392 740 2284 303 825 2285 388 740 2286 303 829 2287 392 748 2288 311 830 2289 393 826 2290 389 741 2291 304 830 2292 393 741 2293 304 749 2294 312 754 2295 317 790 2296 353 746 2297 309 790 2298 353 754 2299 317 794 2300 357 755 2301 318 747 2302 310 793 2303 356 793 2304 356 797 2305 360 755 2306 318 756 2307 319 829 2308 392 833 2309 396 829 2310 392 756 2311 319 748 2312 311 830 2313 393 757 2314 320 834 2315 397 757 2316 320 830 2317 393 749 2318 312 754 2319 317 755 2320 318 797 2321 360 754 2322 317 797 2323 360 794 2324 357 756 2325 319 834 2326 397 757 2327 320 834 2328 397 756 2329 319 833 2330 396 517 2331 80 516 2332 79 836 2333 399 517 2334 80 836 2335 399 854 2336 417 519 2337 82 836 2338 399 516 2339 79 836 2340 399 519 2341 82 837 2342 400 519 2343 82 521 2344 84 838 2345 401 519 2346 82 838 2347 401 837 2348 400 523 2349 86 838 2350 401 521 2351 84 838 2352 401 523 2353 86 839 2354 402 525 2355 88 839 2356 402 523 2357 86 839 2358 402 525 2359 88 840 2360 403 525 2361 88 527 2362 90 841 2363 404 525 2364 88 841 2365 404 840 2366 403 527 2367 90 842 2368 405 841 2369 404 842 2370 405 527 2371 90 529 2372 92 531 2373 94 842 2374 405 529 2375 92 842 2376 405 531 2377 94 843 2378 406 531 2379 94 533 2380 96 844 2381 407 531 2382 94 844 2383 407 843 2384 406 535 2385 98 844 2386 407 533 2387 96 844 2388 407 535 2389 98 845 2390 408 550 2391 113 517 2392 80 854 2393 417 550 2394 113 854 2395 417 853 2396 416 553 2397 116 845 2398 408 535 2399 98 845 2400 408 553 2401 116 846 2402 409 568 2403 131 550 2404 113 853 2405 416 568 2406 131 853 2407 416 852 2408 415 553 2409 116 571 2410 134 847 2411 410 553 2412 116 847 2413 410 846 2414 409 568 2415 131 851 2416 414 586 2417 149 851 2418 414 568 2419 131 852 2420 415 571 2421 134 589 2422 152 848 2423 411 571 2424 134 848 2425 411 847 2426 410 604 2427 167 586 2428 149 851 2429 414 604 2430 167 851 2431 414 850 2432 413 607 2433 170 848 2434 411 589 2435 152 848 2436 411 607 2437 170 849 2438 412 803 2439 366 718 2440 280 798 2441 361 718 2442 280 803 2443 366 717 2444 281 803 2445 366 805 2446 368 719 2447 282 803 2448 366 719 2449 282 717 2450 281 719 2451 282 807 2452 370 720 2453 283 807 2454 370 719 2455 282 805 2456 368 721 2457 284 720 2458 283 807 2459 370 807 2460 370 809 2461 372 721 2462 284 722 2463 285 721 2464 284 809 2465 372 722 2466 285 809 2467 372 811 2468 374 722 2469 285 813 2470 376 723 2471 286 813 2472 376 722 2473 285 811 2474 374 723 2475 286 815 2476 378 724 2477 287 815 2478 378 723 2479 286 813 2480 376 725 2481 288 815 2482 378 817 2483 380 815 2484 378 725 2485 288 724 2486 287 819 2487 382 725 2488 288 817 2489 380 725 2490 288 819 2491 382 726 2492 289 727 2493 290 726 2494 289 819 2495 382 819 2496 382 821 2497 384 727 2498 290 734 2499 297 798 2500 361 718 2501 280 798 2502 361 734 2503 297 799 2504 362 735 2505 298 727 2506 290 821 2507 384 735 2508 298 821 2509 384 823 2510 386 734 2511 297 824 2512 387 799 2513 362 824 2514 387 734 2515 297 742 2516 305 743 2517 306 735 2518 298 823 2519 386 823 2520 386 827 2521 390 743 2522 306 742 2523 305 750 2524 313 828 2525 391 742 2526 305 828 2527 391 824 2528 387 743 2529 306 831 2530 394 751 2531 314 831 2532 394 743 2533 306 827 2534 390 758 2535 321 828 2536 391 750 2537 313 828 2538 391 758 2539 321 832 2540 395 759 2541 322 751 2542 314 831 2543 394 831 2544 394 835 2545 398 759 2546 322 758 2547 321 759 2548 322 835 2549 398 758 2550 321 835 2551 398 832 2552 395 607 2553 170 604 2554 167 850 2555 413 607 2556 170 850 2557 413 849 2558 412 191 2559 440 190 2560 437 192 2561 439 190 2562 437 193 2563 438 192 2564 439 194 2565 442 191 2566 440 195 2567 441 191 2568 440 192 2569 439 195 2570 441 196 2571 444 194 2572 442 197 2573 443 194 2574 442 195 2575 441 197 2576 443 198 2577 446 196 2578 444 199 2579 445 196 2580 444 197 2581 443 199 2582 445 200 2583 448 198 2584 446 201 2585 447 198 2586 446 199 2587 445 201 2588 447 202 2589 450 200 2590 448 203 2591 449 200 2592 448 201 2593 447 203 2594 449 204 2595 452 202 2596 450 205 2597 451 202 2598 450 203 2599 449 205 2600 451 206 2601 454 204 2602 452 207 2603 453 204 2604 452 205 2605 451 207 2606 453 208 2607 456 206 2608 454 209 2609 455 206 2610 454 207 2611 453 209 2612 455 210 2613 458 208 2614 456 211 2615 457 208 2616 456 209 2617 455 211 2618 457 248 2619 462 247 2620 459 249 2621 461 247 2622 459 250 2623 460 249 2624 461 251 2625 464 248 2626 462 252 2627 463 248 2628 462 249 2629 461 252 2630 463 253 2631 466 251 2632 464 254 2633 465 251 2634 464 252 2635 463 254 2636 465 255 2637 468 253 2638 466 256 2639 467 253 2640 466 254 2641 465 256 2642 467 257 2643 470 255 2644 468 258 2645 469 255 2646 468 256 2647 467 258 2648 469 259 2649 472 257 2650 470 260 2651 471 257 2652 470 258 2653 469 260 2654 471 261 2655 474 259 2656 472 262 2657 473 259 2658 472 260 2659 471 262 2660 473 263 2661 476 261 2662 474 264 2663 475 261 2664 474 262 2665 473 264 2666 475 265 2667 478 263 2668 476 266 2669 477 263 2670 476 264 2671 475 266 2672 477 267 2673 480 265 2674 478 268 2675 479 265 2676 478 266 2677 477 268 2678 479 249 2679 461 250 2680 460 269 2681 482 250 2682 460 270 2683 481 269 2684 482 252 2685 463 249 2686 461 271 2687 483 249 2688 461 269 2689 482 271 2690 483 254 2691 465 252 2692 463 272 2693 484 252 2694 463 271 2695 483 272 2696 484 256 2697 467 254 2698 465 273 2699 485 254 2700 465 272 2701 484 273 2702 485 258 2703 469 256 2704 467 274 2705 486 256 2706 467 273 2707 485 274 2708 486 260 2709 471 258 2710 469 275 2711 487 258 2712 469 274 2713 486 275 2714 487 262 2715 473 260 2716 471 276 2717 488 260 2718 471 275 2719 487 276 2720 488 264 2721 475 262 2722 473 277 2723 489 262 2724 473 276 2725 488 277 2726 489 266 2727 477 264 2728 475 278 2729 490 264 2730 475 277 2731 489 278 2732 490 268 2733 479 266 2734 477 279 2735 491 266 2736 477 278 2737 490 279 2738 491 269 2739 482 270 2740 481 280 2741 493 270 2742 481 281 2743 492 280 2744 493 271 2745 483 269 2746 482 282 2747 494 269 2748 482 280 2749 493 282 2750 494 272 2751 484 271 2752 483 283 2753 495 271 2754 483 282 2755 494 283 2756 495 273 2757 485 272 2758 484 284 2759 496 272 2760 484 283 2761 495 284 2762 496 274 2763 486 273 2764 485 285 2765 497 273 2766 485 284 2767 496 285 2768 497 275 2769 487 274 2770 486 286 2771 498 274 2772 486 285 2773 497 286 2774 498 276 2775 488 275 2776 487 287 2777 499 275 2778 487 286 2779 498 287 2780 499 277 2781 489 276 2782 488 288 2783 500 276 2784 488 287 2785 499 288 2786 500 278 2787 490 277 2788 489 289 2789 501 277 2790 489 288 2791 500 289 2792 501 279 2793 491 278 2794 490 290 2795 502 278 2796 490 289 2797 501 290 2798 502 280 2799 493 281 2800 492 291 2801 504 281 2802 492 292 2803 503 291 2804 504 282 2805 494 280 2806 493 293 2807 505 280 2808 493 291 2809 504 293 2810 505 283 2811 495 282 2812 494 294 2813 506 282 2814 494 293 2815 505 294 2816 506 284 2817 496 283 2818 495 295 2819 507 283 2820 495 294 2821 506 295 2822 507 285 2823 497 284 2824 496 296 2825 508 284 2826 496 295 2827 507 296 2828 508 286 2829 498 285 2830 497 297 2831 509 285 2832 497 296 2833 508 297 2834 509 287 2835 499 286 2836 498 298 2837 510 286 2838 498 297 2839 509 298 2840 510 288 2841 500 287 2842 499 299 2843 511 287 2844 499 298 2845 510 299 2846 511 289 2847 501 288 2848 500 300 2849 512 288 2850 500 299 2851 511 300 2852 512 290 2853 502 289 2854 501 301 2855 513 289 2856 501 300 2857 512 301 2858 513 381 2859 517 380 2860 514 382 2861 516 380 2862 514 383 2863 515 382 2864 516 384 2865 519 381 2866 517 385 2867 518 381 2868 517 382 2869 516 385 2870 518 386 2871 521 384 2872 519 387 2873 520 384 2874 519 385 2875 518 387 2876 520 388 2877 523 386 2878 521 389 2879 522 386 2880 521 387 2881 520 389 2882 522 390 2883 525 388 2884 523 391 2885 524 388 2886 523 389 2887 522 391 2888 524 392 2889 527 390 2890 525 393 2891 526 390 2892 525 391 2893 524 393 2894 526 394 2895 529 392 2896 527 395 2897 528 392 2898 527 393 2899 526 395 2900 528 396 2901 531 394 2902 529 397 2903 530 394 2904 529 395 2905 528 397 2906 530 398 2907 533 396 2908 531 399 2909 532 396 2910 531 397 2911 530 399 2912 532 400 2913 535 398 2914 533 401 2915 534 398 2916 533 399 2917 532 401 2918 534 213 2919 536 212 2920 537 190 2921 437 190 2922 437 212 2923 537 193 2924 438 214 2925 539 210 2926 458 211 2927 457 214 2928 539 211 2929 457 215 2930 538 303 2931 540 302 2932 541 247 2933 459 247 2934 459 302 2935 541 250 2936 460 304 2937 543 267 2938 480 268 2939 479 304 2940 543 268 2941 479 305 2942 542 302 2943 541 306 2944 544 250 2945 460 250 2946 460 306 2947 544 270 2948 481 305 2949 542 268 2950 479 279 2951 491 305 2952 542 279 2953 491 307 2954 545 308 2955 546 270 2956 481 306 2957 544 270 2958 481 308 2959 546 281 2960 492 307 2961 545 279 2962 491 290 2963 502 307 2964 545 290 2965 502 309 2966 547 308 2967 546 310 2968 548 281 2969 492 281 2970 492 310 2971 548 292 2972 503 309 2973 547 290 2974 502 301 2975 513 309 2976 547 301 2977 513 311 2978 549 402 2979 551 380 2980 514 403 2981 550 380 2982 514 402 2983 551 383 2984 515 404 2985 553 400 2986 535 401 2987 534 404 2988 553 401 2989 534 405 2990 552 217 2991 554 216 2992 555 213 2993 536 213 2994 536 216 2995 555 212 2996 537 218 2997 557 214 2998 539 215 2999 538 218 3000 557 215 3001 538 219 3002 556 312 3003 559 303 3004 540 313 3005 558 303 3006 540 312 3007 559 302 3008 541 314 3009 561 304 3010 543 305 3011 542 314 3012 561 305 3013 542 315 3014 560 312 3015 559 316 3016 562 302 3017 541 302 3018 541 316 3019 562 306 3020 544 315 3021 560 305 3022 542 307 3023 545 315 3024 560 307 3025 545 317 3026 563 316 3027 562 318 3028 564 306 3029 544 306 3030 544 318 3031 564 308 3032 546 317 3033 563 307 3034 545 309 3035 547 317 3036 563 309 3037 547 319 3038 565 318 3039 564 320 3040 566 308 3041 546 308 3042 546 320 3043 566 310 3044 548 319 3045 565 309 3046 547 311 3047 549 319 3048 565 311 3049 549 321 3050 567 407 3051 568 406 3052 569 403 3053 550 403 3054 550 406 3055 569 402 3056 551 408 3057 571 404 3058 553 405 3059 552 408 3060 571 405 3061 552 409 3062 570 221 3063 572 220 3064 573 217 3065 554 217 3066 554 220 3067 573 216 3068 555 222 3069 575 218 3070 557 219 3071 556 222 3072 575 219 3073 556 223 3074 574 322 3075 577 313 3076 558 323 3077 576 313 3078 558 322 3079 577 312 3080 559 324 3081 579 314 3082 561 315 3083 560 324 3084 579 315 3085 560 325 3086 578 322 3087 577 326 3088 580 312 3089 559 312 3090 559 326 3091 580 316 3092 562 325 3093 578 315 3094 560 317 3095 563 325 3096 578 317 3097 563 327 3098 581 326 3099 580 328 3100 582 316 3101 562 316 3102 562 328 3103 582 318 3104 564 327 3105 581 317 3106 563 319 3107 565 327 3108 581 319 3109 565 329 3110 583 330 3111 584 318 3112 564 328 3113 582 318 3114 564 330 3115 584 320 3116 566 329 3117 583 319 3118 565 321 3119 567 329 3120 583 321 3121 567 331 3122 585 411 3123 586 410 3124 587 407 3125 568 407 3126 568 410 3127 587 406 3128 569 412 3129 589 408 3130 571 409 3131 570 412 3132 589 409 3133 570 413 3134 588 225 3135 590 224 3136 591 221 3137 572 221 3138 572 224 3139 591 220 3140 573 222 3141 575 223 3142 574 226 3143 593 226 3144 593 223 3145 574 227 3146 592 333 3147 594 332 3148 595 323 3149 576 323 3150 576 332 3151 595 322 3152 577 324 3153 579 325 3154 578 334 3155 597 334 3156 597 325 3157 578 335 3158 596 336 3159 598 322 3160 577 332 3161 595 322 3162 577 336 3163 598 326 3164 580 325 3165 578 327 3166 581 335 3167 596 335 3168 596 327 3169 581 337 3170 599 336 3171 598 338 3172 600 326 3173 580 326 3174 580 338 3175 600 328 3176 582 327 3177 581 329 3178 583 337 3179 599 337 3180 599 329 3181 583 339 3182 601 338 3183 600 340 3184 602 328 3185 582 328 3186 582 340 3187 602 330 3188 584 329 3189 583 331 3190 585 339 3191 601 339 3192 601 331 3193 585 341 3194 603 415 3195 604 414 3196 605 411 3197 586 411 3198 586 414 3199 605 410 3200 587 412 3201 589 413 3202 588 416 3203 607 416 3204 607 413 3205 588 417 3206 606 116 3207 610 114 3208 608 117 3209 609 114 3210 608 116 3211 610 115 3212 611 118 3213 613 114 3214 608 115 3215 611 118 3216 613 115 3217 611 119 3218 612 120 3219 615 118 3220 613 119 3221 612 120 3222 615 119 3223 612 121 3224 614 122 3225 617 120 3226 615 121 3227 614 122 3228 617 121 3229 614 123 3230 616 124 3231 619 122 3232 617 123 3233 616 124 3234 619 123 3235 616 125 3236 618 126 3237 621 124 3238 619 125 3239 618 126 3240 621 125 3241 618 127 3242 620 128 3243 623 126 3244 621 127 3245 620 128 3246 623 127 3247 620 129 3248 622 130 3249 625 128 3250 623 129 3251 622 130 3252 625 129 3253 622 131 3254 624 132 3255 627 130 3256 625 131 3257 624 132 3258 627 131 3259 624 133 3260 626 134 3261 629 132 3262 627 133 3263 626 134 3264 629 133 3265 626 135 3266 628 136 3267 631 134 3268 629 135 3269 628 136 3270 631 135 3271 628 137 3272 630 138 3273 633 136 3274 631 137 3275 630 138 3276 633 137 3277 630 139 3278 632 154 3279 636 152 3280 634 155 3281 635 152 3282 634 154 3283 636 153 3284 637 156 3285 639 152 3286 634 153 3287 637 156 3288 639 153 3289 637 157 3290 638 158 3291 641 156 3292 639 157 3293 638 158 3294 641 157 3295 638 159 3296 640 160 3297 643 158 3298 641 159 3299 640 160 3300 643 159 3301 640 161 3302 642 162 3303 645 160 3304 643 161 3305 642 162 3306 645 161 3307 642 163 3308 644 164 3309 647 162 3310 645 163 3311 644 164 3312 647 163 3313 644 165 3314 646 166 3315 649 164 3316 647 165 3317 646 166 3318 649 165 3319 646 167 3320 648 168 3321 651 166 3322 649 167 3323 648 168 3324 651 167 3325 648 169 3326 650 170 3327 653 168 3328 651 169 3329 650 170 3330 653 169 3331 650 171 3332 652 172 3333 655 170 3334 653 171 3335 652 172 3336 655 171 3337 652 173 3338 654 174 3339 657 172 3340 655 173 3341 654 174 3342 657 173 3343 654 175 3344 656 176 3345 659 174 3346 657 175 3347 656 176 3348 659 175 3349 656 177 3350 658 117 3351 609 141 3352 660 140 3353 661 117 3354 609 140 3355 661 116 3356 610 142 3357 663 138 3358 633 139 3359 632 142 3360 663 139 3361 632 143 3362 662 155 3363 635 179 3364 664 178 3365 665 155 3366 635 178 3367 665 154 3368 636 180 3369 667 176 3370 659 177 3371 658 180 3372 667 177 3373 658 181 3374 666 144 3375 669 141 3376 660 145 3377 668 141 3378 660 144 3379 669 140 3380 661 146 3381 671 142 3382 663 143 3383 662 146 3384 671 143 3385 662 147 3386 670 179 3387 664 183 3388 672 182 3389 673 179 3390 664 182 3391 673 178 3392 665 184 3393 675 180 3394 667 181 3395 666 184 3396 675 181 3397 666 185 3398 674 148 3399 677 145 3400 668 149 3401 676 145 3402 668 148 3403 677 144 3404 669 150 3405 679 146 3406 671 147 3407 670 150 3408 679 147 3409 670 151 3410 678 187 3411 680 186 3412 681 183 3413 672 183 3414 672 186 3415 681 182 3416 673 188 3417 683 184 3418 675 185 3419 674 188 3420 683 185 3421 674 189 3422 682 192 3423 439 193 3424 438 228 3425 685 193 3426 438 229 3427 684 228 3428 685 195 3429 441 192 3430 439 230 3431 686 192 3432 439 228 3433 685 230 3434 686 197 3435 443 195 3436 441 231 3437 687 195 3438 441 230 3439 686 231 3440 687 199 3441 445 197 3442 443 232 3443 688 197 3444 443 231 3445 687 232 3446 688 201 3447 447 199 3448 445 233 3449 689 199 3450 445 232 3451 688 233 3452 689 203 3453 449 201 3454 447 234 3455 690 201 3456 447 233 3457 689 234 3458 690 205 3459 451 203 3460 449 235 3461 691 203 3462 449 234 3463 690 235 3464 691 207 3465 453 205 3466 451 236 3467 692 205 3468 451 235 3469 691 236 3470 692 209 3471 455 207 3472 453 237 3473 693 207 3474 453 236 3475 692 237 3476 693 211 3477 457 209 3478 455 238 3479 694 209 3480 455 237 3481 693 238 3482 694 342 3483 696 343 3484 695 248 3485 462 343 3486 695 247 3487 459 248 3488 462 344 3489 697 342 3490 696 251 3491 464 342 3492 696 248 3493 462 251 3494 464 345 3495 698 344 3496 697 253 3497 466 344 3498 697 251 3499 464 253 3500 466 346 3501 699 345 3502 698 255 3503 468 345 3504 698 253 3505 466 255 3506 468 347 3507 700 346 3508 699 257 3509 470 346 3510 699 255 3511 468 257 3512 470 348 3513 701 347 3514 700 259 3515 472 347 3516 700 257 3517 470 259 3518 472 349 3519 702 348 3520 701 261 3521 474 348 3522 701 259 3523 472 261 3524 474 350 3525 703 349 3526 702 263 3527 476 349 3528 702 261 3529 474 263 3530 476 351 3531 704 350 3532 703 265 3533 478 350 3534 703 263 3535 476 265 3536 478 352 3537 705 351 3538 704 267 3539 480 351 3540 704 265 3541 478 267 3542 480 291 3543 504 292 3544 503 353 3545 707 292 3546 503 354 3547 706 353 3548 707 293 3549 505 291 3550 504 355 3551 708 291 3552 504 353 3553 707 355 3554 708 294 3555 506 293 3556 505 356 3557 709 293 3558 505 355 3559 708 356 3560 709 295 3561 507 294 3562 506 357 3563 710 294 3564 506 356 3565 709 357 3566 710 296 3567 508 295 3568 507 358 3569 711 295 3570 507 357 3571 710 358 3572 711 297 3573 509 296 3574 508 359 3575 712 296 3576 508 358 3577 711 359 3578 712 298 3579 510 297 3580 509 360 3581 713 297 3582 509 359 3583 712 360 3584 713 299 3585 511 298 3586 510 361 3587 714 298 3588 510 360 3589 713 361 3590 714 300 3591 512 299 3592 511 362 3593 715 299 3594 511 361 3595 714 362 3596 715 301 3597 513 300 3598 512 363 3599 716 300 3600 512 362 3601 715 363 3602 716 418 3603 718 419 3604 717 381 3605 517 419 3606 717 380 3607 514 381 3608 517 420 3609 719 418 3610 718 384 3611 519 418 3612 718 381 3613 517 384 3614 519 421 3615 720 420 3616 719 386 3617 521 420 3618 719 384 3619 519 386 3620 521 422 3621 721 421 3622 720 388 3623 523 421 3624 720 386 3625 521 388 3626 523 423 3627 722 422 3628 721 390 3629 525 422 3630 721 388 3631 523 390 3632 525 424 3633 723 423 3634 722 392 3635 527 423 3636 722 390 3637 525 392 3638 527 425 3639 724 424 3640 723 394 3641 529 424 3642 723 392 3643 527 394 3644 529 426 3645 725 425 3646 724 396 3647 531 425 3648 724 394 3649 529 396 3650 531 427 3651 726 426 3652 725 398 3653 533 426 3654 725 396 3655 531 398 3656 533 428 3657 727 427 3658 726 400 3659 535 427 3660 726 398 3661 533 400 3662 535 212 3663 537 239 3664 728 193 3665 438 193 3666 438 239 3667 728 229 3668 684 215 3669 538 211 3670 457 238 3671 694 215 3672 538 238 3673 694 240 3674 729 303 3675 540 343 3676 695 364 3677 730 343 3678 695 303 3679 540 247 3680 459 365 3681 731 352 3682 705 267 3683 480 365 3684 731 267 3685 480 304 3686 543 366 3687 732 292 3688 503 310 3689 548 292 3690 503 366 3691 732 354 3692 706 311 3693 549 301 3694 513 363 3695 716 311 3696 549 363 3697 716 367 3698 733 429 3699 734 403 3700 550 419 3701 717 419 3702 717 403 3703 550 380 3704 514 430 3705 735 428 3706 727 400 3707 535 430 3708 735 400 3709 535 404 3710 553 216 3711 555 241 3712 736 212 3713 537 212 3714 537 241 3715 736 239 3716 728 219 3717 556 215 3718 538 240 3719 729 219 3720 556 240 3721 729 242 3722 737 368 3723 738 313 3724 558 364 3725 730 364 3726 730 313 3727 558 303 3728 540 369 3729 739 365 3730 731 304 3731 543 369 3732 739 304 3733 543 314 3734 561 320 3735 566 370 3736 740 310 3737 548 310 3738 548 370 3739 740 366 3740 732 321 3741 567 311 3742 549 367 3743 733 321 3744 567 367 3745 733 371 3746 741 431 3747 742 407 3748 568 429 3749 734 429 3750 734 407 3751 568 403 3752 550 432 3753 743 430 3754 735 404 3755 553 432 3756 743 404 3757 553 408 3758 571 220 3759 573 243 3760 744 216 3761 555 216 3762 555 243 3763 744 241 3764 736 223 3765 574 219 3766 556 242 3767 737 223 3768 574 242 3769 737 244 3770 745 372 3771 746 323 3772 576 368 3773 738 368 3774 738 323 3775 576 313 3776 558 373 3777 747 369 3778 739 314 3779 561 373 3780 747 314 3781 561 324 3782 579 330 3783 584 374 3784 748 320 3785 566 320 3786 566 374 3787 748 370 3788 740 331 3789 585 321 3790 567 371 3791 741 331 3792 585 371 3793 741 375 3794 749 411 3795 586 431 3796 742 433 3797 750 431 3798 742 411 3799 586 407 3800 568 434 3801 751 432 3802 743 408 3803 571 434 3804 751 408 3805 571 412 3806 589 224 3807 591 245 3808 752 220 3809 573 220 3810 573 245 3811 752 243 3812 744 223 3813 574 244 3814 745 227 3815 592 227 3816 592 244 3817 745 246 3818 753 376 3819 754 333 3820 594 372 3821 746 372 3822 746 333 3823 594 323 3824 576 373 3825 747 324 3826 579 377 3827 755 377 3828 755 324 3829 579 334 3830 597 340 3831 602 378 3832 756 330 3833 584 330 3834 584 378 3835 756 374 3836 748 331 3837 585 375 3838 749 341 3839 603 341 3840 603 375 3841 749 379 3842 757 415 3843 604 433 3844 750 435 3845 758 433 3846 750 415 3847 604 411 3848 586 434 3849 751 412 3850 589 436 3851 759 436 3852 759 412 3853 589 416 3854 607 115 3855 611 83 3856 761 39 3857 760 83 3858 761 115 3859 611 116 3860 610 117 3861 609 114 3862 608 82 3863 762 82 3864 762 114 3865 608 38 3866 763 114 3867 608 118 3868 613 38 3869 763 38 3870 763 118 3871 613 40 3872 764 119 3873 612 39 3874 760 41 3875 765 39 3876 760 119 3877 612 115 3878 611 120 3879 615 40 3880 764 118 3881 613 40 3882 764 120 3883 615 42 3884 766 121 3885 614 41 3886 765 43 3887 767 41 3888 765 121 3889 614 119 3890 612 122 3891 617 42 3892 766 120 3893 615 44 3894 768 42 3895 766 122 3896 617 123 3897 616 43 3898 767 45 3899 769 43 3900 767 123 3901 616 121 3902 614 46 3903 770 44 3904 768 124 3905 619 44 3906 768 122 3907 617 124 3908 619 45 3909 769 125 3910 618 123 3911 616 125 3912 618 45 3913 769 47 3914 771 124 3915 619 126 3916 621 46 3917 770 48 3918 772 46 3919 770 126 3920 621 127 3921 620 47 3922 771 49 3923 773 47 3924 771 127 3925 620 125 3926 618 126 3927 621 50 3928 774 48 3929 772 50 3930 774 126 3931 621 128 3932 623 127 3933 620 51 3934 775 129 3935 622 51 3936 775 127 3937 620 49 3938 773 128 3939 623 52 3940 776 50 3941 774 52 3942 776 128 3943 623 130 3944 625 131 3945 624 129 3946 622 53 3947 777 53 3948 777 129 3949 622 51 3950 775 130 3951 625 54 3952 778 52 3953 776 54 3954 778 130 3955 625 132 3956 627 133 3957 626 131 3958 624 55 3959 779 55 3960 779 131 3961 624 53 3962 777 132 3963 627 56 3964 780 54 3965 778 56 3966 780 132 3967 627 134 3968 629 135 3969 628 133 3970 626 57 3971 781 55 3972 779 57 3973 781 133 3974 626 59 3975 782 134 3976 629 136 3977 631 134 3978 629 59 3979 782 56 3980 780 137 3981 630 135 3982 628 58 3983 783 57 3984 781 58 3985 783 135 3986 628 85 3987 784 136 3988 631 138 3989 633 136 3990 631 85 3991 784 59 3992 782 58 3993 783 84 3994 785 137 3995 630 137 3996 630 84 3997 785 139 3998 632 116 3999 610 91 4000 786 83 4001 761 91 4002 786 116 4003 610 140 4004 661 141 4005 660 117 4006 609 90 4007 787 82 4008 762 90 4009 787 117 4010 609 93 4011 788 138 4012 633 142 4013 663 138 4014 633 93 4015 788 85 4016 784 84 4017 785 92 4018 789 139 4019 632 139 4020 632 92 4021 789 143 4022 662 140 4023 661 99 4024 790 91 4025 786 99 4026 790 140 4027 661 144 4028 669 145 4029 668 141 4030 660 98 4031 791 90 4032 787 98 4033 791 141 4034 660 142 4035 663 101 4036 792 93 4037 788 101 4038 792 142 4039 663 146 4040 671 92 4041 789 100 4042 793 143 4043 662 143 4044 662 100 4045 793 147 4046 670 144 4047 669 148 4048 677 99 4049 790 107 4050 794 99 4051 790 148 4052 677 106 4053 795 107 4054 794 149 4055 676 149 4056 676 107 4057 794 148 4058 677 98 4059 791 149 4060 676 145 4061 668 149 4062 676 98 4063 791 106 4064 795 146 4065 671 150 4066 679 101 4067 792 101 4068 792 150 4069 679 109 4070 796 151 4071 678 109 4072 796 150 4073 679 109 4074 796 151 4075 678 108 4076 797 151 4077 678 100 4078 793 108 4079 797 100 4080 793 151 4081 678 147 4082 670 153 4083 637 87 4084 799 61 4085 798 87 4086 799 153 4087 637 154 4088 636 155 4089 635 152 4090 634 86 4091 800 86 4092 800 152 4093 634 60 4094 801 152 4095 634 156 4096 639 60 4097 801 60 4098 801 156 4099 639 62 4100 802 157 4101 638 61 4102 798 63 4103 803 61 4104 798 157 4105 638 153 4106 637 158 4107 641 62 4108 802 156 4109 639 62 4110 802 158 4111 641 64 4112 804 159 4113 640 63 4114 803 65 4115 805 63 4116 803 159 4117 640 157 4118 638 160 4119 643 64 4120 804 158 4121 641 66 4122 806 64 4123 804 160 4124 643 161 4125 642 65 4126 805 67 4127 807 65 4128 805 161 4129 642 159 4130 640 68 4131 808 66 4132 806 162 4133 645 66 4134 806 160 4135 643 162 4136 645 67 4137 807 163 4138 644 161 4139 642 163 4140 644 67 4141 807 69 4142 809 162 4143 645 164 4144 647 68 4145 808 70 4146 810 68 4147 808 164 4148 647 165 4149 646 69 4150 809 71 4151 811 69 4152 809 165 4153 646 163 4154 644 164 4155 647 72 4156 812 70 4157 810 72 4158 812 164 4159 647 166 4160 649 165 4161 646 73 4162 813 167 4163 648 73 4164 813 165 4165 646 71 4166 811 166 4167 649 74 4168 814 72 4169 812 74 4170 814 166 4171 649 168 4172 651 169 4173 650 167 4174 648 75 4175 815 75 4176 815 167 4177 648 73 4178 813 168 4179 651 76 4180 816 74 4181 814 76 4182 816 168 4183 651 170 4184 653 171 4185 652 169 4186 650 77 4187 817 77 4188 817 169 4189 650 75 4190 815 170 4191 653 78 4192 818 76 4193 816 78 4194 818 170 4195 653 172 4196 655 173 4197 654 171 4198 652 79 4199 819 77 4200 817 79 4201 819 171 4202 652 81 4203 820 172 4204 655 174 4205 657 172 4206 655 81 4207 820 78 4208 818 175 4209 656 173 4210 654 80 4211 821 79 4212 819 80 4213 821 173 4214 654 89 4215 822 174 4216 657 176 4217 659 174 4218 657 89 4219 822 81 4220 820 80 4221 821 88 4222 823 175 4223 656 175 4224 656 88 4225 823 177 4226 658 154 4227 636 95 4228 824 87 4229 799 95 4230 824 154 4231 636 178 4232 665 179 4233 664 155 4234 635 94 4235 825 86 4236 800 94 4237 825 155 4238 635 97 4239 826 176 4240 659 180 4241 667 176 4242 659 97 4243 826 89 4244 822 88 4245 823 96 4246 827 177 4247 658 177 4248 658 96 4249 827 181 4250 666 178 4251 665 103 4252 828 95 4253 824 103 4254 828 178 4255 665 182 4256 673 183 4257 672 179 4258 664 102 4259 829 94 4260 825 102 4261 829 179 4262 664 180 4263 667 105 4264 830 97 4265 826 105 4266 830 180 4267 667 184 4268 675 96 4269 827 104 4270 831 181 4271 666 181 4272 666 104 4273 831 185 4274 674 182 4275 673 186 4276 681 103 4277 828 111 4278 832 103 4279 828 186 4280 681 110 4281 833 111 4282 832 187 4283 680 187 4284 680 111 4285 832 186 4286 681 102 4287 829 187 4288 680 183 4289 672 187 4290 680 102 4291 829 110 4292 833 184 4293 675 188 4294 683 105 4295 830 105 4296 830 188 4297 683 113 4298 834 188 4299 683 189 4300 682 113 4301 834 113 4302 834 189 4303 682 112 4304 835 189 4305 682 104 4306 831 112 4307 835 104 4308 831 189 4309 682 185 4310 674 225 4311 590 226 4312 593 227 4313 592 225 4314 590 227 4315 592 224 4316 591 224 4317 591 227 4318 592 246 4319 753 224 4320 591 246 4321 753 245 4322 752 106 4323 795 109 4324 796 108 4325 797 106 4326 795 108 4327 797 107 4328 794 376 4329 754 377 4330 755 334 4331 597 376 4332 754 334 4333 597 333 4334 594 333 4335 594 334 4336 597 335 4337 596 333 4338 594 335 4339 596 332 4340 595 332 4341 595 335 4342 596 337 4343 599 332 4344 595 337 4345 599 336 4346 598 339 4347 601 336 4348 598 337 4349 599 336 4350 598 339 4351 601 338 4352 600 338 4353 600 339 4354 601 341 4355 603 338 4356 600 341 4357 603 340 4358 602 340 4359 602 341 4360 603 379 4361 757 340 4362 602 379 4363 757 378 4364 756 110 4365 833 113 4366 834 112 4367 835 110 4368 833 112 4369 835 111 4370 832 435 4371 758 436 4372 759 416 4373 607 435 4374 758 416 4375 607 415 4376 604 415 4377 604 416 4378 607 417 4379 606 415 4380 604 417 4381 606 414 4382 605 24 4383 838 25 4384 845 21 4385 846 37 4386 842 24 4387 838 36 4388 841 19 4389 848 13 4390 854 11 4391 837 11 4392 837 13 4393 854 12 4394 836 24 4395 838 21 4396 846 11 4397 837 36 4398 841 24 4399 838 28 4400 839 36 4401 841 28 4402 839 32 4403 840 25 4404 845 24 4405 838 37 4406 842 29 4407 844 37 4408 842 33 4409 843 25 4410 845 37 4411 842 29 4412 844 19 4413 848 11 4414 837 21 4415 846 19 4416 848 21 4417 846 20 4418 847 19 4419 848 17 4420 850 16 4421 851 17 4422 850 19 4423 848 18 4424 849 13 4425 854 19 4426 848 16 4427 851 13 4428 854 16 4429 851 15 4430 852 13 4431 854 15 4432 852 14 4433 853 856 4434 419 855 4435 418 0 4436 855 856 4437 419 0 4438 855 1 4439 856 857 4440 420 856 4441 419 1 4442 856 857 4443 420 1 4444 856 2 4445 857 858 4446 421 857 4447 420 2 4448 857 858 4449 421 2 4450 857 3 4451 858 859 4452 422 858 4453 421 3 4454 858 859 4455 422 3 4456 858 4 4457 859 860 4458 423 859 4459 422 4 4460 859 860 4461 423 4 4462 859 5 4463 860 861 4464 424 860 4465 423 5 4466 860 861 4467 424 5 4468 860 6 4469 861 862 4470 425 861 4471 424 6 4472 861 862 4473 425 6 4474 861 7 4475 862 863 4476 426 862 4477 425 7 4478 862 863 4479 426 7 4480 862 8 4481 863 864 4482 427 863 4483 426 8 4484 863 864 4485 427 8 4486 863 9 4487 864 865 4488 428 864 4489 427 9 4490 864 865 4491 428 9 4492 864 10 4493 865 855 4494 418 866 4495 429 22 4496 866 855 4497 418 22 4498 866 0 4499 855 867 4500 430 865 4501 428 10 4502 865 867 4503 430 10 4504 865 23 4505 867 866 4506 429 868 4507 431 26 4508 868 866 4509 429 26 4510 868 22 4511 866 869 4512 432 867 4513 430 23 4514 867 869 4515 432 23 4516 867 27 4517 869 868 4518 431 870 4519 433 30 4520 870 868 4521 431 30 4522 870 26 4523 868 871 4524 434 869 4525 432 27 4526 869 871 4527 434 27 4528 869 31 4529 871 870 4530 433 872 4531 435 34 4532 872 870 4533 433 34 4534 872 30 4535 870 873 4536 436 871 4537 434 31 4538 871 873 4539 436 31 4540 871 35 4541 873 872 4542 435 873 4543 436 35 4544 873 872 4545 435 35 4546 873 34 4547 872</p></triangles>
      </mesh>
    </geometry>
    <geometry id="Stand-lib" name="StandMesh">
      <mesh>
        <source id="Stand-POSITION">
          <float_array id="Stand-POSITION-array" count="72">
-8.613107 -110.919052 -5.968730
-8.613107 -110.031754 -5.081418
-9.500419 -110.031754 -5.968730
8.247603 -110.031754 -5.968730
7.360291 -110.031754 -5.081418
7.360291 -110.919052 -5.968730
-9.500419 50.736732 -5.968730
-8.613107 50.736732 -5.081418
-8.613107 51.624046 -5.968730
7.360291 51.624046 -5.968730
7.360291 50.736732 -5.081418
8.247603 50.736732 -5.968730
-9.500419 50.736732 -21.942127
-8.613107 51.624046 -21.942127
-8.613107 50.736732 -22.829441
7.360291 50.736732 -22.829441
7.360291 51.624046 -21.942127
8.247603 50.736732 -21.942127
-9.500419 -110.031754 -21.942127
-8.613107 -110.031754 -22.829441
-8.613107 -110.919052 -21.942127
7.360291 -110.919052 -21.942127
7.360291 -110.031754 -22.829441
8.247603 -110.031754 -21.942127
</float_array>
          <technique_common>
            <accessor source="#Stand-POSITION-array" count="24" stride="3">
              <param name="X" type="float"/>
              <param name="Y" type="float"/>
              <param name="Z" type="float"/>
            </accessor>
          </technique_common>
        </source>
        <source id="Stand-Normal0">
          <float_array id="Stand-Normal0-array" count="396">
-0.707101 -0.707112 0.000000
-0.707101 -0.707112 0.000000
-0.707101 -0.707112 0.000000
-0.707101 -0.707112 0.000000
-0.707101 -0.707112 0.000000
-0.707101 -0.707112 0.000000
0.000000 -0.707114 0.707099
0.000000 -0.707114 0.707099
0.000000 -0.707114 0.707099
0.000000 -0.707114 0.707099
0.000000 -0.707114 0.707099
0.000000 -0.707114 0.707099
-0.707107 0.000000 0.707107
-0.707107 0.000000 0.707107
-0.707107 0.000000 0.707107
-0.707107 0.000000 0.707107
-0.707107 0.000000 0.707107
-0.707107 0.000000 0.707107
0.707101 -0.707112 0.000000
0.707101 -0.707112 0.000000
0.707101 -0.707112 0.000000
0.707101 -0.707112 0.000000
0.707101 -0.707112 0.000000
0.707101 -0.707112 0.000000
0.707107 0.000000 0.707107
0.707107 0.000000 0.707107
0.707107 0.000000 0.707107
0.707107 0.000000 0.707107
0.707107 0.000000 0.707107
0.707107 0.000000 0.707107
-0.707108 0.707106 0.000000
-0.707108 0.707106 0.000000
-0.707108 0.707106 0.000000
-0.707108 0.707106 0.000000
-0.707108 0.707106 0.000000
-0.707108 0.707106 0.000000
0.000000 0.707107 0.707107
0.000000 0.707107 0.707107
0.000000 0.707107 0.707107
0.000000 0.707107 0.707107
0.000000 0.707107 0.707107
0.000000 0.707107 0.707107
0.707107 0.707106 0.000000
0.707107 0.707106 0.000000
0.707107 0.707106 0.000000
0.707107 0.707106 0.000000
0.707107 0.707106 0.000000
0.707107 0.707106 0.000000
-0.707107 0.000000 -0.707106
-0.707107 0.000000 -0.707106
-0.707107 0.000000 -0.707106
-0.707107 0.000000 -0.707106
-0.707107 0.000000 -0.707106
-0.707107 0.000000 -0.707106
0.000000 0.707107 -0.707106
0.000000 0.707107 -0.707106
0.000000 0.707107 -0.707106
0.000000 0.707107 -0.707106
0.000000 0.707107 -0.707106
0.000000 0.707107 -0.707106
0.707107 0.000000 -0.707106
0.707107 0.000000 -0.707106
0.707107 0.000000 -0.707106
0.707107 0.000000 -0.707106
0.707107 0.000000 -0.707106
0.707107 0.000000 -0.707106
0.000000 -0.707115 -0.707099
0.000000 -0.707115 -0.707099
0.000000 -0.707115 -0.707099
0.000000 -0.707115 -0.707099
0.000000 -0.707115 -0.707099
0.000000 -0.707115 -0.707099
0.000000 0.000000 1.000000
0.000000 0.000000 1.000000
0.000000 0.000000 1.000000
0.000000 0.000000 1.000000
0.000000 0.000000 1.000000
0.000000 0.000000 1.000000
0.000000 1.000000 0.000000
0.000000 1.000000 0.000000
0.000000 1.000000 0.000000
0.000000 1.000000 0.000000
0.000000 1.000000 0.000000
0.000000 1.000000 0.000000
0.000000 0.000000 -1.000000
0.000000 0.000000 -1.000000
0.000000 0.000000 -1.000000
0.000000 0.000000 -1.000000
0.000000 0.000000 -1.000000
0.000000 0.000000 -1.000000
0.000000 -1.000000 0.000000
0.000000 -1.000000 0.000000
0.000000 -1.000000 0.000000
0.000000 -1.000000 0.000000
0.000000 -1.000000 0.000000
0.000000 -1.000000 0.000000
1.000000 0.000000 0.000000
1.000000 0.000000 0.000000
1.000000 0.000000 0.000000
1.000000 0.000000 0.000000
1.000000 0.000000 0.000000
1.000000 0.000000 0.000000
-1.000000 0.000000 0.000000
-1.000000 0.000000 0.000000
-1.000000 0.000000 0.000000
-1.000000 0.000000 0.000000
-1.000000 0.000000 0.000000
-1.000000 0.000000 0.000000
-0.577345 -0.577353 0.577353
-0.577345 -0.577353 0.577353
-0.577345 -0.577353 0.577353
0.577348 -0.577357 0.577345
0.577348 -0.577357 0.577345
0.577348 -0.577357 0.577345
-0.577351 0.577349 0.577350
-0.577351 0.577349 0.577350
-0.577351 0.577349 0.577350
0.577349 0.577348 0.577353
0.577349 0.577348 0.577353
0.577349 0.577348 0.577353
-0.577352 0.577350 -0.577349
-0.577352 0.577350 -0.577349
-0.577352 0.577350 -0.577349
0.577350 0.577348 -0.577353
0.577350 0.577348 -0.577353
0.577350 0.577348 -0.577353
-0.577344 -0.577354 -0.577353
-0.577344 -0.577354 -0.577353
-0.577344 -0.577353 -0.577353
0.577348 -0.577358 -0.577345
0.577348 -0.577358 -0.577345
0.577348 -0.577358 -0.577345
</float_array>
          <technique_common>
            <accessor source="#Stand-Normal0-array" count="132" stride="3">
              <param name="X" type="float"/>
              <param name="Y" type="float"/>
              <param name="Z" type="float"/>
            </accessor>
          </technique_common>
        </source>
        <source id="Stand-UV0">
          <float_array id="Stand-UV0-array" count="76">
0.387499 0.987501
0.375000 0.987501
0.375000 0.762499
0.387499 0.762499
0.387499 0.001365
0.387499 0.000000
0.612501 0.000000
0.612501 0.001365
0.362501 0.001365
0.387499 0.248635
0.362501 0.248635
0.625000 0.987501
0.612501 0.987501
0.612501 0.762499
0.625000 0.762499
0.637499 0.001365
0.637499 0.248635
0.612501 0.248635
0.375000 0.262499
0.387499 0.262499
0.387499 0.487501
0.375000 0.487501
0.612501 0.262499
0.625000 0.262499
0.625000 0.487501
0.612501 0.487501
0.375000 0.501365
0.387499 0.501365
0.387499 0.748635
0.375000 0.748635
0.612501 0.501365
0.625000 0.501365
0.625000 0.748635
0.612501 0.748635
0.862501 0.001365
0.862501 0.248635
0.137499 0.001365
0.137499 0.248635
</float_array>
          <technique_common>
            <accessor source="#Stand-UV0-array" count="38" stride="2">
              <param name="S" type="float"/>
              <param name="T" type="float"/>
            </accessor>
          </technique_common>
        </source>
        <vertices id="Stand-VERTEX">
          <input semantic="POSITION" source="#Stand-POSITION"/>
        </vertices>
        <triangles count="44" material="lambert2"><input semantic="VERTEX" offset="0" source="#Stand-VERTEX"/><input semantic="NORMAL" offset="1" source="#Stand-Normal0"/><input semantic="TEXCOORD" offset="2" set="0" source="#Stand-UV0"/><p> 2 0 1 18 1 2 0 2 0 0 3 0 18 4 2 20 5 3 0 6 5 5 7 6 1 8 4 4 9 7 1 10 4 5 11 6 7 12 9 2 13 8 1 14 4 2 15 8 7 16 9 6 17 10 5 18 12 21 19 13 3 20 11 3 21 11 21 22 13 23 23 14 10 24 17 4 25 7 11 26 16 11 27 16 4 28 7 3 29 15 8 30 19 13 31 20 6 32 18 6 33 18 13 34 20 12 35 21 7 36 9 10 37 17 8 38 19 9 39 22 8 40 19 10 41 17 11 42 23 17 43 24 9 44 22 9 45 22 17 46 24 16 47 25 14 48 27 19 49 28 12 50 26 18 51 29 12 52 26 19 53 28 16 54 25 14 55 27 13 56 20 14 57 27 16 58 25 15 59 30 23 60 32 15 61 30 17 62 31 15 63 30 23 64 32 22 65 33 19 66 28 22 67 33 20 68 3 21 69 13 20 70 3 22 71 33 7 72 9 1 73 4 10 74 17 10 75 17 1 76 4 4 77 7 9 78 22 16 79 25 8 80 19 8 81 19 16 82 25 13 83 20 19 84 28 14 85 27 22 86 33 22 87 33 14 88 27 15 89 30 5 90 12 0 91 0 20 92 3 5 93 12 20 94 3 21 95 13 23 96 34 17 97 35 3 98 15 11 99 16 3 100 15 17 101 35 6 102 10 18 103 36 2 104 8 18 105 36 6 106 10 12 107 37 0 108 5 1 109 4 2 110 8 3 111 15 4 112 7 5 113 6 6 114 10 7 115 9 8 116 19 9 117 22 10 118 17 11 119 16 12 120 21 13 121 20 14 122 27 15 123 30 16 124 25 17 125 24 18 126 29 19 127 28 20 128 3 21 129 13 22 130 33 23 131 32</p></triangles>
      </mesh>
    </geometry>
    <geometry id="Handel-lib" name="HandelMesh">
      <mesh>
        <source id="Handel-POSITION">
          <float_array id="Handel-POSITION-array" count="306">
32.211201 64.259087 16.974005
32.211201 63.427124 15.341196
32.211201 62.131317 14.045385
32.211201 60.498505 13.213427
32.211201 58.688515 12.926752
32.211201 56.878529 13.213427
32.211201 55.245716 14.045385
32.211201 53.949909 15.341196
32.211201 53.117950 16.974007
32.211201 52.831276 18.783993
32.211201 53.117950 20.593979
32.211201 53.949909 22.226799
32.211201 55.245720 23.522602
32.211201 56.878529 24.354565
32.211201 58.688515 24.641232
32.211201 60.498505 24.354557
32.211201 62.131317 23.522602
32.211201 63.427124 22.226791
32.211201 64.259079 20.593979
32.211201 64.545753 18.783993
29.808090 64.259087 16.974005
29.808090 63.427124 15.341196
29.808090 62.131317 14.045385
29.808090 60.498505 13.213427
29.808090 58.688515 12.926752
29.808090 56.878529 13.213427
29.808090 55.245716 14.045385
29.808090 53.949909 15.341196
29.808090 53.117950 16.974007
29.808090 52.831276 18.783993
29.808090 53.117950 20.593979
29.808090 53.949909 22.226799
29.808090 55.245720 23.522602
29.808090 56.878529 24.354565
29.808090 58.688515 24.641232
29.808090 60.498505 24.354557
29.808090 62.131317 23.522602
29.808090 63.427124 22.226791
29.808090 64.259079 20.593979
29.808090 64.545753 18.783993
29.808090 58.688515 18.783993
32.211201 64.259087 16.974005
32.211201 63.427124 15.341196
32.211201 62.131317 14.045385
32.211201 60.498505 13.213427
32.211201 58.688515 12.926752
32.211201 56.878529 13.213427
32.211201 55.245716 14.045385
32.211201 53.949909 15.341196
32.211201 53.117950 16.974007
32.211201 52.831276 18.783993
32.211201 53.117950 20.593979
32.211201 53.949909 22.226799
32.211201 55.245720 23.522602
32.211201 56.878529 24.354565
32.211201 58.688515 24.641232
32.211201 60.498505 24.354557
32.211201 62.131317 23.522602
32.211201 63.427124 22.226791
32.211201 64.259079 20.593979
32.211201 64.545753 18.783993
32.211201 62.267597 17.634706
32.211201 61.733067 16.597921
32.211201 60.900513 15.775122
32.211201 59.851433 15.246849
32.211201 58.688515 15.064821
32.211201 57.525604 15.246849
32.211201 56.476524 15.775122
32.211201 55.643967 16.597919
32.211201 55.109436 17.634710
32.211201 54.925247 18.783993
32.211201 55.109436 19.933281
32.211201 55.643967 20.970066
32.211201 56.476524 21.792870
32.211201 57.525600 22.321136
32.211201 58.688515 22.503166
32.211201 59.851433 22.321136
32.211201 60.900513 21.792866
32.211201 61.733067 20.970066
32.211201 62.267597 19.933281
32.211201 62.451786 18.783993
32.572613 62.267597 17.634706
32.572613 61.733067 16.597921
32.572617 58.688515 18.783993
32.572617 60.900513 15.775122
32.572613 59.851433 15.246849
32.572613 58.688515 15.064821
32.572613 57.525604 15.246849
32.572617 56.476524 15.775122
32.572613 55.643967 16.597919
32.572613 55.109436 17.634710
32.572613 54.925247 18.783993
32.572613 55.109436 19.933281
32.572613 55.643967 20.970066
32.572617 56.476524 21.792870
32.572613 57.525600 22.321136
32.572613 58.688515 22.503166
32.572613 59.851433 22.321136
32.572617 60.900513 21.792866
32.572613 61.733067 20.970066
32.572613 62.267597 19.933281
32.572613 62.451786 18.783993
</float_array>
          <technique_common>
            <accessor source="#Handel-POSITION-array" count="102" stride="3">
              <param name="X" type="float"/>
              <param name="Y" type="float"/>
              <param name="Z" type="float"/>
            </accessor>
          </technique_common>
        </source>
        <source id="Handel-Normal0">
          <float_array id="Handel-Normal0-array" count="1440">
0.000000 0.951057 -0.309016
0.000000 0.951057 -0.309016
0.000000 0.809017 -0.587786
0.000000 0.951057 -0.309016
0.000000 0.809017 -0.587786
0.000000 0.809017 -0.587786
0.000000 0.587786 -0.809017
0.000000 0.587786 -0.809017
0.000000 0.809017 -0.587786
0.000000 0.809017 -0.587786
0.000000 0.809017 -0.587786
0.000000 0.587786 -0.809017
0.000000 0.309017 -0.951057
0.000000 0.587786 -0.809017
0.000000 0.309017 -0.951057
0.000000 0.587786 -0.809017
0.000000 0.309017 -0.951057
0.000000 0.587786 -0.809017
0.000000 0.000000 -1.000000
0.000000 0.309017 -0.951057
0.000000 0.000000 -1.000000
0.000000 0.309017 -0.951057
0.000000 0.000000 -1.000000
0.000000 0.309017 -0.951057
0.000000 -0.309017 -0.951056
0.000000 0.000000 -1.000000
0.000000 -0.309017 -0.951056
0.000000 0.000000 -1.000000
0.000000 -0.309017 -0.951056
0.000000 0.000000 -1.000000
0.000000 -0.587786 -0.809017
0.000000 -0.309017 -0.951056
0.000000 -0.587786 -0.809017
0.000000 -0.309017 -0.951056
0.000000 -0.587786 -0.809017
0.000000 -0.309017 -0.951056
0.000000 -0.809017 -0.587785
0.000000 -0.587786 -0.809017
0.000000 -0.809017 -0.587785
0.000000 -0.587786 -0.809017
0.000000 -0.809017 -0.587785
0.000000 -0.587786 -0.809017
0.000000 -0.951056 -0.309017
0.000000 -0.809017 -0.587785
0.000000 -0.951056 -0.309017
0.000000 -0.809017 -0.587785
0.000000 -0.951056 -0.309017
0.000000 -0.809017 -0.587785
0.000000 -1.000000 0.000000
0.000000 -0.951056 -0.309017
0.000000 -1.000000 0.000000
0.000000 -0.951056 -0.309017
0.000000 -1.000000 0.000000
0.000000 -0.951056 -0.309017
0.000000 -0.951057 0.309017
0.000000 -1.000000 0.000000
0.000000 -0.951057 0.309017
0.000000 -1.000000 0.000000
0.000000 -0.951057 0.309017
0.000000 -1.000000 0.000000
0.000000 -0.809017 0.587785
0.000000 -0.951057 0.309017
0.000000 -0.809017 0.587785
0.000000 -0.951057 0.309017
0.000000 -0.809017 0.587785
0.000000 -0.951057 0.309017
0.000000 -0.587785 0.809017
0.000000 -0.809017 0.587785
0.000000 -0.587785 0.809017
0.000000 -0.809017 0.587785
0.000000 -0.587785 0.809017
0.000000 -0.809017 0.587785
0.000000 -0.309016 0.951057
0.000000 -0.587785 0.809017
0.000000 -0.309016 0.951057
0.000000 -0.587785 0.809017
0.000000 -0.309016 0.951057
0.000000 -0.587785 0.809017
0.000000 0.000002 1.000000
0.000000 -0.309016 0.951057
0.000000 0.000002 1.000000
0.000000 -0.309016 0.951057
0.000000 0.000002 1.000000
0.000000 -0.309016 0.951057
0.000000 0.309016 0.951057
0.000000 0.000002 1.000000
0.000000 0.309016 0.951057
0.000000 0.000002 1.000000
0.000000 0.309016 0.951057
0.000000 0.000002 1.000000
0.000000 0.587785 0.809017
0.000000 0.309016 0.951057
0.000000 0.587785 0.809017
0.000000 0.309016 0.951057
0.000000 0.587785 0.809017
0.000000 0.309016 0.951057
0.000000 0.809019 0.587783
0.000000 0.809019 0.587783
0.000000 0.587785 0.809017
0.000000 0.587785 0.809017
0.000000 0.587785 0.809017
0.000000 0.809019 0.587783
0.000000 0.809019 0.587783
0.000000 0.809019 0.587783
0.000000 0.951057 0.309016
0.000000 0.809019 0.587783
0.000000 0.951057 0.309016
0.000000 0.951057 0.309016
0.000000 0.951057 0.309016
0.000000 0.951057 0.309016
0.000000 1.000000 0.000004
0.000000 0.951057 0.309016
0.000000 1.000000 0.000004
0.000000 1.000000 0.000004
0.000000 1.000000 0.000004
0.000000 1.000000 0.000004
0.000000 0.951057 -0.309016
0.000000 1.000000 0.000004
0.000000 0.951057 -0.309016
0.000000 0.951057 -0.309016
1.000000 0.000000 0.000001
1.000000 0.000001 -0.000000
1.000000 -0.000000 -0.000000
1.000000 0.000000 0.000000
1.000000 0.000000 0.000001
1.000000 -0.000000 -0.000000
1.000000 0.000000 -0.000001
1.000000 0.000000 0.000000
1.000000 -0.000000 -0.000000
1.000000 0.000000 -0.000001
1.000000 0.000000 -0.000001
1.000000 -0.000000 -0.000000
1.000000 0.000000 -0.000001
1.000000 0.000000 -0.000001
1.000000 -0.000000 -0.000000
1.000000 0.000000 0.000000
1.000000 0.000000 -0.000001
1.000000 -0.000000 -0.000000
1.000000 -0.000002 0.000001
1.000000 0.000000 0.000000
1.000000 -0.000000 -0.000000
1.000000 -0.000003 -0.000000
1.000000 -0.000002 0.000001
1.000000 -0.000000 -0.000000
1.000000 -0.000002 0.000000
1.000000 -0.000003 -0.000000
1.000000 -0.000000 -0.000000
1.000000 -0.000003 0.000000
1.000000 -0.000002 0.000000
1.000000 -0.000000 -0.000000
1.000000 -0.000000 -0.000001
1.000000 -0.000003 0.000000
1.000000 -0.000000 -0.000000
1.000000 0.000000 -0.000000
1.000000 -0.000000 -0.000001
1.000000 -0.000000 -0.000000
1.000000 -0.000002 0.000001
1.000000 0.000000 -0.000000
1.000000 -0.000000 -0.000000
1.000000 0.000000 0.000001
1.000000 -0.000002 0.000001
1.000000 -0.000000 -0.000000
1.000000 0.000000 0.000001
1.000000 0.000000 0.000001
1.000000 -0.000000 -0.000000
1.000000 0.000000 -0.000000
1.000000 0.000000 0.000001
1.000000 -0.000000 -0.000000
1.000000 0.000002 -0.000001
1.000000 0.000000 -0.000000
1.000000 -0.000000 -0.000000
1.000000 0.000003 0.000000
1.000000 0.000002 -0.000001
1.000000 -0.000000 -0.000000
1.000000 0.000002 0.000000
1.000000 0.000003 0.000000
1.000000 -0.000000 -0.000000
1.000000 0.000001 -0.000000
1.000000 0.000002 0.000000
1.000000 -0.000000 -0.000000
-1.000000 0.000000 0.000000
-1.000000 -0.000000 0.000000
-1.000000 -0.000000 0.000000
-1.000000 -0.000000 0.000000
-1.000000 -0.000001 0.000000
-1.000000 -0.000000 0.000000
-1.000000 -0.000001 0.000000
-1.000000 0.000000 0.000000
-1.000000 -0.000000 0.000000
-1.000000 0.000000 0.000000
-1.000000 -0.000001 0.000000
-1.000000 -0.000000 0.000000
-1.000000 -0.000001 0.000000
-1.000000 -0.000001 0.000000
-1.000000 -0.000000 0.000000
-1.000000 -0.000001 0.000000
-1.000000 0.000000 0.000000
-1.000000 -0.000000 0.000000
-1.000000 0.000000 0.000000
-1.000000 -0.000001 0.000000
-1.000000 -0.000000 0.000000
-1.000000 -0.000001 0.000000
-1.000000 -0.000001 0.000000
-1.000000 -0.000000 0.000000
-1.000000 -0.000001 0.000000
-1.000000 0.000000 0.000000
-1.000000 -0.000000 0.000000
-1.000000 0.000000 0.000000
-1.000000 0.000000 0.000000
-1.000000 -0.000000 0.000000
-1.000000 0.000000 0.000000
-1.000000 0.000001 0.000000
-1.000000 -0.000000 0.000000
-1.000000 0.000001 0.000000
-1.000000 0.000001 0.000000
-1.000000 -0.000000 0.000000
-1.000000 0.000001 0.000000
-1.000000 0.000000 0.000000
-1.000000 -0.000000 0.000000
-1.000000 0.000000 0.000000
-1.000000 0.000000 0.000000
-1.000000 -0.000000 0.000000
-1.000000 0.000000 0.000000
-1.000000 0.000000 0.000000
-1.000000 -0.000000 0.000000
-1.000000 0.000000 0.000000
-1.000000 0.000000 0.000000
-1.000000 -0.000000 0.000000
-1.000000 0.000000 0.000000
-1.000000 -0.000001 0.000000
-1.000000 -0.000000 0.000000
-1.000000 -0.000001 0.000000
-1.000000 -0.000001 0.000000
-1.000000 -0.000000 0.000000
-1.000000 -0.000001 0.000000
-1.000000 0.000000 0.000000
-1.000000 -0.000000 0.000000
-1.000000 0.000000 0.000000
-1.000000 0.000000 0.000000
-1.000000 -0.000000 0.000000
1.000000 0.000001 0.000000
1.000000 0.000000 0.000000
1.000000 -0.000000 0.000000
1.000000 0.000000 0.000000
1.000000 0.000001 0.000000
1.000000 0.000001 0.000000
1.000000 -0.000000 0.000000
1.000000 -0.000001 0.000000
1.000000 -0.000001 0.000000
1.000000 -0.000001 0.000000
1.000000 -0.000000 0.000000
1.000000 0.000000 0.000000
1.000000 0.000000 0.000000
1.000000 -0.000001 0.000000
1.000000 -0.000001 0.000000
1.000000 -0.000001 0.000000
1.000000 0.000000 0.000000
1.000000 0.000000 0.000000
1.000000 0.000000 0.000000
1.000000 0.000000 0.000000
1.000000 0.000000 0.000000
1.000000 0.000000 0.000000
1.000000 0.000000 0.000000
1.000000 0.000000 0.000000
1.000000 0.000001 0.000000
1.000000 0.000000 0.000000
1.000000 0.000001 0.000000
1.000000 0.000000 0.000000
1.000000 0.000001 0.000000
1.000000 0.000000 0.000000
1.000000 0.000001 0.000000
1.000000 0.000001 0.000000
1.000000 0.000001 0.000000
1.000000 0.000001 0.000000
1.000000 0.000001 0.000000
1.000000 0.000001 0.000000
1.000000 0.000001 0.000000
1.000000 0.000001 0.000000
1.000000 0.000001 0.000000
1.000000 0.000001 0.000000
1.000000 0.000001 0.000000
1.000000 0.000001 0.000000
1.000000 0.000001 0.000000
1.000000 0.000001 0.000000
1.000000 0.000001 0.000000
1.000000 0.000001 0.000000
1.000000 0.000001 0.000000
1.000000 0.000001 0.000000
1.000000 0.000001 0.000000
1.000000 0.000001 0.000000
1.000000 0.000000 0.000000
1.000000 0.000000 0.000000
1.000000 0.000000 0.000000
1.000000 0.000001 0.000000
1.000000 -0.000000 0.000000
1.000000 0.000000 0.000000
1.000000 0.000000 0.000000
1.000000 0.000000 0.000000
1.000000 -0.000000 0.000000
1.000000 -0.000000 0.000000
1.000000 -0.000000 0.000000
1.000000 -0.000001 0.000000
1.000000 -0.000001 0.000000
1.000000 -0.000001 0.000000
1.000000 -0.000000 0.000000
1.000000 -0.000000 0.000000
1.000000 -0.000001 0.000000
1.000000 -0.000001 0.000000
1.000000 -0.000001 0.000000
1.000000 -0.000001 0.000000
1.000000 -0.000001 0.000000
1.000000 -0.000001 0.000000
1.000000 -0.000001 0.000000
1.000000 0.000000 0.000000
1.000000 0.000000 0.000000
1.000000 0.000000 0.000000
1.000000 -0.000001 0.000000
1.000000 -0.000001 0.000000
1.000000 0.000000 0.000000
1.000000 0.000000 0.000000
1.000000 0.000000 0.000000
1.000000 0.000000 0.000000
1.000000 0.000000 0.000000
1.000000 0.000000 0.000000
1.000000 0.000000 0.000000
1.000000 0.000000 0.000000
1.000000 -0.000001 0.000000
1.000000 -0.000001 0.000000
1.000000 0.000000 0.000000
1.000000 -0.000001 0.000000
1.000000 -0.000001 0.000000
1.000000 -0.000001 0.000000
1.000000 -0.000001 0.000000
1.000000 -0.000001 0.000000
1.000000 -0.000001 0.000000
1.000000 -0.000001 0.000000
1.000000 -0.000000 0.000000
1.000000 -0.000000 0.000000
1.000000 -0.000001 0.000000
1.000000 -0.000000 0.000000
1.000000 -0.000001 0.000000
1.000000 -0.000001 0.000000
1.000000 0.000000 0.000000
1.000000 -0.000000 0.000000
1.000000 -0.000000 0.000000
1.000000 0.000000 0.000000
1.000000 -0.000000 0.000000
1.000000 0.000000 0.000000
1.000000 0.000000 0.000000
1.000000 0.000000 0.000000
1.000000 0.000000 0.000000
1.000000 0.000000 0.000000
1.000000 0.000000 0.000000
1.000000 0.000000 0.000000
1.000000 0.000000 0.000000
1.000000 0.000001 0.000000
1.000000 0.000001 0.000000
1.000000 0.000001 0.000000
1.000000 0.000000 0.000000
1.000000 0.000000 0.000000
0.000000 0.949975 -0.312325
0.000000 0.805705 -0.592317
0.000000 0.949975 -0.312325
0.000000 0.805705 -0.592317
0.000000 0.949975 -0.312325
0.000000 0.805705 -0.592317
0.000000 0.805705 -0.592317
0.000000 0.583253 -0.812291
0.000000 0.583253 -0.812291
0.000000 0.583253 -0.812291
0.000000 0.805705 -0.592317
0.000000 0.805705 -0.592317
0.000000 0.305738 -0.952116
0.000000 0.583253 -0.812291
0.000000 0.583253 -0.812291
0.000000 0.583253 -0.812291
0.000000 0.305738 -0.952116
0.000000 0.305737 -0.952116
0.000000 0.305738 -0.952116
0.000000 0.000000 -1.000000
0.000000 0.000000 -1.000000
0.000000 0.000000 -1.000000
0.000000 0.305737 -0.952116
0.000000 0.305738 -0.952116
0.000000 0.000000 -1.000000
0.000000 -0.305738 -0.952116
0.000000 -0.305738 -0.952116
0.000000 -0.305738 -0.952116
0.000000 0.000000 -1.000000
0.000000 0.000000 -1.000000
0.000000 -0.305738 -0.952116
0.000000 -0.583251 -0.812292
0.000000 -0.583251 -0.812292
0.000000 -0.583251 -0.812292
0.000000 -0.305738 -0.952116
0.000000 -0.305738 -0.952116
0.000000 -0.805704 -0.592318
0.000000 -0.583251 -0.812292
0.000000 -0.583251 -0.812292
0.000000 -0.583251 -0.812292
0.000000 -0.805704 -0.592318
0.000000 -0.805704 -0.592318
0.000000 -0.805704 -0.592318
0.000000 -0.949976 -0.312323
0.000000 -0.949976 -0.312323
0.000000 -0.949976 -0.312323
0.000000 -0.805704 -0.592318
0.000000 -0.805704 -0.592318
0.000000 -0.949976 -0.312323
0.000000 -1.000000 -0.000000
0.000000 -1.000000 -0.000000
0.000000 -1.000000 -0.000000
0.000000 -0.949976 -0.312323
0.000000 -0.949976 -0.312323
0.000000 -1.000000 -0.000000
0.000000 -0.949976 0.312323
0.000000 -0.949976 0.312323
0.000000 -0.949976 0.312323
0.000000 -1.000000 -0.000000
0.000000 -1.000000 -0.000000
0.000000 -0.949976 0.312323
0.000000 -0.805703 0.592319
0.000000 -0.805704 0.592319
0.000000 -0.805704 0.592319
0.000000 -0.949976 0.312323
0.000000 -0.949976 0.312323
0.000000 -0.805703 0.592319
0.000000 -0.583252 0.812291
0.000000 -0.583252 0.812291
0.000000 -0.583252 0.812291
0.000000 -0.805704 0.592319
0.000000 -0.805703 0.592319
0.000000 -0.305737 0.952116
0.000000 -0.583252 0.812291
0.000000 -0.583252 0.812291
0.000000 -0.583252 0.812291
0.000000 -0.305737 0.952116
0.000000 -0.305737 0.952116
0.000000 -0.305737 0.952116
0.000000 0.000000 1.000000
0.000000 0.000000 1.000000
0.000000 0.000000 1.000000
0.000000 -0.305737 0.952116
0.000000 -0.305737 0.952116
0.000000 0.000000 1.000000
0.000000 0.305738 0.952116
0.000000 0.305738 0.952116
0.000000 0.305738 0.952116
0.000000 0.000000 1.000000
0.000000 0.000000 1.000000
0.000000 0.305738 0.952116
0.000000 0.583253 0.812291
0.000000 0.583253 0.812291
0.000000 0.583253 0.812291
0.000000 0.305738 0.952116
0.000000 0.305738 0.952116
0.000000 0.805705 0.592317
0.000000 0.583253 0.812291
0.000000 0.583253 0.812291
0.000000 0.583253 0.812291
0.000000 0.805705 0.592317
0.000000 0.805705 0.592317
0.000000 0.805705 0.592317
0.000000 0.949975 0.312325
0.000000 0.805705 0.592317
0.000000 0.949975 0.312325
0.000000 0.805705 0.592317
0.000000 0.949975 0.312325
0.000000 0.949975 0.312325
0.000000 1.000000 0.000000
0.000000 0.949975 0.312325
0.000000 1.000000 0.000000
0.000000 0.949975 0.312325
0.000000 1.000000 0.000000
0.000000 1.000000 0.000000
0.000000 0.949975 -0.312325
0.000000 1.000000 0.000000
0.000000 0.949975 -0.312325
0.000000 1.000000 0.000000
0.000000 0.949975 -0.312325
</float_array>
          <technique_common>
            <accessor source="#Handel-Normal0-array" count="480" stride="3">
              <param name="X" type="float"/>
              <param name="Y" type="float"/>
              <param name="Z" type="float"/>
            </accessor>
          </technique_common>
        </source>
        <source id="Handel-UV0">
          <float_array id="Handel-UV0-array" count="288">
0.375000 0.312500
0.387500 0.312500
0.387500 0.688440
0.375000 0.688440
0.400000 0.312500
0.400000 0.688440
0.412500 0.312500
0.412500 0.688440
0.425000 0.312500
0.425000 0.688440
0.437500 0.312500
0.437500 0.688440
0.450000 0.312500
0.450000 0.688440
0.462500 0.312500
0.462500 0.688440
0.475000 0.312500
0.475000 0.688440
0.487500 0.312500
0.487500 0.688440
0.500000 0.312500
0.500000 0.688440
0.512500 0.312500
0.512500 0.688440
0.525000 0.312500
0.525000 0.688440
0.537500 0.312500
0.537500 0.688440
0.550000 0.312500
0.550000 0.688440
0.562500 0.312500
0.562500 0.688440
0.575000 0.312500
0.575000 0.688440
0.587500 0.312500
0.587500 0.688440
0.600000 0.312500
0.600000 0.688440
0.612500 0.312500
0.612500 0.688440
0.625000 0.312500
0.625000 0.688440
0.626409 0.064408
0.648603 0.107966
0.500000 0.150000
0.591842 0.029841
0.548284 0.007647
0.500000 -0.000000
0.451716 0.007647
0.408159 0.029841
0.373591 0.064409
0.351397 0.107966
0.343750 0.156250
0.351397 0.204534
0.373591 0.248091
0.408159 0.282659
0.451716 0.304853
0.500000 0.312500
0.548284 0.304853
0.591841 0.282659
0.626409 0.248091
0.648603 0.204534
0.656250 0.156250
0.648603 0.892034
0.626409 0.935591
0.500000 0.837500
0.591841 0.970159
0.548284 0.992353
0.500000 1.000000
0.451716 0.992353
0.408159 0.970159
0.373591 0.935591
0.351397 0.892034
0.343750 0.843750
0.351397 0.795466
0.373591 0.751909
0.408159 0.717341
0.451716 0.695147
0.500000 0.687500
0.548284 0.695147
0.591842 0.717341
0.626409 0.751908
0.648603 0.795466
0.656250 0.843750
0.626409 0.064408
0.648603 0.107966
0.648603 0.107966
0.626409 0.064408
0.591842 0.029841
0.591842 0.029841
0.548284 0.007647
0.548284 0.007647
0.500000 -0.000000
0.500000 -0.000000
0.451716 0.007647
0.451716 0.007647
0.408159 0.029841
0.408159 0.029841
0.373591 0.064409
0.373591 0.064409
0.351397 0.107966
0.351397 0.107966
0.343750 0.156250
0.343750 0.156250
0.351397 0.204534
0.351397 0.204534
0.373591 0.248091
0.373591 0.248091
0.408159 0.282659
0.408159 0.282659
0.451716 0.304853
0.451716 0.304853
0.500000 0.312500
0.500000 0.312500
0.548284 0.304853
0.548284 0.304853
0.591841 0.282659
0.591841 0.282659
0.626409 0.248091
0.626409 0.248091
0.648603 0.204534
0.648603 0.204534
0.656250 0.156250
0.656250 0.156250
0.648603 0.107966
0.626409 0.064408
0.591842 0.029841
0.548284 0.007647
0.500000 -0.000000
0.451716 0.007647
0.408159 0.029841
0.373591 0.064409
0.351397 0.107966
0.343750 0.156250
0.351397 0.204534
0.373591 0.248091
0.408159 0.282659
0.451716 0.304853
0.500000 0.312500
0.548284 0.304853
0.591841 0.282659
0.626409 0.248091
0.648603 0.204534
0.656250 0.156250
</float_array>
          <technique_common>
            <accessor source="#Handel-UV0-array" count="144" stride="2">
              <param name="S" type="float"/>
              <param name="T" type="float"/>
            </accessor>
          </technique_common>
        </source>
        <vertices id="Handel-VERTEX">
          <input semantic="POSITION" source="#Handel-POSITION"/>
        </vertices>
        <triangles count="160" material="lambert1"><input semantic="VERTEX" offset="0" source="#Handel-VERTEX"/><input semantic="NORMAL" offset="1" source="#Handel-Normal0"/><input semantic="TEXCOORD" offset="2" set="0" source="#Handel-UV0"/><p> 20 0 3 0 1 0 21 2 2 0 3 0 1 4 1 21 5 2 2 6 4 22 7 5 1 8 1 21 9 2 1 10 1 22 11 5 23 12 7 2 13 4 3 14 6 2 15 4 23 16 7 22 17 5 24 18 9 3 19 6 4 20 8 3 21 6 24 22 9 23 23 7 25 24 11 4 25 8 5 26 10 4 27 8 25 28 11 24 29 9 26 30 13 5 31 10 6 32 12 5 33 10 26 34 13 25 35 11 27 36 15 6 37 12 7 38 14 6 39 12 27 40 15 26 41 13 28 42 17 7 43 14 8 44 16 7 45 14 28 46 17 27 47 15 29 48 19 8 49 16 9 50 18 8 51 16 29 52 19 28 53 17 30 54 21 9 55 18 10 56 20 9 57 18 30 58 21 29 59 19 31 60 23 10 61 20 11 62 22 10 63 20 31 64 23 30 65 21 32 66 25 11 67 22 12 68 24 11 69 22 32 70 25 31 71 23 33 72 27 12 73 24 13 74 26 12 75 24 33 76 27 32 77 25 34 78 29 13 79 26 14 80 28 13 81 26 34 82 29 33 83 27 35 84 31 14 85 28 15 86 30 14 87 28 35 88 31 34 89 29 36 90 33 15 91 30 16 92 32 15 93 30 36 94 33 35 95 31 17 96 34 37 97 35 16 98 32 36 99 33 16 100 32 37 101 35 37 102 35 17 103 34 38 104 37 17 105 34 18 106 36 38 107 37 38 108 37 18 109 36 39 110 39 18 111 36 19 112 38 39 113 39 39 114 39 19 115 38 20 116 41 19 117 38 0 118 40 20 119 41 82 120 42 81 121 43 83 122 44 84 123 45 82 124 42 83 125 44 85 126 46 84 127 45 83 128 44 86 129 47 85 130 46 83 131 44 87 132 48 86 133 47 83 134 44 88 135 49 87 136 48 83 137 44 89 138 50 88 139 49 83 140 44 90 141 51 89 142 50 83 143 44 91 144 52 90 145 51 83 146 44 92 147 53 91 148 52 83 149 44 93 150 54 92 151 53 83 152 44 94 153 55 93 154 54 83 155 44 95 156 56 94 157 55 83 158 44 96 159 57 95 160 56 83 161 44 97 162 58 96 163 57 83 164 44 98 165 59 97 166 58 83 167 44 99 168 60 98 169 59 83 170 44 100 171 61 99 172 60 83 173 44 101 174 62 100 175 61 83 176 44 81 177 43 101 178 62 83 179 44 20 180 63 21 181 64 40 182 65 21 183 64 22 184 66 40 185 65 22 186 66 23 187 67 40 188 65 23 189 67 24 190 68 40 191 65 24 192 68 25 193 69 40 194 65 25 195 69 26 196 70 40 197 65 26 198 70 27 199 71 40 200 65 27 201 71 28 202 72 40 203 65 28 204 72 29 205 73 40 206 65 29 207 73 30 208 74 40 209 65 30 210 74 31 211 75 40 212 65 31 213 75 32 214 76 40 215 65 32 216 76 33 217 77 40 218 65 33 219 77 34 220 78 40 221 65 34 222 78 35 223 79 40 224 65 35 225 79 36 226 80 40 227 65 36 228 80 37 229 81 40 230 65 37 231 81 38 232 82 40 233 65 38 234 82 39 235 83 40 236 65 39 237 83 20 238 63 40 239 65 41 240 86 62 241 125 42 242 87 62 243 125 41 244 86 61 245 124 42 246 87 63 247 126 43 248 89 63 249 126 42 250 87 62 251 125 64 252 127 43 253 89 63 254 126 43 255 89 64 256 127 44 257 91 65 258 128 44 259 91 64 260 127 44 261 91 65 262 128 45 263 93 46 264 95 65 265 128 66 266 129 65 267 128 46 268 95 45 269 93 66 270 129 47 271 97 46 272 95 47 273 97 66 274 129 67 275 130 67 276 130 48 277 99 47 278 97 48 279 99 67 280 130 68 281 131 48 282 99 68 283 131 49 284 101 49 285 101 68 286 131 69 287 132 49 288 101 69 289 132 50 290 103 70 291 133 50 292 103 69 293 132 71 294 134 50 295 103 70 296 133 50 297 103 71 298 134 51 299 105 51 300 105 72 301 135 52 302 107 72 303 135 51 304 105 71 305 134 73 306 136 52 307 107 72 308 135 52 309 107 73 310 136 53 311 109 53 312 109 74 313 137 54 314 111 74 315 137 53 316 109 73 317 136 54 318 111 75 319 138 55 320 113 75 321 138 54 322 111 74 323 137 55 324 113 75 325 138 56 326 115 56 327 115 75 328 138 76 329 139 77 330 140 57 331 117 76 332 139 57 333 117 56 334 115 76 335 139 78 336 141 58 337 119 77 338 140 58 339 119 57 340 117 77 341 140 59 342 121 58 343 119 78 344 141 59 345 121 78 346 141 79 347 142 79 348 142 60 349 123 59 350 121 60 351 123 79 352 142 80 353 143 60 354 123 61 355 124 41 356 86 61 357 124 60 358 123 80 359 143 81 360 43 62 361 125 61 362 124 62 363 125 81 364 43 82 365 42 82 366 42 84 367 45 63 368 126 63 369 126 62 370 125 82 371 42 85 372 46 63 373 126 84 374 45 63 375 126 85 376 46 64 377 127 85 378 46 86 379 47 65 380 128 65 381 128 64 382 127 85 383 46 86 384 47 87 385 48 66 386 129 66 387 129 65 388 128 86 389 47 87 390 48 88 391 49 67 392 130 67 393 130 66 394 129 87 395 48 89 396 50 67 397 130 88 398 49 67 399 130 89 400 50 68 401 131 89 402 50 90 403 51 69 404 132 69 405 132 68 406 131 89 407 50 90 408 51 91 409 52 70 410 133 70 411 133 69 412 132 90 413 51 91 414 52 92 415 53 71 416 134 71 417 134 70 418 133 91 419 52 92 420 53 93 421 54 72 422 135 72 423 135 71 424 134 92 425 53 93 426 54 94 427 55 73 428 136 73 429 136 72 430 135 93 431 54 95 432 56 73 433 136 94 434 55 73 435 136 95 436 56 74 437 137 95 438 56 96 439 57 75 440 138 75 441 138 74 442 137 95 443 56 96 444 57 97 445 58 76 446 139 76 447 139 75 448 138 96 449 57 97 450 58 98 451 59 77 452 140 77 453 140 76 454 139 97 455 58 99 456 60 77 457 140 98 458 59 77 459 140 99 460 60 78 461 141 99 462 60 79 463 142 78 464 141 79 465 142 99 466 60 100 467 61 100 468 61 80 469 143 79 470 142 80 471 143 100 472 61 101 473 62 101 474 62 61 475 124 80 476 143 61 477 124 101 478 62 81 479 43</p></triangles>
      </mesh>
    </geometry>
    <geometry id="lid-lib" name="lidMesh">
      <mesh>
        <source id="lid-POSITION">
          <float_array id="lid-POSITION-array" count="336">
29.766924 55.428085 33.962795
-31.019737 55.428085 33.962795
29.766924 50.588814 30.172474
-31.019737 50.588814 30.172474
29.766924 59.806976 37.392525
-31.019737 59.806976 37.392525
29.766924 63.758659 40.487644
-31.019737 63.758659 40.487644
29.766924 67.710342 43.582756
-31.019737 67.710342 43.582756
28.613791 71.715424 46.719704
-29.866604 71.715424 46.719704
27.460657 75.230469 49.472839
-28.713470 75.230469 49.472839
24.914270 78.616150 52.124634
-26.167084 78.616150 52.124634
22.990335 81.110855 54.078598
-24.243149 81.110855 54.078598
19.425396 83.828300 56.207016
-20.678209 83.828300 56.207016
16.539488 85.699326 57.672470
-17.792303 85.699326 57.672470
9.579375 88.416779 59.800896
-10.832190 88.416779 59.800896
6.693474 89.441391 60.603424
-7.946290 89.441391 60.603424
0.053682 90.052368 61.081963
-1.306498 90.052368 61.081963
29.766924 52.615425 27.585003
-31.019737 52.615425 27.585003
29.766924 57.454700 31.375324
-31.019737 57.454700 31.375324
29.766924 61.833591 34.805054
-31.019737 61.833591 34.805054
29.766924 65.785271 37.900173
-31.019737 65.785271 37.900173
29.766924 69.736954 40.995285
-31.019737 69.736954 40.995285
28.613791 73.742035 44.132233
-29.866604 73.742035 44.132233
27.460657 77.257080 46.885368
-28.713470 77.257080 46.885368
24.914270 80.642761 49.537163
-26.167084 80.642761 49.537163
22.990335 83.137466 51.491119
-24.243149 83.137466 51.491119
19.425396 85.854919 53.619537
-20.678209 85.854919 53.619537
16.539488 87.725937 55.085007
-17.792303 87.725937 55.085007
9.579375 90.443390 57.213425
-10.832190 90.443390 57.213425
6.693474 91.468002 58.015945
-7.946290 91.468002 58.015945
0.053682 92.078995 58.494492
-1.306498 92.078995 58.494492
30.386600 55.045986 34.450642
-31.639410 55.045986 34.450642
-31.525700 49.878502 30.258816
30.272886 49.878502 30.258816
30.386600 59.424877 37.880371
-31.639410 59.424877 37.880371
30.386600 63.376556 40.975487
-31.639410 63.376556 40.975487
30.403131 67.397362 44.097816
-31.655945 67.397362 44.097816
29.218859 71.450592 47.295685
-30.471672 71.450592 47.295685
28.056438 75.059547 50.092377
-29.309250 75.059547 50.092377
25.446665 78.486023 52.808472
-26.699478 78.486023 52.808472
23.492872 81.059433 54.794708
-24.745686 81.059433 54.794708
19.843369 83.819382 56.977219
-21.096180 83.819382 56.977219
16.887716 85.753967 58.474823
-18.140532 85.753967 58.474823
9.845987 88.480400 60.633278
-11.098803 88.480400 60.633278
6.866113 89.568115 61.453201
-8.118930 89.568115 61.453201
0.090356 90.172943 61.949203
-1.343173 90.172943 61.949203
-31.457914 52.270470 27.314819
30.205101 52.270470 27.314819
30.643278 57.454700 31.375324
-31.896091 57.454700 31.375324
30.643278 61.833591 34.805054
-31.896091 61.833591 34.805054
30.643278 65.785271 37.900173
-31.896091 65.785271 37.900173
30.632439 69.813210 41.055016
-31.885248 69.813210 41.055016
29.465382 73.904549 44.259521
-30.718193 73.904549 44.259521
28.261953 77.519104 47.090580
-29.514767 77.519104 47.090580
25.665859 80.997536 49.815037
-26.918673 80.997536 49.815037
23.669683 83.564316 51.825447
-24.922497 83.564316 51.825447
20.008747 86.369034 54.022209
-21.261559 86.369034 54.022209
17.012720 88.301270 55.535622
-18.265535 88.301270 55.535622
9.954194 91.066887 57.701782
-11.207009 91.066887 57.701782
6.924482 92.125084 58.530609
-8.177299 92.125084 58.530609
0.104551 92.766586 59.033043
-1.357368 92.766586 59.033043
</float_array>
          <technique_common>
            <accessor source="#lid-POSITION-array" count="112" stride="3">
              <param name="X" type="float"/>
              <param name="Y" type="float"/>
              <param name="Z" type="float"/>
            </accessor>
          </technique_common>
        </source>
        <source id="lid-Normal0">
          <float_array id="lid-Normal0-array" count="1980">
0.000000 -0.623877 0.781523
0.000000 -0.629981 0.776610
0.000000 -0.623877 0.781523
0.000000 -0.629981 0.776610
0.000000 -0.623877 0.781523
0.000000 -0.629981 0.776610
0.000000 -0.616617 0.787263
0.000000 -0.616617 0.787263
0.000000 -0.623877 0.781523
0.000000 -0.616617 0.787263
0.000000 -0.623877 0.781523
0.000000 -0.623877 0.781523
0.000000 -0.614963 0.788556
0.000000 -0.614963 0.788556
0.000000 -0.616617 0.787263
0.000000 -0.614963 0.788556
0.000000 -0.616617 0.787263
0.000000 -0.616617 0.787263
0.000000 -0.616132 0.787643
0.000000 -0.616132 0.787643
0.000000 -0.614963 0.788556
0.000000 -0.616132 0.787643
0.000000 -0.614963 0.788556
0.000000 -0.614963 0.788556
0.000000 -0.616132 0.787643
0.000000 -0.616132 0.787643
0.000000 -0.616764 0.787148
0.000000 -0.616132 0.787643
0.000000 -0.616764 0.787148
0.000000 -0.616764 0.787148
0.000000 -0.616764 0.787148
0.000000 -0.615462 0.788166
0.000000 -0.616764 0.787148
0.000000 -0.615462 0.788166
0.000000 -0.616764 0.787148
0.000000 -0.615462 0.788166
0.000000 -0.615462 0.788166
0.000000 -0.615462 0.788166
0.000000 -0.618658 0.785661
0.000000 -0.615462 0.788166
0.000000 -0.618658 0.785661
0.000000 -0.618658 0.785661
0.000000 -0.618658 0.785661
0.000000 -0.618658 0.785661
0.000000 -0.613411 0.789764
0.000000 -0.618658 0.785661
0.000000 -0.613411 0.789764
0.000000 -0.613411 0.789764
0.000000 -0.613411 0.789764
0.000000 -0.619082 0.785326
0.000000 -0.613411 0.789764
0.000000 -0.619082 0.785326
0.000000 -0.613411 0.789764
0.000000 -0.619082 0.785326
0.000000 -0.619082 0.785326
0.000000 -0.619082 0.785326
0.000000 -0.613547 0.789658
0.000000 -0.619082 0.785326
0.000000 -0.613547 0.789658
0.000000 -0.613547 0.789658
0.000000 -0.613547 0.789658
0.000000 -0.613547 0.789658
0.000000 -0.619990 0.784610
0.000000 -0.613547 0.789658
0.000000 -0.619990 0.784610
0.000000 -0.619990 0.784610
0.000000 -0.619990 0.784610
0.000000 -0.619990 0.784610
0.000000 -0.602301 0.798269
0.000000 -0.619990 0.784610
0.000000 -0.602301 0.798269
0.000000 -0.602301 0.798269
0.000000 -0.602301 0.798269
0.000000 -0.634108 0.773245
0.000000 -0.602301 0.798269
0.000000 -0.634108 0.773245
0.000000 -0.602301 0.798269
0.000000 -0.634108 0.773245
0.000000 -0.776118 -0.630588
0.000000 -0.776118 -0.630588
0.000000 -0.776118 -0.630588
0.000000 -0.776118 -0.630588
0.000000 -0.776118 -0.630588
0.000000 -0.776118 -0.630588
0.998807 -0.044422 0.020256
0.998832 -0.047829 -0.006802
0.998809 -0.044436 0.020149
0.998832 -0.047829 -0.006802
0.998807 -0.044422 0.020256
0.998832 -0.047829 -0.006802
-0.998832 -0.047830 -0.006801
-0.998807 -0.044423 0.020257
-0.998809 -0.044436 0.020149
-0.998807 -0.044423 0.020257
-0.998832 -0.047830 -0.006801
-0.998832 -0.047830 -0.006801
0.997848 -0.040429 0.051618
0.998807 -0.044422 0.020256
0.998809 -0.044436 0.020149
0.998807 -0.044422 0.020256
0.997848 -0.040429 0.051618
0.997848 -0.040429 0.051618
-0.997848 -0.040430 0.051619
-0.998809 -0.044436 0.020149
-0.998807 -0.044423 0.020257
-0.998807 -0.044423 0.020257
-0.997848 -0.040430 0.051619
-0.997848 -0.040430 0.051619
0.997956 -0.039571 0.050174
0.997848 -0.040429 0.051618
0.997956 -0.039570 0.050172
0.997848 -0.040429 0.051618
0.997956 -0.039571 0.050174
0.997848 -0.040429 0.051618
-0.997848 -0.040430 0.051619
-0.997956 -0.039571 0.050174
-0.997956 -0.039570 0.050172
-0.997956 -0.039571 0.050174
-0.997848 -0.040430 0.051619
-0.997848 -0.040430 0.051619
0.991624 0.050494 0.118879
0.997956 -0.039570 0.050172
0.991621 0.050515 0.118896
0.997956 -0.039570 0.050172
0.991624 0.050494 0.118879
0.997956 -0.039571 0.050174
-0.997956 -0.039570 0.050172
-0.991624 0.050494 0.118879
-0.991621 0.050515 0.118895
-0.991624 0.050494 0.118879
-0.997956 -0.039570 0.050172
-0.997956 -0.039571 0.050174
0.970178 0.146764 0.192911
0.991621 0.050515 0.118896
0.970177 0.146770 0.192915
0.991621 0.050515 0.118896
0.970178 0.146764 0.192911
0.991624 0.050494 0.118879
-0.991621 0.050515 0.118895
-0.970178 0.146764 0.192911
-0.970177 0.146769 0.192915
-0.970178 0.146764 0.192911
-0.991621 0.050515 0.118895
-0.991624 0.050494 0.118879
0.919615 0.267511 0.287657
0.970177 0.146770 0.192915
0.919615 0.267511 0.287657
0.970177 0.146770 0.192915
0.919615 0.267511 0.287657
0.970178 0.146764 0.192911
-0.970177 0.146769 0.192915
-0.919615 0.267511 0.287657
-0.919615 0.267510 0.287657
-0.919615 0.267511 0.287657
-0.970177 0.146769 0.192915
-0.970178 0.146764 0.192911
0.856511 0.365705 0.364210
0.919615 0.267511 0.287657
0.856510 0.365706 0.364211
0.919615 0.267511 0.287657
0.856511 0.365705 0.364210
0.919615 0.267511 0.287657
-0.919615 0.267510 0.287657
-0.856511 0.365705 0.364210
-0.856510 0.365706 0.364211
-0.856511 0.365705 0.364210
-0.919615 0.267510 0.287657
-0.919615 0.267511 0.287657
0.856510 0.365706 0.364211
0.768708 0.463289 0.440966
0.856511 0.365705 0.364210
0.768708 0.463289 0.440966
0.856510 0.365706 0.364211
0.768634 0.463360 0.441020
-0.856510 0.365706 0.364211
-0.768709 0.463289 0.440965
-0.768635 0.463360 0.441020
-0.768709 0.463289 0.440965
-0.856510 0.365706 0.364211
-0.856511 0.365705 0.364210
0.669152 0.545535 0.504606
0.768634 0.463360 0.441020
0.669148 0.545538 0.504608
0.768634 0.463360 0.441020
0.669152 0.545535 0.504606
0.768708 0.463289 0.440966
-0.768635 0.463360 0.441020
-0.669152 0.545535 0.504606
-0.669148 0.545538 0.504608
-0.669152 0.545535 0.504606
-0.768635 0.463360 0.441020
-0.768709 0.463289 0.440965
0.669148 0.545538 0.504608
0.509121 0.637698 0.578046
0.669152 0.545535 0.504606
0.509121 0.637698 0.578046
0.669148 0.545538 0.504608
0.509086 0.637715 0.578058
-0.669148 0.545538 0.504608
-0.509121 0.637698 0.578046
-0.509086 0.637714 0.578059
-0.509121 0.637698 0.578046
-0.669148 0.545538 0.504608
-0.669152 0.545535 0.504606
0.509121 0.637698 0.578046
0.433496 0.670030 0.602612
0.433519 0.670021 0.602606
0.433496 0.670030 0.602612
0.509121 0.637698 0.578046
0.509086 0.637715 0.578058
-0.509121 0.637698 0.578046
-0.433519 0.670021 0.602605
-0.433496 0.670030 0.602612
-0.509121 0.637698 0.578046
-0.433496 0.670030 0.602612
-0.509086 0.637714 0.578059
0.433519 0.670021 0.602606
0.214037 0.730536 0.648463
0.214250 0.730499 0.648436
0.214037 0.730536 0.648463
0.433519 0.670021 0.602606
0.433496 0.670030 0.602612
-0.214250 0.730498 0.648436
-0.214037 0.730536 0.648464
-0.433519 0.670021 0.602605
-0.433519 0.670021 0.602605
-0.214037 0.730536 0.648464
-0.433496 0.670030 0.602612
0.214250 0.730499 0.648436
0.096230 0.745371 0.659668
0.096204 0.745372 0.659670
0.096230 0.745371 0.659668
0.214250 0.730499 0.648436
0.214037 0.730536 0.648463
-0.214250 0.730498 0.648436
-0.096203 0.745372 0.659671
-0.096230 0.745370 0.659669
-0.214250 0.730498 0.648436
-0.096230 0.745370 0.659669
-0.214037 0.730536 0.648464
0.096204 0.745372 0.659670
0.096230 0.745371 0.659668
-0.096203 0.745372 0.659671
-0.096203 0.745372 0.659671
0.096230 0.745371 0.659668
-0.096230 0.745370 0.659669
0.000000 0.616618 -0.787263
0.000000 0.616617 -0.787263
0.000000 0.616618 -0.787263
0.000000 0.616617 -0.787263
0.000000 0.616618 -0.787263
0.000000 0.616617 -0.787263
0.000000 0.616617 -0.787263
0.000000 0.616617 -0.787263
0.000000 0.616617 -0.787263
0.000000 0.616617 -0.787263
0.000000 0.616617 -0.787263
0.000000 0.616617 -0.787263
0.000000 0.616616 -0.787264
0.000000 0.616616 -0.787264
0.000000 0.616617 -0.787263
0.000000 0.616617 -0.787263
0.000000 0.616617 -0.787263
0.000000 0.616616 -0.787264
0.000000 0.616616 -0.787264
0.000000 0.616616 -0.787264
0.000000 0.616616 -0.787264
0.000000 0.616616 -0.787264
0.000000 0.616616 -0.787264
0.000000 0.616616 -0.787264
0.000000 0.616618 -0.787262
0.000000 0.616618 -0.787262
0.000000 0.616616 -0.787264
0.000000 0.616616 -0.787264
0.000000 0.616616 -0.787264
0.000000 0.616618 -0.787262
0.000000 0.616617 -0.787263
0.000000 0.616617 -0.787263
0.000000 0.616618 -0.787262
0.000000 0.616618 -0.787262
0.000000 0.616618 -0.787262
0.000000 0.616617 -0.787263
0.000000 0.616616 -0.787264
0.000000 0.616617 -0.787263
0.000000 0.616616 -0.787264
0.000000 0.616617 -0.787263
0.000000 0.616617 -0.787263
0.000000 0.616616 -0.787264
0.000000 0.616618 -0.787262
0.000000 0.616616 -0.787264
0.000000 0.616618 -0.787262
0.000000 0.616616 -0.787264
0.000000 0.616616 -0.787264
0.000000 0.616618 -0.787262
0.000000 0.616617 -0.787263
0.000000 0.616618 -0.787262
0.000000 0.616617 -0.787263
0.000000 0.616618 -0.787262
0.000000 0.616618 -0.787262
0.000000 0.616617 -0.787263
0.000000 0.616615 -0.787265
0.000000 0.616617 -0.787263
0.000000 0.616615 -0.787265
0.000000 0.616617 -0.787263
0.000000 0.616617 -0.787263
0.000000 0.616615 -0.787265
0.000000 0.616619 -0.787262
0.000000 0.616615 -0.787265
0.000000 0.616615 -0.787265
0.000000 0.616615 -0.787265
0.000000 0.616619 -0.787262
0.000000 0.616619 -0.787262
0.000000 0.616619 -0.787262
0.000000 0.616619 -0.787262
0.000000 0.616619 -0.787262
0.000000 0.616619 -0.787262
0.000000 0.616619 -0.787262
0.000000 0.616619 -0.787262
0.000000 0.616622 -0.787259
0.000000 0.616619 -0.787262
0.000000 0.616619 -0.787262
0.000000 0.616619 -0.787262
0.000000 0.616622 -0.787259
0.000000 0.616622 -0.787259
0.000000 0.787264 0.616616
0.000000 0.787264 0.616616
0.000000 0.787264 0.616616
0.000000 0.787264 0.616616
0.000000 0.787264 0.616616
0.000000 0.787264 0.616616
-1.000000 0.000000 0.000000
-1.000000 0.000000 0.000000
-1.000000 0.000000 0.000000
-1.000000 0.000000 0.000000
-1.000000 0.000000 0.000000
-1.000000 0.000000 0.000000
1.000000 0.000000 0.000000
1.000000 0.000000 0.000000
1.000000 0.000000 0.000000
1.000000 0.000000 0.000000
1.000000 0.000000 0.000000
1.000000 0.000000 0.000000
-1.000000 0.000000 0.000000
-1.000000 0.000000 0.000000
-1.000000 0.000000 0.000000
-1.000000 0.000000 0.000000
-1.000000 0.000000 0.000000
-1.000000 -0.000000 0.000000
1.000000 0.000000 0.000000
1.000000 0.000000 0.000000
1.000000 0.000000 0.000000
1.000000 0.000000 0.000000
1.000000 0.000000 0.000000
1.000000 0.000000 0.000000
-1.000000 0.000000 0.000000
-1.000000 -0.000000 0.000000
-1.000000 -0.000000 0.000000
-1.000000 -0.000000 0.000000
-1.000000 0.000000 0.000000
-1.000000 -0.000000 0.000000
1.000000 0.000000 0.000000
1.000000 0.000000 0.000000
1.000000 0.000000 0.000000
1.000000 0.000000 0.000000
1.000000 0.000000 0.000000
1.000000 0.000000 0.000000
-0.993554 -0.089243 -0.069899
-1.000000 -0.000000 0.000000
-1.000000 -0.000000 0.000000
-1.000000 -0.000000 0.000000
-0.993554 -0.089243 -0.069899
-0.993554 -0.089243 -0.069899
1.000000 0.000000 0.000000
0.993554 -0.089243 -0.069899
1.000000 0.000000 0.000000
0.993554 -0.089243 -0.069899
1.000000 0.000000 0.000000
0.993554 -0.089243 -0.069899
-0.993554 -0.089243 -0.069899
-0.972069 -0.184766 -0.144716
-0.993554 -0.089243 -0.069899
-0.972069 -0.184766 -0.144716
-0.993554 -0.089243 -0.069899
-0.972069 -0.184766 -0.144716
0.972069 -0.184766 -0.144716
0.993554 -0.089243 -0.069899
0.993554 -0.089243 -0.069899
0.993554 -0.089243 -0.069899
0.972069 -0.184766 -0.144716
0.972069 -0.184766 -0.144716
-0.972069 -0.184766 -0.144716
-0.921304 -0.306122 -0.239767
-0.972069 -0.184766 -0.144716
-0.921304 -0.306122 -0.239767
-0.972069 -0.184766 -0.144716
-0.921304 -0.306122 -0.239767
0.921304 -0.306121 -0.239767
0.972069 -0.184766 -0.144716
0.972069 -0.184766 -0.144716
0.972069 -0.184766 -0.144716
0.921304 -0.306121 -0.239767
0.921304 -0.306121 -0.239767
-0.858066 -0.404291 -0.316657
-0.921304 -0.306122 -0.239767
-0.921304 -0.306122 -0.239767
-0.921304 -0.306122 -0.239767
-0.858066 -0.404291 -0.316657
-0.858066 -0.404291 -0.316657
0.921304 -0.306121 -0.239767
0.858066 -0.404291 -0.316657
0.921304 -0.306121 -0.239767
0.858066 -0.404291 -0.316657
0.921304 -0.306121 -0.239767
0.858066 -0.404291 -0.316657
-0.858066 -0.404291 -0.316657
-0.769837 -0.502464 -0.393550
-0.858066 -0.404291 -0.316657
-0.769837 -0.502464 -0.393550
-0.858066 -0.404291 -0.316657
-0.769836 -0.502464 -0.393550
0.769836 -0.502464 -0.393550
0.858066 -0.404291 -0.316657
0.858066 -0.404291 -0.316657
0.858066 -0.404291 -0.316657
0.769836 -0.502464 -0.393550
0.769836 -0.502464 -0.393550
-0.769836 -0.502464 -0.393550
-0.670401 -0.584149 -0.457530
-0.769837 -0.502464 -0.393550
-0.670401 -0.584149 -0.457530
-0.769836 -0.502464 -0.393550
-0.670401 -0.584149 -0.457530
0.670401 -0.584149 -0.457529
0.769836 -0.502464 -0.393550
0.769836 -0.502464 -0.393550
0.769836 -0.502464 -0.393550
0.670401 -0.584149 -0.457529
0.670401 -0.584149 -0.457529
-0.670401 -0.584149 -0.457530
-0.670401 -0.584149 -0.457530
-0.509395 -0.677465 -0.530620
-0.670401 -0.584149 -0.457530
-0.509395 -0.677465 -0.530620
-0.509395 -0.677465 -0.530620
0.670401 -0.584149 -0.457529
0.509396 -0.677465 -0.530620
0.670401 -0.584149 -0.457529
0.509396 -0.677465 -0.530620
0.670401 -0.584149 -0.457529
0.509396 -0.677465 -0.530620
-0.509395 -0.677465 -0.530620
-0.434750 -0.708971 -0.555295
-0.509395 -0.677465 -0.530620
-0.434750 -0.708971 -0.555295
-0.509395 -0.677465 -0.530620
-0.434750 -0.708971 -0.555295
0.509396 -0.677465 -0.530620
0.434750 -0.708971 -0.555296
0.509396 -0.677465 -0.530620
0.434750 -0.708971 -0.555295
0.509396 -0.677465 -0.530620
0.434750 -0.708971 -0.555296
-0.434750 -0.708971 -0.555295
-0.213092 -0.769181 -0.602455
-0.434750 -0.708971 -0.555295
-0.213092 -0.769181 -0.602455
-0.434750 -0.708971 -0.555295
-0.213092 -0.769181 -0.602455
0.213092 -0.769181 -0.602455
0.434750 -0.708971 -0.555295
0.213092 -0.769181 -0.602455
0.434750 -0.708971 -0.555295
0.434750 -0.708971 -0.555296
0.213092 -0.769181 -0.602455
-0.096557 -0.783584 -0.613737
-0.213092 -0.769181 -0.602455
-0.096557 -0.783584 -0.613737
-0.213092 -0.769181 -0.602455
-0.096557 -0.783584 -0.613737
-0.213092 -0.769181 -0.602455
0.213092 -0.769181 -0.602455
0.096558 -0.783584 -0.613737
0.213092 -0.769181 -0.602455
0.096558 -0.783584 -0.613737
0.213092 -0.769181 -0.602455
0.096558 -0.783584 -0.613737
-0.096557 -0.783584 -0.613737
-0.096557 -0.783584 -0.613737
0.096558 -0.783584 -0.613737
0.096558 -0.783584 -0.613737
0.096558 -0.783584 -0.613737
-0.096557 -0.783584 -0.613737
-0.000000 0.616620 -0.787261
0.000000 0.616620 -0.787261
0.000000 0.616620 -0.787261
-0.000000 0.616620 -0.787261
0.000000 0.616620 -0.787261
-0.000000 0.616620 -0.787261
-0.000000 0.616617 -0.787263
-0.000000 0.616620 -0.787261
-0.000000 0.616620 -0.787261
-0.000000 0.616620 -0.787261
-0.000000 0.616617 -0.787263
-0.000000 0.616617 -0.787263
0.000000 0.616620 -0.787261
0.000000 0.616617 -0.787263
0.000000 0.616617 -0.787263
0.000000 0.616617 -0.787263
0.000000 0.616620 -0.787261
0.000000 0.616620 -0.787261
0.000000 0.616617 -0.787264
-0.000000 0.616617 -0.787263
-0.000000 0.616617 -0.787263
-0.000000 0.616617 -0.787263
0.000000 0.616617 -0.787264
0.000000 0.616617 -0.787264
0.000000 0.616617 -0.787263
0.000000 0.616617 -0.787263
0.000000 0.616617 -0.787263
0.000000 0.616617 -0.787263
0.000000 0.616617 -0.787263
0.000000 0.616617 -0.787263
-0.000002 0.616617 -0.787264
0.000000 0.616617 -0.787264
0.000000 0.616617 -0.787264
0.000000 0.616617 -0.787264
-0.000002 0.616617 -0.787264
-0.000002 0.616617 -0.787264
0.000000 0.616617 -0.787263
0.000002 0.616616 -0.787264
0.000000 0.616617 -0.787263
0.000002 0.616616 -0.787264
0.000000 0.616617 -0.787263
0.000002 0.616616 -0.787264
-0.000002 0.616617 -0.787264
-0.000001 0.616617 -0.787263
-0.000001 0.616617 -0.787263
-0.000001 0.616617 -0.787263
-0.000002 0.616617 -0.787264
-0.000002 0.616617 -0.787264
0.000002 0.616616 -0.787264
0.000002 0.616617 -0.787263
0.000002 0.616616 -0.787264
0.000002 0.616617 -0.787263
0.000002 0.616616 -0.787264
0.000002 0.616617 -0.787263
-0.000005 0.616617 -0.787263
-0.000001 0.616617 -0.787263
-0.000001 0.616617 -0.787263
-0.000001 0.616617 -0.787263
-0.000005 0.616617 -0.787263
-0.000005 0.616617 -0.787263
0.000005 0.616616 -0.787264
0.000002 0.616617 -0.787263
0.000002 0.616617 -0.787263
0.000002 0.616617 -0.787263
0.000005 0.616616 -0.787264
0.000005 0.616616 -0.787264
-0.000008 0.616615 -0.787265
-0.000005 0.616617 -0.787263
-0.000005 0.616617 -0.787263
-0.000008 0.616615 -0.787265
-0.000005 0.616617 -0.787263
-0.000008 0.616615 -0.787265
0.000007 0.616615 -0.787265
0.000005 0.616616 -0.787264
0.000005 0.616616 -0.787264
0.000005 0.616616 -0.787264
0.000007 0.616615 -0.787265
0.000007 0.616615 -0.787265
-0.000000 0.616616 -0.787264
-0.000008 0.616615 -0.787265
-0.000008 0.616615 -0.787265
-0.000000 0.616616 -0.787264
-0.000008 0.616615 -0.787265
-0.000000 0.616616 -0.787264
0.000000 0.616616 -0.787264
0.000007 0.616615 -0.787265
0.000007 0.616615 -0.787265
0.000007 0.616615 -0.787265
0.000000 0.616616 -0.787264
0.000000 0.616616 -0.787264
0.000002 0.616616 -0.787264
-0.000000 0.616616 -0.787264
-0.000000 0.616616 -0.787264
0.000002 0.616616 -0.787264
-0.000000 0.616616 -0.787264
0.000002 0.616616 -0.787264
-0.000003 0.616618 -0.787262
0.000000 0.616616 -0.787264
0.000000 0.616616 -0.787264
0.000000 0.616616 -0.787264
-0.000003 0.616618 -0.787262
-0.000003 0.616618 -0.787262
-0.000001 0.616615 -0.787265
0.000002 0.616616 -0.787264
0.000002 0.616616 -0.787264
-0.000001 0.616615 -0.787265
0.000002 0.616616 -0.787264
-0.000001 0.616615 -0.787265
0.000001 0.616616 -0.787264
-0.000003 0.616618 -0.787262
-0.000003 0.616618 -0.787262
-0.000003 0.616618 -0.787262
0.000001 0.616616 -0.787264
0.000001 0.616616 -0.787264
-0.000002 0.616618 -0.787263
-0.000001 0.616615 -0.787265
-0.000001 0.616615 -0.787265
-0.000002 0.616618 -0.787263
-0.000001 0.616615 -0.787265
-0.000002 0.616618 -0.787263
0.000002 0.616615 -0.787265
0.000001 0.616616 -0.787264
0.000001 0.616616 -0.787264
0.000001 0.616616 -0.787264
0.000002 0.616615 -0.787265
0.000002 0.616615 -0.787265
-0.000000 0.616621 -0.787260
-0.000002 0.616618 -0.787263
-0.000000 0.616621 -0.787260
-0.000002 0.616618 -0.787263
-0.000000 0.616621 -0.787260
-0.000002 0.616618 -0.787263
-0.000000 0.616618 -0.787262
0.000002 0.616615 -0.787265
0.000002 0.616615 -0.787265
0.000002 0.616615 -0.787265
-0.000000 0.616618 -0.787262
-0.000000 0.616618 -0.787262
0.000002 0.616626 -0.787256
-0.000000 0.616621 -0.787260
0.000002 0.616627 -0.787256
-0.000000 0.616621 -0.787260
0.000002 0.616626 -0.787256
-0.000000 0.616621 -0.787260
-0.000002 0.616623 -0.787259
-0.000000 0.616618 -0.787262
-0.000000 0.616618 -0.787262
-0.000000 0.616618 -0.787262
-0.000002 0.616623 -0.787259
-0.000002 0.616623 -0.787259
0.000002 0.616625 -0.787257
0.000002 0.616627 -0.787256
0.000002 0.616625 -0.787257
0.000002 0.616627 -0.787256
0.000002 0.616625 -0.787257
0.000002 0.616626 -0.787256
-0.000002 0.616623 -0.787259
-0.000002 0.616622 -0.787259
-0.000002 0.616622 -0.787259
-0.000002 0.616622 -0.787259
-0.000002 0.616623 -0.787259
-0.000002 0.616623 -0.787259
-0.000002 0.616622 -0.787259
0.000002 0.616625 -0.787257
0.000002 0.616625 -0.787257
0.000002 0.616625 -0.787257
-0.000002 0.616622 -0.787259
-0.000002 0.616622 -0.787259
</float_array>
          <technique_common>
            <accessor source="#lid-Normal0-array" count="660" stride="3">
              <param name="X" type="float"/>
              <param name="Y" type="float"/>
              <param name="Z" type="float"/>
            </accessor>
          </technique_common>
        </source>
        <source id="lid-UV0">
          <float_array id="lid-UV0-array" count="768">
0.375000 0.500000
0.625000 0.500000
0.625000 0.750000
0.375000 0.750000
0.000000 0.000000
1.000000 0.000000
1.000000 1.000000
0.000000 1.000000
0.000000 0.000000
1.000000 0.000000
1.000000 1.000000
0.000000 1.000000
0.000000 0.000000
1.000000 0.000000
1.000000 1.000000
0.000000 1.000000
0.000000 0.000000
1.000000 0.000000
1.000000 1.000000
0.000000 1.000000
0.000000 0.000000
1.000000 0.000000
1.000000 1.000000
0.000000 1.000000
0.000000 0.000000
1.000000 0.000000
1.000000 1.000000
0.000000 1.000000
0.000000 0.000000
1.000000 0.000000
1.000000 1.000000
0.000000 1.000000
0.000000 0.000000
1.000000 0.000000
1.000000 1.000000
0.000000 1.000000
0.000000 0.000000
1.000000 0.000000
1.000000 1.000000
0.000000 1.000000
0.000000 0.000000
1.000000 0.000000
1.000000 1.000000
0.000000 1.000000
0.000000 0.000000
1.000000 0.000000
1.000000 1.000000
0.000000 1.000000
0.000000 0.000000
1.000000 0.000000
1.000000 1.000000
0.000000 1.000000
0.000000 0.000000
1.000000 0.000000
1.000000 1.000000
0.000000 1.000000
0.000000 0.000000
1.000000 0.000000
1.000000 1.000000
0.000000 1.000000
0.000000 0.000000
1.000000 0.000000
1.000000 1.000000
0.000000 1.000000
0.000000 0.000000
1.000000 0.000000
1.000000 1.000000
0.000000 1.000000
0.000000 0.000000
1.000000 0.000000
1.000000 1.000000
0.000000 1.000000
0.000000 0.000000
1.000000 0.000000
1.000000 1.000000
0.000000 1.000000
0.000000 0.000000
1.000000 0.000000
1.000000 1.000000
0.000000 1.000000
0.000000 0.000000
1.000000 0.000000
1.000000 1.000000
0.000000 1.000000
0.000000 0.000000
1.000000 0.000000
1.000000 1.000000
0.000000 1.000000
0.000000 0.000000
1.000000 0.000000
1.000000 1.000000
0.000000 1.000000
0.000000 0.000000
1.000000 0.000000
1.000000 1.000000
0.000000 1.000000
0.000000 0.000000
1.000000 0.000000
1.000000 1.000000
0.000000 1.000000
0.000000 0.000000
1.000000 0.000000
1.000000 1.000000
0.000000 1.000000
0.000000 0.000000
1.000000 0.000000
1.000000 1.000000
0.000000 1.000000
0.000000 0.000000
1.000000 0.000000
1.000000 1.000000
0.000000 1.000000
0.000000 0.000000
1.000000 0.000000
1.000000 1.000000
0.000000 1.000000
0.000000 0.000000
1.000000 0.000000
1.000000 1.000000
0.000000 1.000000
0.000000 0.000000
1.000000 0.000000
1.000000 1.000000
0.000000 1.000000
0.000000 0.000000
1.000000 0.000000
1.000000 1.000000
0.000000 1.000000
0.000000 0.000000
1.000000 0.000000
1.000000 1.000000
0.000000 1.000000
0.000000 0.000000
1.000000 0.000000
1.000000 1.000000
0.000000 1.000000
0.000000 0.000000
1.000000 0.000000
1.000000 1.000000
0.000000 1.000000
0.000000 0.000000
1.000000 0.000000
1.000000 1.000000
0.000000 1.000000
0.000000 0.000000
1.000000 0.000000
1.000000 1.000000
0.000000 1.000000
0.000000 0.000000
1.000000 0.000000
1.000000 1.000000
0.000000 1.000000
0.000000 0.000000
1.000000 0.000000
1.000000 1.000000
0.000000 1.000000
0.000000 0.000000
1.000000 0.000000
1.000000 1.000000
0.000000 1.000000
0.000000 0.000000
1.000000 0.000000
1.000000 1.000000
0.000000 1.000000
0.375000 0.500000
0.375000 0.750000
0.625000 0.750000
0.625000 0.500000
0.000000 0.000000
0.000000 1.000000
1.000000 1.000000
1.000000 0.000000
0.000000 0.000000
0.000000 1.000000
1.000000 1.000000
1.000000 0.000000
0.000000 0.000000
0.000000 1.000000
1.000000 1.000000
1.000000 0.000000
0.000000 0.000000
0.000000 1.000000
1.000000 1.000000
1.000000 0.000000
0.000000 0.000000
0.000000 1.000000
1.000000 1.000000
1.000000 0.000000
0.000000 0.000000
0.000000 1.000000
1.000000 1.000000
1.000000 0.000000
0.000000 0.000000
0.000000 1.000000
1.000000 1.000000
1.000000 0.000000
0.000000 0.000000
0.000000 1.000000
1.000000 1.000000
1.000000 0.000000
0.000000 0.000000
0.000000 1.000000
1.000000 1.000000
1.000000 0.000000
0.000000 0.000000
0.000000 1.000000
1.000000 1.000000
1.000000 0.000000
0.000000 0.000000
0.000000 1.000000
1.000000 1.000000
1.000000 0.000000
0.000000 0.000000
0.000000 1.000000
1.000000 1.000000
1.000000 0.000000
0.000000 0.000000
0.000000 1.000000
1.000000 1.000000
1.000000 0.000000
0.000000 0.000000
0.000000 1.000000
1.000000 1.000000
1.000000 0.000000
0.000000 0.000000
0.000000 1.000000
1.000000 1.000000
1.000000 0.000000
0.000000 0.000000
0.000000 1.000000
1.000000 1.000000
1.000000 0.000000
0.000000 0.000000
0.000000 1.000000
1.000000 1.000000
1.000000 0.000000
0.000000 0.000000
0.000000 1.000000
1.000000 1.000000
1.000000 0.000000
0.000000 0.000000
0.000000 1.000000
1.000000 1.000000
1.000000 0.000000
0.000000 0.000000
0.000000 1.000000
1.000000 1.000000
1.000000 0.000000
0.000000 0.000000
0.000000 1.000000
1.000000 1.000000
1.000000 0.000000
0.000000 0.000000
0.000000 1.000000
1.000000 1.000000
1.000000 0.000000
0.000000 0.000000
0.000000 1.000000
1.000000 1.000000
1.000000 0.000000
0.000000 0.000000
0.000000 1.000000
1.000000 1.000000
1.000000 0.000000
0.000000 0.000000
0.000000 1.000000
1.000000 1.000000
1.000000 0.000000
0.000000 0.000000
0.000000 1.000000
1.000000 1.000000
1.000000 0.000000
0.000000 0.000000
0.000000 1.000000
1.000000 1.000000
1.000000 0.000000
0.000000 0.000000
0.000000 1.000000
1.000000 1.000000
1.000000 0.000000
0.000000 0.000000
0.000000 1.000000
1.000000 1.000000
1.000000 0.000000
0.000000 0.000000
0.000000 1.000000
1.000000 1.000000
1.000000 0.000000
0.000000 0.000000
0.000000 1.000000
1.000000 1.000000
1.000000 0.000000
0.000000 0.000000
0.000000 1.000000
1.000000 1.000000
1.000000 0.000000
0.000000 0.000000
0.000000 1.000000
1.000000 1.000000
1.000000 0.000000
0.000000 0.000000
0.000000 1.000000
1.000000 1.000000
1.000000 0.000000
0.000000 0.000000
0.000000 1.000000
1.000000 1.000000
1.000000 0.000000
0.000000 0.000000
0.000000 1.000000
1.000000 1.000000
1.000000 0.000000
0.000000 0.000000
0.000000 1.000000
1.000000 1.000000
1.000000 0.000000
0.000000 0.000000
0.000000 1.000000
1.000000 1.000000
1.000000 0.000000
0.000000 0.000000
0.000000 1.000000
1.000000 1.000000
1.000000 0.000000
0.000000 0.000000
0.000000 1.000000
1.000000 1.000000
1.000000 0.000000
1.000000 1.000000
0.000000 1.000000
1.000000 1.000000
0.000000 1.000000
1.000000 1.000000
0.000000 1.000000
1.000000 1.000000
0.000000 1.000000
1.000000 1.000000
0.000000 1.000000
1.000000 1.000000
0.000000 1.000000
1.000000 1.000000
0.000000 1.000000
1.000000 1.000000
0.000000 1.000000
1.000000 1.000000
0.000000 1.000000
1.000000 1.000000
0.000000 1.000000
1.000000 1.000000
0.000000 1.000000
1.000000 1.000000
0.000000 1.000000
1.000000 1.000000
0.000000 1.000000
1.000000 1.000000
0.000000 1.000000
1.000000 1.000000
0.000000 1.000000
1.000000 1.000000
0.000000 1.000000
1.000000 1.000000
0.000000 1.000000
1.000000 1.000000
0.000000 1.000000
1.000000 1.000000
0.000000 1.000000
1.000000 1.000000
0.000000 1.000000
1.000000 1.000000
0.000000 1.000000
1.000000 1.000000
0.000000 1.000000
1.000000 1.000000
0.000000 1.000000
1.000000 1.000000
0.000000 1.000000
1.000000 1.000000
0.000000 1.000000
1.000000 1.000000
0.000000 1.000000
1.000000 1.000000
0.000000 1.000000
1.000000 1.000000
0.000000 1.000000
</float_array>
          <technique_common>
            <accessor source="#lid-UV0-array" count="384" stride="2">
              <param name="S" type="float"/>
              <param name="T" type="float"/>
            </accessor>
          </technique_common>
        </source>
        <vertices id="lid-VERTEX">
          <input semantic="POSITION" source="#lid-POSITION"/>
        </vertices>
        <triangles count="220" material="lambert1"><input semantic="VERTEX" offset="0" source="#lid-VERTEX"/><input semantic="NORMAL" offset="1" source="#lid-Normal0"/><input semantic="TEXCOORD" offset="2" set="0" source="#lid-UV0"/><p> 57 0 1 59 1 3 56 2 0 59 3 3 57 4 1 58 5 2 60 6 6 61 7 7 57 8 4 60 9 6 57 10 4 56 11 5 62 12 10 63 13 11 61 14 8 62 15 10 61 16 8 60 17 9 64 18 14 65 19 15 63 20 12 64 21 14 63 22 12 62 23 13 65 24 16 64 25 17 66 26 18 65 27 16 66 28 18 67 29 19 66 30 21 69 31 23 67 32 20 69 33 23 66 34 21 68 35 22 69 36 24 68 37 25 70 38 26 69 39 24 70 40 26 71 41 27 71 42 28 70 43 29 72 44 30 71 45 28 72 46 30 73 47 31 72 48 33 75 49 35 73 50 32 75 51 35 72 52 33 74 53 34 75 54 36 74 55 37 76 56 38 75 57 36 76 58 38 77 59 39 77 60 40 76 61 41 78 62 42 77 63 40 78 64 42 79 65 43 79 66 44 78 67 45 80 68 46 79 69 44 80 70 46 81 71 47 80 72 49 83 73 51 81 74 48 83 75 51 80 76 49 82 77 50 84 78 54 59 79 52 58 80 53 59 81 52 84 82 54 85 83 55 56 84 56 85 85 58 86 86 59 85 87 58 56 88 56 59 89 57 84 90 63 57 91 61 87 92 62 57 93 61 84 94 63 58 95 60 88 96 67 56 97 65 86 98 66 56 99 65 88 100 67 60 101 64 89 102 70 87 103 71 57 104 68 57 105 68 61 106 69 89 107 70 62 108 72 88 109 74 90 110 75 88 111 74 62 112 72 60 113 73 89 114 79 63 115 77 91 116 78 63 117 77 89 118 79 61 119 76 64 120 80 90 121 82 92 122 83 90 123 82 64 124 80 62 125 81 91 126 87 65 127 85 93 128 86 65 129 85 91 130 87 63 131 84 66 132 88 92 133 90 94 134 91 92 135 90 66 136 88 64 137 89 93 138 95 67 139 93 95 140 94 67 141 93 93 142 95 65 143 92 68 144 96 94 145 98 96 146 99 94 147 98 68 148 96 66 149 97 95 150 103 69 151 101 97 152 102 69 153 101 95 154 103 67 155 100 70 156 104 96 157 106 98 158 107 96 159 106 70 160 104 68 161 105 97 162 111 71 163 109 99 164 110 71 165 109 97 166 111 69 167 108 98 168 114 72 169 112 70 170 113 72 171 112 98 172 114 100 173 115 99 174 119 73 175 117 101 176 118 73 177 117 99 178 119 71 179 116 74 180 120 100 181 122 102 182 123 100 183 122 74 184 120 72 185 121 101 186 127 75 187 125 103 188 126 75 189 125 101 190 127 73 191 124 102 192 130 76 193 128 74 194 129 76 195 128 102 196 130 104 197 131 103 198 135 77 199 133 105 200 134 77 201 133 103 202 135 75 203 132 76 204 137 106 205 139 78 206 136 106 207 139 76 208 137 104 209 138 77 210 140 79 211 141 107 212 142 77 213 140 107 214 142 105 215 143 78 216 145 108 217 147 80 218 144 108 219 147 78 220 145 106 221 146 81 222 149 109 223 150 79 224 148 79 225 148 109 226 150 107 227 151 80 228 153 110 229 155 82 230 152 110 231 155 80 232 153 108 233 154 81 234 156 83 235 157 111 236 158 81 237 156 111 238 158 109 239 159 82 240 161 110 241 162 83 242 160 83 243 160 110 244 162 111 245 163 3 246 166 0 247 164 2 248 165 0 249 164 3 250 166 1 251 167 5 252 169 4 253 170 1 254 168 0 255 171 1 256 168 4 257 170 7 258 173 6 259 174 5 260 172 4 261 175 5 262 172 6 263 174 9 264 177 8 265 178 7 266 176 6 267 179 7 268 176 8 269 178 11 270 181 10 271 182 9 272 180 8 273 183 9 274 180 10 275 182 13 276 185 12 277 186 11 278 184 10 279 187 11 280 184 12 281 186 14 282 190 13 283 188 15 284 189 12 285 191 13 286 188 14 287 190 16 288 194 15 289 192 17 290 193 14 291 195 15 292 192 16 293 194 18 294 198 17 295 196 19 296 197 16 297 199 17 298 196 18 299 198 20 300 202 19 301 200 21 302 201 18 303 203 19 304 200 20 305 202 23 306 205 20 307 207 21 308 204 20 309 207 23 310 205 22 311 206 23 312 208 24 313 210 22 314 211 24 315 210 23 316 208 25 317 209 27 318 213 24 319 215 25 320 212 24 321 215 27 322 213 26 323 214 28 324 217 29 325 218 2 326 216 3 327 219 2 328 216 29 329 218 2 330 223 30 331 221 28 332 222 30 333 221 2 334 223 0 335 220 31 336 226 3 337 224 29 338 225 3 339 224 31 340 226 1 341 227 4 342 228 30 343 230 0 344 231 30 345 230 4 346 228 32 347 229 31 348 233 5 349 235 1 350 232 5 351 235 31 352 233 33 353 234 4 354 239 34 355 237 32 356 238 34 357 237 4 358 239 6 359 236 35 360 242 5 361 240 33 362 241 5 363 240 35 364 242 7 365 243 8 366 244 34 367 246 6 368 247 34 369 246 8 370 244 36 371 245 35 372 249 9 373 251 7 374 248 9 375 251 35 376 249 37 377 250 8 378 255 38 379 253 36 380 254 38 381 253 8 382 255 10 383 252 39 384 258 9 385 256 37 386 257 9 387 256 39 388 258 11 389 259 10 390 263 40 391 261 38 392 262 40 393 261 10 394 263 12 395 260 41 396 266 11 397 264 39 398 265 11 399 264 41 400 266 13 401 267 14 402 268 40 403 270 12 404 271 40 405 270 14 406 268 42 407 269 41 408 273 15 409 275 13 410 272 15 411 275 41 412 273 43 413 274 14 414 279 44 415 277 42 416 278 44 417 277 14 418 279 16 419 276 45 420 282 15 421 280 43 422 281 15 423 280 45 424 282 17 425 283 16 426 287 46 427 285 44 428 286 46 429 285 16 430 287 18 431 284 47 432 290 17 433 288 45 434 289 17 435 288 47 436 290 19 437 291 46 438 294 18 439 295 20 440 292 46 441 294 20 442 292 48 443 293 47 444 297 21 445 299 19 446 296 21 447 299 47 448 297 49 449 298 20 450 303 50 451 301 48 452 302 50 453 301 20 454 303 22 455 300 49 456 305 51 457 306 21 458 304 23 459 307 21 460 304 51 461 306 22 462 311 52 463 309 50 464 310 52 465 309 22 466 311 24 467 308 25 468 315 23 469 312 53 470 314 23 471 312 51 472 313 53 473 314 54 474 317 24 475 319 26 476 316 24 477 319 54 478 317 52 479 318 53 480 321 55 481 322 25 482 320 27 483 323 25 484 320 55 485 322 54 486 326 26 487 327 27 488 324 27 489 324 55 490 325 54 491 326 85 492 55 84 493 54 29 494 328 85 495 55 29 496 328 28 497 329 86 498 59 85 499 58 28 500 330 28 501 330 30 502 331 86 503 59 29 504 333 87 505 62 31 506 332 87 507 62 29 508 333 84 509 63 88 510 67 86 511 66 30 512 334 30 513 334 32 514 335 88 515 67 87 516 71 33 517 336 31 518 337 33 519 336 87 520 71 89 521 70 90 522 75 88 523 74 32 524 338 32 525 338 34 526 339 90 527 75 89 528 79 35 529 340 33 530 341 35 531 340 89 532 79 91 533 78 90 534 82 36 535 343 92 536 83 36 537 343 90 538 82 34 539 342 91 540 87 37 541 344 35 542 345 37 543 344 91 544 87 93 545 86 94 546 91 92 547 90 36 548 346 36 549 346 38 550 347 94 551 91 95 552 94 37 553 349 93 554 95 37 555 349 95 556 94 39 557 348 96 558 99 94 559 98 38 560 350 96 561 99 38 562 350 40 563 351 97 564 102 39 565 353 95 566 103 39 567 353 97 568 102 41 569 352 98 570 107 96 571 106 40 572 354 98 573 107 40 574 354 42 575 355 99 576 110 41 577 357 97 578 111 41 579 357 99 580 110 43 581 356 100 582 115 98 583 114 42 584 358 100 585 115 42 586 358 44 587 359 101 588 118 43 589 361 99 590 119 43 591 361 101 592 118 45 593 360 102 594 123 100 595 122 44 596 362 102 597 123 44 598 362 46 599 363 103 600 126 45 601 365 101 602 127 45 603 365 103 604 126 47 605 364 104 606 131 102 607 130 46 608 366 104 609 131 46 610 366 48 611 367 105 612 134 47 613 369 103 614 135 47 615 369 105 616 134 49 617 368 106 618 139 48 619 370 50 620 371 48 621 370 106 622 139 104 623 138 107 624 142 49 625 373 105 626 143 49 627 373 107 628 142 51 629 372 108 630 147 50 631 374 52 632 375 50 633 374 108 634 147 106 635 146 109 636 150 51 637 377 107 638 151 51 639 377 109 640 150 53 641 376 110 642 155 52 643 378 54 644 379 52 645 378 110 646 155 108 647 154 53 648 381 111 649 158 55 650 380 111 651 158 53 652 381 109 653 159 55 654 383 110 655 162 54 656 382 110 657 162 55 658 383 111 659 163</p></triangles>
      </mesh>
    </geometry>
    <geometry id="Handel1-lib" name="Handel1Mesh">
      <mesh>
        <source id="Handel1-POSITION">
          <float_array id="Handel1-POSITION-array" count="288">
30.074837 97.445511 22.729069
30.074837 93.239403 22.729069
30.074837 89.033295 22.729069
30.074837 84.827179 22.729069
30.074837 80.621063 22.729069
30.074837 76.414955 22.729069
30.074837 72.208847 22.729069
30.074837 68.002731 22.729069
30.074837 63.796619 22.729069
30.074837 59.590508 22.729069
30.074837 55.384396 22.729069
30.074837 97.445511 18.522957
30.074837 93.239403 18.522957
30.074837 89.033295 18.522957
30.074837 84.827179 18.522957
30.074837 80.621063 18.522957
30.074837 76.414955 18.522957
30.074837 72.208847 18.522957
30.074837 68.002731 18.522957
30.074837 63.796619 18.522957
30.074837 59.590508 18.522957
30.074837 55.384396 18.522957
30.074837 97.445511 14.316847
30.074837 93.239403 14.316847
30.074837 89.033295 14.316847
30.074837 84.827179 14.316847
30.074837 80.621063 14.316847
30.074837 76.414955 14.316847
30.074837 72.208847 14.316847
30.074837 68.002731 14.316847
30.074837 63.796619 14.316847
30.074837 59.590508 14.316847
30.074837 55.384396 14.316847
30.074837 97.445511 10.110735
30.074837 93.239403 10.110735
30.074837 89.033295 10.110735
30.074837 97.445511 5.904625
30.074837 93.239403 5.904625
30.074837 89.033295 5.904625
30.074837 97.445511 1.698513
30.074837 93.239403 1.698513
30.074837 89.033295 1.698513
30.074837 97.445511 -2.507600
30.074837 93.239403 -2.507600
30.074837 89.033295 -2.507600
30.074837 97.445511 -6.713710
30.074837 93.239403 -6.713710
30.074837 89.033295 -6.713710
31.511833 97.445511 22.729069
31.511833 93.239403 22.729069
31.511833 93.239403 18.522957
31.511833 97.445511 18.522957
31.511833 89.033295 22.729069
31.511833 89.033295 18.522957
31.511833 84.827179 22.729069
31.511833 84.827179 18.522957
31.511833 80.621063 22.729069
31.511833 80.621063 18.522957
31.511833 76.414955 22.729069
31.511833 76.414955 18.522957
31.511833 72.208847 22.729069
31.511833 72.208847 18.522957
31.511833 68.002731 22.729069
31.511833 68.002731 18.522957
31.511833 63.796619 22.729069
31.511833 63.796619 18.522957
31.511833 59.590508 22.729069
31.511833 59.590508 18.522957
31.511833 55.384396 22.729069
31.511833 55.384396 18.522957
31.511833 93.239403 14.316847
31.511833 97.445511 14.316847
31.511833 89.033295 14.316847
31.511833 84.827179 14.316847
31.511833 80.621063 14.316847
31.511833 76.414955 14.316847
31.511833 72.208847 14.316847
31.511833 68.002731 14.316847
31.511833 63.796619 14.316847
31.511833 59.590508 14.316847
31.511833 55.384396 14.316847
31.511833 93.239403 10.110735
31.511833 97.445511 10.110735
31.511833 89.033295 10.110735
31.511833 93.239403 5.904625
31.511833 97.445511 5.904625
31.511833 89.033295 5.904625
31.511833 93.239403 1.698513
31.511833 97.445511 1.698513
31.511833 89.033295 1.698513
31.511833 93.239403 -2.507600
31.511833 97.445511 -2.507600
31.511833 89.033295 -2.507600
31.511833 93.239403 -6.713710
31.511833 97.445511 -6.713710
31.511833 89.033295 -6.713710
</float_array>
          <technique_common>
            <accessor source="#Handel1-POSITION-array" count="96" stride="3">
              <param name="X" type="float"/>
              <param name="Y" type="float"/>
              <param name="Z" type="float"/>
            </accessor>
          </technique_common>
        </source>
        <source id="Handel1-Normal0">
          <float_array id="Handel1-Normal0-array" count="1692">
1.000000 0.000000 0.000000
1.000000 0.000000 0.000000
1.000000 0.000000 0.000000
1.000000 0.000000 0.000000
1.000000 0.000000 0.000000
1.000000 0.000000 0.000000
1.000000 0.000000 0.000000
1.000000 0.000000 0.000000
1.000000 0.000000 0.000000
1.000000 0.000000 0.000000
1.000000 0.000000 0.000000
1.000000 0.000000 0.000000
1.000000 0.000000 0.000000
1.000000 0.000000 0.000000
1.000000 0.000000 0.000000
1.000000 0.000000 0.000000
1.000000 0.000000 0.000000
1.000000 0.000000 0.000000
1.000000 0.000000 0.000000
1.000000 0.000000 0.000000
1.000000 0.000000 0.000000
1.000000 0.000000 0.000000
1.000000 0.000000 0.000000
1.000000 0.000000 0.000000
1.000000 0.000000 0.000000
1.000000 0.000000 0.000000
1.000000 0.000000 0.000000
1.000000 0.000000 0.000000
1.000000 0.000000 0.000000
1.000000 0.000000 0.000000
1.000000 0.000000 0.000000
1.000000 0.000000 0.000000
1.000000 0.000000 0.000000
1.000000 0.000000 0.000000
1.000000 0.000000 0.000000
1.000000 0.000000 0.000000
1.000000 0.000000 0.000000
1.000000 0.000000 0.000000
1.000000 0.000000 0.000000
1.000000 0.000000 0.000000
1.000000 0.000000 0.000000
1.000000 0.000000 0.000000
1.000000 0.000000 0.000000
1.000000 0.000000 0.000000
1.000000 0.000000 0.000000
1.000000 0.000000 0.000000
1.000000 0.000000 0.000000
1.000000 0.000000 0.000000
1.000000 0.000000 0.000000
1.000000 0.000000 0.000000
1.000000 0.000000 0.000000
1.000000 0.000000 0.000000
1.000000 0.000000 0.000000
1.000000 0.000000 0.000000
1.000000 0.000000 0.000000
1.000000 0.000000 0.000000
1.000000 0.000000 0.000000
1.000000 0.000000 0.000000
1.000000 0.000000 0.000000
1.000000 0.000000 0.000000
1.000000 0.000000 0.000000
1.000000 0.000000 0.000000
1.000000 0.000000 0.000000
1.000000 0.000000 0.000000
1.000000 0.000000 0.000000
1.000000 0.000000 0.000000
1.000000 0.000000 0.000000
1.000000 0.000000 0.000000
1.000000 0.000000 0.000000
1.000000 0.000000 0.000000
1.000000 0.000000 0.000000
1.000000 0.000000 0.000000
1.000000 0.000000 0.000000
1.000000 0.000000 0.000000
1.000000 0.000000 0.000000
1.000000 0.000000 0.000000
1.000000 0.000000 0.000000
1.000000 0.000000 0.000000
1.000000 0.000000 0.000000
1.000000 0.000000 0.000000
1.000000 0.000000 0.000000
1.000000 0.000000 0.000000
1.000000 0.000000 0.000000
1.000000 0.000000 0.000000
1.000000 0.000000 0.000000
1.000000 0.000000 0.000000
1.000000 0.000000 0.000000
1.000000 0.000000 0.000000
1.000000 0.000000 0.000000
1.000000 0.000000 0.000000
1.000000 0.000000 0.000000
1.000000 0.000000 0.000000
1.000000 0.000000 0.000000
1.000000 0.000000 0.000000
1.000000 0.000000 0.000000
1.000000 0.000000 0.000000
1.000000 0.000000 0.000000
1.000000 0.000000 0.000000
1.000000 0.000000 0.000000
1.000000 0.000000 0.000000
1.000000 0.000000 0.000000
1.000000 0.000000 0.000000
1.000000 0.000000 0.000000
1.000000 0.000000 0.000000
1.000000 0.000000 0.000000
1.000000 0.000000 0.000000
1.000000 0.000000 0.000000
1.000000 0.000000 0.000000
1.000000 0.000000 0.000000
1.000000 0.000000 0.000000
1.000000 0.000000 0.000000
1.000000 0.000000 0.000000
1.000000 0.000000 0.000000
1.000000 0.000000 0.000000
1.000000 0.000000 0.000000
1.000000 0.000000 0.000000
1.000000 0.000000 0.000000
1.000000 0.000000 0.000000
1.000000 0.000000 0.000000
1.000000 0.000000 0.000000
1.000000 0.000000 0.000000
1.000000 0.000000 0.000000
1.000000 0.000000 0.000000
1.000000 0.000000 0.000000
1.000000 0.000000 0.000000
1.000000 0.000000 0.000000
1.000000 0.000000 0.000000
1.000000 0.000000 0.000000
1.000000 0.000000 0.000000
1.000000 0.000000 0.000000
1.000000 0.000000 0.000000
1.000000 0.000000 0.000000
1.000000 0.000000 0.000000
1.000000 0.000000 0.000000
1.000000 0.000000 0.000000
1.000000 0.000000 0.000000
1.000000 0.000000 0.000000
1.000000 0.000000 0.000000
1.000000 0.000000 0.000000
1.000000 0.000000 0.000000
1.000000 0.000000 0.000000
1.000000 0.000000 0.000000
1.000000 0.000000 0.000000
1.000000 0.000000 0.000000
1.000000 0.000000 0.000000
1.000000 0.000000 0.000000
1.000000 0.000000 0.000000
1.000000 0.000000 0.000000
1.000000 0.000000 0.000000
1.000000 0.000000 0.000000
1.000000 0.000000 0.000000
1.000000 0.000000 0.000000
1.000000 0.000000 0.000000
1.000000 0.000000 0.000000
1.000000 0.000000 0.000000
1.000000 0.000000 0.000000
1.000000 0.000000 0.000000
1.000000 0.000000 0.000000
1.000000 0.000000 0.000000
1.000000 0.000000 0.000000
1.000000 0.000000 0.000000
1.000000 0.000000 0.000000
1.000000 0.000000 0.000000
1.000000 0.000000 0.000000
1.000000 0.000000 0.000000
1.000000 0.000000 0.000000
1.000000 0.000000 0.000000
1.000000 0.000000 0.000000
1.000000 0.000000 0.000000
1.000000 0.000000 0.000000
1.000000 0.000000 0.000000
1.000000 0.000000 0.000000
1.000000 0.000000 0.000000
1.000000 0.000000 0.000000
1.000000 0.000000 0.000000
1.000000 0.000000 0.000000
1.000000 0.000000 0.000000
1.000000 0.000000 0.000000
1.000000 0.000000 0.000000
1.000000 0.000000 0.000000
-1.000000 0.000000 0.000000
-1.000000 0.000000 0.000000
-1.000000 0.000000 0.000000
-1.000000 0.000000 0.000000
-1.000000 0.000000 0.000000
-1.000000 0.000000 0.000000
-1.000000 0.000000 0.000000
-1.000000 0.000000 0.000000
-1.000000 0.000000 0.000000
-1.000000 0.000000 0.000000
-1.000000 0.000000 0.000000
-1.000000 0.000000 0.000000
-1.000000 0.000000 0.000000
-1.000000 0.000000 0.000000
-1.000000 0.000000 0.000000
-1.000000 0.000000 0.000000
-1.000000 0.000000 0.000000
-1.000000 0.000000 0.000000
-1.000000 0.000000 0.000000
-1.000000 0.000000 0.000000
-1.000000 0.000000 0.000000
-1.000000 0.000000 0.000000
-1.000000 0.000000 0.000000
-1.000000 0.000000 0.000000
-1.000000 0.000000 0.000000
-1.000000 0.000000 0.000000
-1.000000 0.000000 0.000000
-1.000000 0.000000 0.000000
-1.000000 0.000000 0.000000
-1.000000 0.000000 0.000000
-1.000000 0.000000 0.000000
-1.000000 0.000000 0.000000
-1.000000 0.000000 0.000000
-1.000000 0.000000 0.000000
-1.000000 0.000000 0.000000
-1.000000 0.000000 0.000000
-1.000000 0.000000 0.000000
-1.000000 0.000000 0.000000
-1.000000 0.000000 0.000000
-1.000000 0.000000 0.000000
-1.000000 0.000000 0.000000
-1.000000 0.000000 0.000000
-1.000000 0.000000 0.000000
-1.000000 0.000000 0.000000
-1.000000 0.000000 0.000000
-1.000000 0.000000 0.000000
-1.000000 0.000000 0.000000
-1.000000 0.000000 0.000000
-1.000000 0.000000 0.000000
-1.000000 0.000000 0.000000
-1.000000 0.000000 0.000000
-1.000000 0.000000 0.000000
-1.000000 0.000000 0.000000
-1.000000 0.000000 0.000000
-1.000000 0.000000 0.000000
-1.000000 0.000000 0.000000
-1.000000 0.000000 0.000000
-1.000000 0.000000 0.000000
-1.000000 0.000000 0.000000
-1.000000 0.000000 0.000000
-1.000000 0.000000 0.000000
-1.000000 0.000000 0.000000
-1.000000 0.000000 0.000000
-1.000000 0.000000 0.000000
-1.000000 0.000000 0.000000
-1.000000 0.000000 0.000000
-1.000000 0.000000 0.000000
-1.000000 0.000000 0.000000
-1.000000 0.000000 0.000000
-1.000000 0.000000 0.000000
-1.000000 0.000000 0.000000
-1.000000 0.000000 0.000000
-1.000000 0.000000 0.000000
-1.000000 0.000000 0.000000
-1.000000 0.000000 0.000000
-1.000000 0.000000 0.000000
-1.000000 0.000000 0.000000
-1.000000 0.000000 0.000000
-1.000000 0.000000 0.000000
-1.000000 0.000000 0.000000
-1.000000 0.000000 0.000000
-1.000000 0.000000 0.000000
-1.000000 0.000000 0.000000
-1.000000 0.000000 0.000000
-1.000000 0.000000 0.000000
-1.000000 0.000000 0.000000
-1.000000 0.000000 0.000000
-1.000000 0.000000 0.000000
-1.000000 0.000000 0.000000
-1.000000 0.000000 0.000000
-1.000000 0.000000 0.000000
-1.000000 0.000000 0.000000
-1.000000 0.000000 0.000000
-1.000000 0.000000 0.000000
-1.000000 0.000000 0.000000
-1.000000 0.000000 0.000000
-1.000000 0.000000 0.000000
-1.000000 0.000000 0.000000
-1.000000 0.000000 0.000000
-1.000000 0.000000 0.000000
-1.000000 0.000000 0.000000
-1.000000 0.000000 0.000000
-1.000000 0.000000 0.000000
-1.000000 0.000000 0.000000
-1.000000 0.000000 0.000000
-1.000000 0.000000 0.000000
-1.000000 0.000000 0.000000
-1.000000 0.000000 0.000000
-1.000000 0.000000 0.000000
-1.000000 0.000000 0.000000
-1.000000 0.000000 0.000000
-1.000000 0.000000 0.000000
-1.000000 0.000000 0.000000
-1.000000 0.000000 0.000000
-1.000000 0.000000 0.000000
-1.000000 0.000000 0.000000
-1.000000 0.000000 0.000000
-1.000000 0.000000 0.000000
-1.000000 0.000000 0.000000
-1.000000 0.000000 0.000000
-1.000000 0.000000 0.000000
-1.000000 0.000000 0.000000
-1.000000 0.000000 0.000000
-1.000000 0.000000 0.000000
-1.000000 0.000000 0.000000
-1.000000 0.000000 0.000000
-1.000000 0.000000 0.000000
-1.000000 0.000000 0.000000
-1.000000 0.000000 0.000000
-1.000000 0.000000 0.000000
-1.000000 0.000000 0.000000
-1.000000 0.000000 0.000000
-1.000000 0.000000 0.000000
-1.000000 0.000000 0.000000
-1.000000 0.000000 0.000000
-1.000000 0.000000 0.000000
-1.000000 0.000000 0.000000
-1.000000 0.000000 0.000000
-1.000000 0.000000 0.000000
-1.000000 0.000000 0.000000
-1.000000 0.000000 0.000000
-1.000000 0.000000 0.000000
-1.000000 0.000000 0.000000
-1.000000 0.000000 0.000000
-1.000000 0.000000 0.000000
-1.000000 0.000000 0.000000
-1.000000 0.000000 0.000000
-1.000000 0.000000 0.000000
-1.000000 0.000000 0.000000
-1.000000 0.000000 0.000000
-1.000000 0.000000 0.000000
-1.000000 0.000000 0.000000
-1.000000 0.000000 0.000000
-1.000000 0.000000 0.000000
-1.000000 0.000000 0.000000
-1.000000 0.000000 0.000000
-1.000000 0.000000 0.000000
-1.000000 0.000000 0.000000
-1.000000 0.000000 0.000000
-1.000000 0.000000 0.000000
-1.000000 0.000000 0.000000
-1.000000 0.000000 0.000000
-1.000000 0.000000 0.000000
-1.000000 0.000000 0.000000
-1.000000 0.000000 0.000000
-1.000000 0.000000 0.000000
-1.000000 0.000000 0.000000
-1.000000 0.000000 0.000000
-1.000000 0.000000 0.000000
-1.000000 0.000000 0.000000
-1.000000 0.000000 0.000000
-1.000000 0.000000 0.000000
-1.000000 0.000000 0.000000
-1.000000 0.000000 0.000000
-1.000000 0.000000 0.000000
-1.000000 0.000000 0.000000
-1.000000 0.000000 0.000000
-1.000000 0.000000 0.000000
-1.000000 0.000000 0.000000
-1.000000 0.000000 0.000000
0.000000 0.000000 1.000000
0.000000 0.000000 1.000000
0.000000 0.000000 1.000000
0.000000 0.000000 1.000000
0.000000 0.000000 1.000000
0.000000 0.000000 1.000000
0.000000 1.000000 0.000000
0.000000 1.000000 0.000000
0.000000 1.000000 0.000000
0.000000 1.000000 0.000000
0.000000 1.000000 0.000000
0.000000 1.000000 0.000000
0.000000 0.000000 1.000000
0.000000 0.000000 1.000000
0.000000 0.000000 1.000000
0.000000 0.000000 1.000000
0.000000 0.000000 1.000000
0.000000 0.000000 1.000000
0.000000 0.000000 1.000000
0.000000 0.000000 1.000000
0.000000 0.000000 1.000000
0.000000 0.000000 1.000000
0.000000 0.000000 1.000000
0.000000 0.000000 1.000000
0.000000 0.000000 1.000000
0.000000 0.000000 1.000000
0.000000 0.000000 1.000000
0.000000 0.000000 1.000000
0.000000 0.000000 1.000000
0.000000 0.000000 1.000000
0.000000 0.000000 1.000000
0.000000 0.000000 1.000000
0.000000 0.000000 1.000000
0.000000 0.000000 1.000000
0.000000 0.000000 1.000000
0.000000 0.000000 1.000000
0.000000 0.000000 1.000000
0.000000 0.000000 1.000000
0.000000 0.000000 1.000000
0.000000 0.000000 1.000000
0.000000 0.000000 1.000000
0.000000 0.000000 1.000000
0.000000 0.000000 1.000000
0.000000 0.000000 1.000000
0.000000 0.000000 1.000000
0.000000 0.000000 1.000000
0.000000 0.000000 1.000000
0.000000 0.000000 1.000000
0.000000 0.000000 1.000000
0.000000 0.000000 1.000000
0.000000 0.000000 1.000000
0.000000 0.000000 1.000000
0.000000 0.000000 1.000000
0.000000 0.000000 1.000000
0.000000 0.000000 1.000000
0.000000 0.000000 1.000000
0.000000 0.000000 1.000000
0.000000 0.000000 1.000000
0.000000 0.000000 1.000000
0.000000 0.000000 1.000000
0.000000 0.000000 1.000000
0.000000 0.000000 1.000000
0.000000 0.000000 1.000000
0.000000 0.000000 1.000000
0.000000 0.000000 1.000000
0.000000 0.000000 1.000000
0.000000 -1.000000 0.000000
0.000000 -1.000000 0.000000
0.000000 -1.000000 0.000000
0.000000 -1.000000 0.000000
0.000000 -1.000000 0.000000
0.000000 -1.000000 0.000000
0.000000 1.000000 0.000000
0.000000 1.000000 0.000000
0.000000 1.000000 0.000000
0.000000 1.000000 0.000000
0.000000 1.000000 0.000000
0.000000 1.000000 0.000000
0.000000 0.000000 -1.000000
0.000000 0.000000 -1.000000
0.000000 0.000000 -1.000000
0.000000 0.000000 -1.000000
0.000000 0.000000 -1.000000
0.000000 0.000000 -1.000000
0.000000 0.000000 -1.000000
0.000000 0.000000 -1.000000
0.000000 0.000000 -1.000000
0.000000 0.000000 -1.000000
0.000000 0.000000 -1.000000
0.000000 0.000000 -1.000000
0.000000 0.000000 -1.000000
0.000000 0.000000 -1.000000
0.000000 0.000000 -1.000000
0.000000 0.000000 -1.000000
0.000000 0.000000 -1.000000
0.000000 0.000000 -1.000000
0.000000 0.000000 -1.000000
0.000000 0.000000 -1.000000
0.000000 0.000000 -1.000000
0.000000 0.000000 -1.000000
0.000000 0.000000 -1.000000
0.000000 0.000000 -1.000000
0.000000 0.000000 -1.000000
0.000000 0.000000 -1.000000
0.000000 0.000000 -1.000000
0.000000 0.000000 -1.000000
0.000000 0.000000 -1.000000
0.000000 0.000000 -1.000000
0.000000 0.000000 -1.000000
0.000000 0.000000 -1.000000
0.000000 0.000000 -1.000000
0.000000 0.000000 -1.000000
0.000000 0.000000 -1.000000
0.000000 0.000000 -1.000000
0.000000 0.000000 -1.000000
0.000000 0.000000 -1.000000
0.000000 0.000000 -1.000000
0.000000 0.000000 -1.000000
0.000000 0.000000 -1.000000
0.000000 0.000000 -1.000000
0.000000 -1.000000 0.000000
0.000000 -1.000000 0.000000
0.000000 -1.000000 0.000000
0.000000 -1.000000 0.000000
0.000000 -1.000000 0.000000
0.000000 -1.000000 0.000000
0.000000 0.000000 -1.000000
0.000000 0.000000 -1.000000
0.000000 0.000000 -1.000000
0.000000 0.000000 -1.000000
0.000000 0.000000 -1.000000
0.000000 0.000000 -1.000000
0.000000 1.000000 0.000000
0.000000 1.000000 0.000000
0.000000 1.000000 0.000000
0.000000 1.000000 0.000000
0.000000 1.000000 0.000000
0.000000 1.000000 0.000000
0.000000 -1.000000 0.000000
0.000000 -1.000000 0.000000
0.000000 -1.000000 0.000000
0.000000 -1.000000 0.000000
0.000000 -1.000000 0.000000
0.000000 -1.000000 0.000000
0.000000 1.000000 0.000000
0.000000 1.000000 0.000000
0.000000 1.000000 0.000000
0.000000 1.000000 0.000000
0.000000 1.000000 0.000000
0.000000 1.000000 0.000000
0.000000 -1.000000 0.000000
0.000000 -1.000000 0.000000
0.000000 -1.000000 0.000000
0.000000 -1.000000 0.000000
0.000000 -1.000000 0.000000
0.000000 -1.000000 0.000000
0.000000 1.000000 0.000000
0.000000 1.000000 0.000000
0.000000 1.000000 0.000000
0.000000 1.000000 0.000000
0.000000 1.000000 0.000000
0.000000 1.000000 0.000000
0.000000 -1.000000 0.000000
0.000000 -1.000000 0.000000
0.000000 -1.000000 0.000000
0.000000 -1.000000 0.000000
0.000000 -1.000000 0.000000
0.000000 -1.000000 0.000000
0.000000 1.000000 0.000000
0.000000 1.000000 0.000000
0.000000 1.000000 0.000000
0.000000 1.000000 0.000000
0.000000 1.000000 0.000000
0.000000 1.000000 0.000000
0.000000 -1.000000 0.000000
0.000000 -1.000000 0.000000
0.000000 -1.000000 0.000000
0.000000 -1.000000 0.000000
0.000000 -1.000000 0.000000
0.000000 -1.000000 0.000000
0.000000 0.000000 -1.000000
0.000000 0.000000 -1.000000
0.000000 0.000000 -1.000000
0.000000 0.000000 -1.000000
0.000000 0.000000 -1.000000
0.000000 0.000000 -1.000000
0.000000 1.000000 0.000000
0.000000 1.000000 0.000000
0.000000 1.000000 0.000000
0.000000 1.000000 0.000000
0.000000 1.000000 0.000000
0.000000 1.000000 0.000000
0.000000 -1.000000 0.000000
0.000000 -1.000000 0.000000
0.000000 -1.000000 0.000000
0.000000 -1.000000 0.000000
0.000000 -1.000000 0.000000
0.000000 -1.000000 0.000000
0.000000 0.000000 -1.000000
0.000000 0.000000 -1.000000
0.000000 0.000000 -1.000000
0.000000 0.000000 -1.000000
0.000000 0.000000 -1.000000
0.000000 0.000000 -1.000000
</float_array>
          <technique_common>
            <accessor source="#Handel1-Normal0-array" count="564" stride="3">
              <param name="X" type="float"/>
              <param name="Y" type="float"/>
              <param name="Z" type="float"/>
            </accessor>
          </technique_common>
        </source>
        <source id="Handel1-UV0">
          <float_array id="Handel1-UV0-array" count="260">
0.000000 0.000000
0.100000 0.000000
0.100000 0.100000
0.000000 0.100000
0.200000 0.000000
0.200000 0.100000
0.300000 0.000000
0.300000 0.100000
0.400000 0.000000
0.400000 0.100000
0.500000 0.000000
0.500000 0.100000
0.600000 0.000000
0.600000 0.100000
0.700000 0.000000
0.700000 0.100000
0.800000 0.000000
0.800000 0.100000
0.900000 0.000000
0.900000 0.100000
1.000000 0.000000
1.000000 0.100000
0.100000 0.200000
0.000000 0.200000
0.200000 0.200000
0.300000 0.200000
0.400000 0.200000
0.500000 0.200000
0.600000 0.200000
0.700000 0.200000
0.800000 0.200000
0.900000 0.200000
1.000000 0.200000
0.100000 0.300000
0.000000 0.300000
0.200000 0.300000
0.100000 0.400000
0.000000 0.400000
0.200000 0.400000
0.100000 0.500000
0.000000 0.500000
0.200000 0.500000
0.100000 0.600000
0.000000 0.600000
0.200000 0.600000
0.100000 0.700000
0.000000 0.700000
0.200000 0.700000
0.000000 0.000000
0.000000 0.100000
0.100000 0.100000
0.100000 0.000000
0.200000 0.100000
0.200000 0.000000
0.300000 0.100000
0.300000 0.000000
0.400000 0.100000
0.400000 0.000000
0.500000 0.100000
0.500000 0.000000
0.600000 0.100000
0.600000 0.000000
0.700000 0.100000
0.700000 0.000000
0.800000 0.100000
0.800000 0.000000
0.900000 0.100000
0.900000 0.000000
1.000000 0.100000
1.000000 0.000000
0.000000 0.200000
0.100000 0.200000
0.200000 0.200000
0.300000 0.200000
0.400000 0.200000
0.500000 0.200000
0.600000 0.200000
0.700000 0.200000
0.800000 0.200000
0.900000 0.200000
1.000000 0.200000
0.000000 0.300000
0.100000 0.300000
0.200000 0.300000
0.000000 0.400000
0.100000 0.400000
0.200000 0.400000
0.000000 0.500000
0.100000 0.500000
0.200000 0.500000
0.000000 0.600000
0.100000 0.600000
0.200000 0.600000
0.000000 0.700000
0.100000 0.700000
0.200000 0.700000
0.000000 0.000000
0.100000 0.000000
0.000000 0.100000
0.200000 0.000000
0.300000 0.000000
0.400000 0.000000
0.500000 0.000000
0.600000 0.000000
0.700000 0.000000
0.800000 0.000000
0.900000 0.000000
1.000000 0.000000
1.000000 0.100000
0.000000 0.200000
0.300000 0.200000
0.200000 0.200000
0.400000 0.200000
0.500000 0.200000
0.600000 0.200000
0.700000 0.200000
0.800000 0.200000
0.900000 0.200000
1.000000 0.200000
0.000000 0.300000
0.200000 0.300000
0.000000 0.400000
0.200000 0.400000
0.000000 0.500000
0.200000 0.500000
0.000000 0.600000
0.200000 0.600000
0.100000 0.700000
0.000000 0.700000
0.200000 0.700000
</float_array>
          <technique_common>
            <accessor source="#Handel1-UV0-array" count="130" stride="2">
              <param name="S" type="float"/>
              <param name="T" type="float"/>
            </accessor>
          </technique_common>
        </source>
        <vertices id="Handel1-VERTEX">
          <input semantic="POSITION" source="#Handel1-POSITION"/>
        </vertices>
        <triangles count="188" material="lambert2"><input semantic="VERTEX" offset="0" source="#Handel1-VERTEX"/><input semantic="NORMAL" offset="1" source="#Handel1-Normal0"/><input semantic="TEXCOORD" offset="2" set="0" source="#Handel1-UV0"/><p> 49 0 1 50 1 2 48 2 0 48 3 0 50 4 2 51 5 3 52 6 4 53 7 5 49 8 1 49 9 1 53 10 5 50 11 2 54 12 6 55 13 7 52 14 4 52 15 4 55 16 7 53 17 5 56 18 8 57 19 9 54 20 6 54 21 6 57 22 9 55 23 7 58 24 10 59 25 11 56 26 8 56 27 8 59 28 11 57 29 9 60 30 12 61 31 13 58 32 10 58 33 10 61 34 13 59 35 11 62 36 14 63 37 15 60 38 12 60 39 12 63 40 15 61 41 13 65 42 17 62 43 14 64 44 16 62 45 14 65 46 17 63 47 15 67 48 19 64 49 16 66 50 18 64 51 16 67 52 19 65 53 17 69 54 21 66 55 18 68 56 20 66 57 18 69 58 21 67 59 19 50 60 2 70 61 22 51 62 3 51 63 3 70 64 22 71 65 23 53 66 5 72 67 24 50 68 2 50 69 2 72 70 24 70 71 22 55 72 7 73 73 25 53 74 5 53 75 5 73 76 25 72 77 24 57 78 9 74 79 26 55 80 7 55 81 7 74 82 26 73 83 25 59 84 11 75 85 27 57 86 9 57 87 9 75 88 27 74 89 26 61 90 13 76 91 28 59 92 11 59 93 11 76 94 28 75 95 27 63 96 15 77 97 29 61 98 13 61 99 13 77 100 29 76 101 28 65 102 17 78 103 30 63 104 15 63 105 15 78 106 30 77 107 29 67 108 19 79 109 31 65 110 17 65 111 17 79 112 31 78 113 30 69 114 21 80 115 32 67 116 19 67 117 19 80 118 32 79 119 31 70 120 22 81 121 33 71 122 23 71 123 23 81 124 33 82 125 34 72 126 24 83 127 35 70 128 22 70 129 22 83 130 35 81 131 33 81 132 33 84 133 36 82 134 34 82 135 34 84 136 36 85 137 37 83 138 35 86 139 38 81 140 33 81 141 33 86 142 38 84 143 36 84 144 36 87 145 39 85 146 37 85 147 37 87 148 39 88 149 40 86 150 38 89 151 41 84 152 36 84 153 36 89 154 41 87 155 39 87 156 39 90 157 42 88 158 40 88 159 40 90 160 42 91 161 43 89 162 41 92 163 44 87 164 39 87 165 39 92 166 44 90 167 42 90 168 42 93 169 45 91 170 43 91 171 43 93 172 45 94 173 46 92 174 44 95 175 47 90 176 42 90 177 42 95 178 47 93 179 45 1 180 51 0 181 48 12 182 50 0 183 48 11 184 49 12 185 50 2 186 53 1 187 51 13 188 52 1 189 51 12 190 50 13 191 52 3 192 55 2 193 53 14 194 54 2 195 53 13 196 52 14 197 54 4 198 57 3 199 55 15 200 56 3 201 55 14 202 54 15 203 56 5 204 59 4 205 57 16 206 58 4 207 57 15 208 56 16 209 58 6 210 61 5 211 59 17 212 60 5 213 59 16 214 58 17 215 60 7 216 63 6 217 61 18 218 62 6 219 61 17 220 60 18 221 62 8 222 65 7 223 63 19 224 64 7 225 63 18 226 62 19 227 64 9 228 67 8 229 65 20 230 66 8 231 65 19 232 64 20 233 66 10 234 69 9 235 67 21 236 68 9 237 67 20 238 66 21 239 68 12 240 50 11 241 49 23 242 71 11 243 49 22 244 70 23 245 71 13 246 52 12 247 50 24 248 72 12 249 50 23 250 71 24 251 72 14 252 54 13 253 52 25 254 73 13 255 52 24 256 72 25 257 73 15 258 56 14 259 54 26 260 74 14 261 54 25 262 73 26 263 74 16 264 58 15 265 56 27 266 75 15 267 56 26 268 74 27 269 75 17 270 60 16 271 58 28 272 76 16 273 58 27 274 75 28 275 76 18 276 62 17 277 60 29 278 77 17 279 60 28 280 76 29 281 77 19 282 64 18 283 62 30 284 78 18 285 62 29 286 77 30 287 78 20 288 66 19 289 64 31 290 79 19 291 64 30 292 78 31 293 79 21 294 68 20 295 66 32 296 80 20 297 66 31 298 79 32 299 80 23 300 71 22 301 70 34 302 82 22 303 70 33 304 81 34 305 82 24 306 72 23 307 71 35 308 83 23 309 71 34 310 82 35 311 83 34 312 82 33 313 81 37 314 85 33 315 81 36 316 84 37 317 85 35 318 83 34 319 82 38 320 86 34 321 82 37 322 85 38 323 86 37 324 85 36 325 84 40 326 88 36 327 84 39 328 87 40 329 88 38 330 86 37 331 85 41 332 89 37 333 85 40 334 88 41 335 89 40 336 88 39 337 87 43 338 91 39 339 87 42 340 90 43 341 91 41 342 89 40 343 88 44 344 92 40 345 88 43 346 91 44 347 92 43 348 91 42 349 90 46 350 94 42 351 90 45 352 93 46 353 94 44 354 92 43 355 91 47 356 95 43 357 91 46 358 94 47 359 95 49 360 1 48 361 0 0 362 96 0 363 96 1 364 97 49 365 1 48 366 0 11 367 98 0 368 96 11 369 98 48 370 0 51 371 3 52 372 4 49 373 1 1 374 97 1 375 97 2 376 99 52 377 4 54 378 6 52 379 4 2 380 99 2 381 99 3 382 100 54 383 6 56 384 8 54 385 6 3 386 100 3 387 100 4 388 101 56 389 8 58 390 10 56 391 8 4 392 101 4 393 101 5 394 102 58 395 10 60 396 12 58 397 10 5 398 102 5 399 102 6 400 103 60 401 12 62 402 14 60 403 12 6 404 103 6 405 103 7 406 104 62 407 14 64 408 16 62 409 14 7 410 104 7 411 104 8 412 105 64 413 16 66 414 18 64 415 16 8 416 105 8 417 105 9 418 106 66 419 18 68 420 20 66 421 18 9 422 106 9 423 106 10 424 107 68 425 20 69 426 21 68 427 20 10 428 107 10 429 107 21 430 108 69 431 21 51 432 3 22 433 109 11 434 98 22 435 109 51 436 3 71 437 23 72 438 24 73 439 25 25 440 110 25 441 110 24 442 111 72 443 24 73 444 25 74 445 26 26 446 112 26 447 112 25 448 110 73 449 25 74 450 26 75 451 27 27 452 113 27 453 113 26 454 112 74 455 26 75 456 27 76 457 28 28 458 114 28 459 114 27 460 113 75 461 27 76 462 28 77 463 29 29 464 115 29 465 115 28 466 114 76 467 28 77 468 29 78 469 30 30 470 116 30 471 116 29 472 115 77 473 29 78 474 30 79 475 31 31 476 117 31 477 117 30 478 116 78 479 30 80 480 32 69 481 21 21 482 108 21 483 108 32 484 118 80 485 32 79 486 31 80 487 32 32 488 118 32 489 118 31 490 117 79 491 31 71 492 23 33 493 119 22 494 109 33 495 119 71 496 23 82 497 34 83 498 35 72 499 24 24 500 111 24 501 111 35 502 120 83 503 35 82 504 34 36 505 121 33 506 119 36 507 121 82 508 34 85 509 37 86 510 38 83 511 35 35 512 120 35 513 120 38 514 122 86 515 38 85 516 37 39 517 123 36 518 121 39 519 123 85 520 37 88 521 40 89 522 41 86 523 38 38 524 122 38 525 122 41 526 124 89 527 41 88 528 40 42 529 125 39 530 123 42 531 125 88 532 40 91 533 43 92 534 44 89 535 41 41 536 124 41 537 124 44 538 126 92 539 44 94 540 46 93 541 45 46 542 127 46 543 127 45 544 128 94 545 46 91 546 43 45 547 128 42 548 125 45 549 128 91 550 43 94 551 46 95 552 47 92 553 44 44 554 126 44 555 126 47 556 129 95 557 47 93 558 45 95 559 47 47 560 129 47 561 129 46 562 127 93 563 45</p></triangles>
      </mesh>
    </geometry>
  </library_geometries>
  <library_visual_scenes>
    <visual_scene id="Mailbox Dae " name="Mailbox Dae ">
      <node name="Mailbox" id="Mailbox" sid="Mailbox"><matrix sid="matrix">1.250000 0.000000 0.000000 0.036154 0.000000 1.250000 0.000000 0.898255 0.000000 0.000000 1.250000 -0.876978 0.000000 0.000000 0.000000 1.000000</matrix><extra><technique profile="FCOLLADA"><visibility>1.000000</visibility></technique></extra><node name="Box" id="Box" sid="Box"><matrix sid="matrix">1.000000 0.000000 0.000000 0.000000 0.000000 1.000000 0.000000 108.867737 0.000000 0.000000 1.000000 15.092038 0.000000 0.000000 0.000000 1.000000</matrix><instance_geometry url="#Box-lib"><bind_material><technique_common><instance_material symbol="lambert1" target="#lambert1"/></technique_common></bind_material></instance_geometry><extra><technique profile="FCOLLADA"><visibility>1.000000</visibility></technique></extra></node><node name="Stand" id="Stand" sid="Stand"><matrix sid="matrix">1.000000 0.000000 0.000000 0.000000 0.000000 1.000000 0.000000 108.867737 0.000000 0.000000 1.000000 15.092038 0.000000 0.000000 0.000000 1.000000</matrix><instance_geometry url="#Stand-lib"><bind_material><technique_common><instance_material symbol="lambert2" target="#lambert2"/></technique_common></bind_material></instance_geometry><extra><technique profile="FCOLLADA"><visibility>1.000000</visibility></technique></extra></node><node name="Handel" id="Handel" sid="Handel"><matrix sid="matrix">1.000000 0.000000 0.000000 0.000000 0.000000 1.000000 0.000000 108.867737 0.000000 0.000000 1.000000 15.092038 0.000000 0.000000 0.000000 1.000000</matrix><instance_geometry url="#Handel-lib"><bind_material><technique_common><instance_material symbol="lambert1" target="#lambert1"/></technique_common></bind_material></instance_geometry><extra><technique profile="FCOLLADA"><visibility>1.000000</visibility></technique></extra></node><node name="lid" id="lid" sid="lid"><matrix sid="matrix">1.000000 0.000000 0.000000 0.000000 0.000000 1.000000 0.000000 108.867737 0.000000 0.000000 1.000000 15.092038 0.000000 0.000000 0.000000 1.000000</matrix><instance_geometry url="#lid-lib"><bind_material><technique_common><instance_material symbol="lambert1" target="#lambert1"/></technique_common></bind_material></instance_geometry><extra><technique profile="FCOLLADA"><visibility>1.000000</visibility></technique></extra></node><node name="Handel1" id="Handel1" sid="Handel1"><matrix sid="matrix">1.000000 0.000000 0.000000 0.000000 0.000000 1.000000 0.000000 108.867737 0.000000 0.000000 1.000000 15.092038 0.000000 0.000000 0.000000 1.000000</matrix><instance_geometry url="#Handel1-lib"><bind_material><technique_common><instance_material symbol="lambert2" target="#lambert2"/></technique_common></bind_material></instance_geometry><extra><technique profile="FCOLLADA"><visibility>1.000000</visibility></technique></extra></node><node name="transform14" id="transform14" sid="transform14"><matrix sid="matrix">1.000000 0.000000 0.000000 0.000000 0.000000 1.000000 0.000000 0.000000 0.000000 0.000000 1.000000 0.000000 0.000000 0.000000 0.000000 1.000000</matrix><extra><technique profile="FCOLLADA"><visibility>0.000000</visibility></technique></extra></node></node>
      <extra><technique profile="MAX3D"><frame_rate>24.000000</frame_rate></technique><technique profile="FCOLLADA"><start_time>0.041667</start_time><end_time>8.333333</end_time></technique></extra>
    </visual_scene>
  </library_visual_scenes>
  <scene>
    <instance_visual_scene url="#Mailbox Dae "></instance_visual_scene>
  </scene>
</COLLADA>
