# This file uses centimeters as units for non-parametric coordinates.

mtllib Mailbox obj.mtl
g default
v -38.642826 229.562527 50.729808
v -36.017609 240.497347 50.729808
v -30.310054 250.186831 50.729808
v -22.018960 257.784258 50.729808
v -11.868887 262.625567 50.729808
v -0.746857 264.287764 50.729808
v 10.375179 262.625567 50.729808
v 20.525248 257.784258 50.729808
v 28.816344 250.186831 50.729808
v 34.523895 240.497347 50.729808
v 37.149117 229.562527 50.729808
v -38.642826 229.562527 -49.642230
v -36.017609 240.497347 -49.642230
v -30.310054 250.186831 -49.642230
v -22.018960 257.784258 -49.642230
v -11.868887 262.625567 -49.642230
v -0.746857 264.287764 -49.642230
v 10.375179 262.625567 -49.642230
v 20.525248 257.784258 -49.642230
v 28.816344 250.186831 -49.642230
v 34.523895 240.497347 -49.642230
v 37.149117 229.562527 -49.642230
v -38.642826 220.590922 50.729808
v 37.149117 220.590922 50.729808
v -38.642826 220.590922 -49.642230
v 37.149117 220.590922 -49.642230
v -38.642826 211.678463 50.729808
v 37.149117 211.678463 50.729808
v -38.642826 211.678463 -49.642230
v 37.149117 211.678463 -49.642230
v -38.642826 201.886946 50.729808
v 37.149117 201.886946 50.729808
v -38.642826 201.886946 -49.642230
v 37.149117 201.886946 -49.642230
v -34.127255 201.886946 50.729808
v 32.633545 201.886946 50.729808
v -34.127255 201.886946 -49.642230
v 32.633545 201.886946 -49.642230
v -38.642826 229.562527 32.662655
v -38.642826 229.562527 28.648161
v -36.017609 240.497347 32.662655
v -36.017609 240.497347 28.648161
v -30.310054 250.186831 32.662655
v -30.310054 250.186831 28.648161
v -22.018960 257.784258 32.662655
v -22.018960 257.784258 28.648161
v -11.868887 262.625567 32.662655
v -11.868887 262.625567 28.648161
v -0.746857 264.287764 32.662655
v -0.746857 264.287764 28.648161
v 10.375179 262.625567 32.662655
v 10.375179 262.625567 28.648161
v 20.525248 257.784258 32.662655
v 20.525248 257.784258 28.648161
v 28.816344 250.186831 32.662655
v 28.816344 250.186831 28.648161
v 34.523895 240.497347 32.662655
v 34.523895 240.497347 28.648161
v 37.149117 229.562527 28.648161
v 37.149117 229.562527 32.662655
v -38.642826 229.562527 -27.560593
v -38.642826 229.562527 -31.575085
v -36.017609 240.497347 -27.560593
v -36.017609 240.497347 -31.575085
v -30.310054 250.186831 -27.560593
v -30.310054 250.186831 -31.575085
v -22.018960 257.784258 -27.560593
v -22.018960 257.784258 -31.575085
v -11.868887 262.625567 -27.560593
v -11.868887 262.625567 -31.575085
v -0.746857 264.287764 -27.560593
v -0.746857 264.287764 -31.575085
v 10.375179 262.625567 -27.560593
v 10.375179 262.625567 -31.575085
v 20.525248 257.784258 -27.560593
v 20.525248 257.784258 -31.575085
v 28.816344 250.186831 -27.560593
v 28.816344 250.186831 -31.575085
v 34.523895 240.497347 -27.560593
v 34.523895 240.497347 -31.575085
v 37.149117 229.562527 -31.575085
v 37.149117 229.562527 -27.560593
v -38.642826 220.590922 32.662655
v -38.642826 220.590922 28.648161
v 37.149117 220.590922 28.648161
v 37.149117 220.590922 32.662655
v -38.642826 220.590922 -27.560593
v -38.642826 220.590922 -31.575085
v 37.149117 220.590922 -31.575085
v 37.149117 220.590922 -27.560593
v -38.642826 211.678463 32.662655
v -38.642826 211.678463 28.648161
v 37.149117 211.678463 28.648161
v 37.149117 211.678463 32.662655
v -38.642826 211.678463 -27.560593
v -38.642826 211.678463 -31.575085
v 37.149117 211.678463 -31.575085
v 37.149117 211.678463 -27.560593
v -38.642826 201.886946 32.662655
v -38.642826 201.886946 28.648161
v 37.149117 201.886946 28.648161
v 37.149117 201.886946 32.662655
v -38.642826 201.886946 -27.560593
v -38.642826 201.886946 -31.575085
v 37.149117 201.886946 -31.575085
v 37.149117 201.886946 -27.560593
v -34.127255 201.886946 32.662655
v -34.127255 201.886946 28.648161
v 32.633545 201.886946 28.648161
v 32.633545 201.886946 32.662655
v -34.127255 201.886946 -27.560593
v -34.127255 201.886946 -31.575085
v 32.633545 201.886946 -31.575085
v 32.633545 201.886946 -27.560593
v -40.288105 229.382120 32.662655
v -40.288105 229.382120 28.648161
v -40.288105 219.951369 28.648161
v -40.288105 219.951369 32.662655
v -37.548912 240.876585 32.662655
v -37.548912 240.876585 28.648161
v -31.593559 251.061980 32.662655
v -31.593559 251.061980 28.648161
v -22.942500 259.048220 32.662655
v -22.942500 259.048220 28.648161
v -12.351760 264.137312 32.662655
v -12.351760 264.137312 28.648161
v -0.746857 265.884577 32.662655
v -0.746857 265.884577 28.648161
v 10.858049 264.137312 32.662655
v 10.858049 264.137312 28.648161
v 21.448791 259.048220 32.662655
v 21.448791 259.048220 28.648161
v 30.099849 251.061980 32.662655
v 30.099849 251.061980 28.648161
v 36.055200 240.876585 32.662655
v 36.055200 240.876585 28.648161
v 38.794396 229.382120 32.662655
v 38.794396 229.382120 28.648161
v 38.794396 219.951369 32.662655
v 38.794396 219.951369 28.648161
v -40.288105 210.582792 28.648161
v -40.288105 210.582792 32.662655
v 38.794396 210.582792 32.662655
v 38.794396 210.582792 28.648161
v -40.288105 200.290138 28.648161
v -40.288105 200.290138 32.662655
v 38.794396 200.290138 32.662655
v 38.794396 200.290138 28.648161
v -35.576489 200.290138 28.648161
v -35.576489 200.290138 32.662655
v 34.082780 200.290138 32.662655
v 34.082780 200.290138 28.648161
v -40.288105 229.382120 -27.560593
v -40.288105 229.382120 -31.575085
v -40.288105 219.951369 -31.575085
v -40.288105 219.951369 -27.560593
v -37.548912 240.876585 -27.560593
v -37.548912 240.876585 -31.575085
v -31.593559 251.061980 -27.560593
v -31.593559 251.061980 -31.575085
v -22.942500 259.048220 -27.560593
v -22.942500 259.048220 -31.575085
v -12.351760 264.137312 -27.560593
v -12.351760 264.137312 -31.575085
v -0.746857 265.884577 -27.560593
v -0.746857 265.884577 -31.575085
v 10.858049 264.137312 -27.560593
v 10.858049 264.137312 -31.575085
v 21.448791 259.048220 -27.560593
v 21.448791 259.048220 -31.575085
v 30.099849 251.061980 -27.560593
v 30.099849 251.061980 -31.575085
v 36.055200 240.876585 -27.560593
v 36.055200 240.876585 -31.575085
v 38.794396 229.382120 -27.560593
v 38.794396 229.382120 -31.575085
v 38.794396 219.951369 -27.560593
v 38.794396 219.951369 -31.575085
v -40.288105 210.582792 -31.575085
v -40.288105 210.582792 -27.560593
v 38.794396 210.582792 -27.560593
v 38.794396 210.582792 -31.575085
v -40.288105 200.290138 -31.575085
v -40.288105 200.290138 -27.560593
v 38.794396 200.290138 -27.560593
v 38.794396 200.290138 -31.575085
v -35.576489 200.290138 -31.575085
v -35.576489 200.290138 -27.560593
v 34.082780 200.290138 -27.560593
v 34.082780 200.290138 -31.575085
v -38.642826 229.562527 50.729808
v -36.017609 240.497347 50.729808
v -36.017609 240.497347 40.692610
v -38.642826 229.562527 40.692610
v -30.310054 250.186831 50.729808
v -30.310054 250.186831 40.692610
v -22.018960 257.784258 50.729808
v -22.018960 257.784258 40.692610
v -11.868887 262.625567 50.729808
v -11.868887 262.625567 40.692610
v -0.746857 264.287764 50.729808
v -0.746857 264.287764 40.692610
v 10.375179 262.625567 50.729808
v 10.375179 262.625567 40.692610
v 20.525248 257.784258 50.729808
v 20.525248 257.784258 40.692610
v 28.816344 250.186831 50.729808
v 28.816344 250.186831 40.692610
v 34.523895 240.497347 50.729808
v 34.523895 240.497347 40.692610
v 37.149117 229.562527 50.729808
v 37.149117 229.562527 40.692610
v -38.642826 220.590922 40.692610
v -38.642826 220.590922 50.729808
v 37.149117 220.590922 50.729808
v 37.149117 220.590922 40.692610
v -38.642826 211.678463 40.692610
v -38.642826 211.678463 50.729808
v 37.149117 211.678463 50.729808
v 37.149117 211.678463 40.692610
v -38.642826 201.886946 40.692610
v -38.642826 201.886946 50.729808
v 37.149117 201.886946 50.729808
v 37.149117 201.886946 40.692610
v -34.127255 201.886946 40.692610
v -34.127255 201.886946 50.729808
v 32.633545 201.886946 50.729808
v 32.633545 201.886946 40.692610
v -36.017609 240.497347 32.662655
v -38.642826 229.562527 32.662655
v -30.310054 250.186831 32.662655
v -22.018960 257.784258 32.662655
v -11.868887 262.625567 32.662655
v -0.746857 264.287764 32.662655
v 10.375179 262.625567 32.662655
v 20.525248 257.784258 32.662655
v 28.816344 250.186831 32.662655
v 34.523895 240.497347 32.662655
v 37.149117 229.562527 32.662655
v -38.642826 220.590922 32.662655
v 37.149117 220.590922 32.662655
v -38.642826 211.678463 32.662655
v 37.149117 211.678463 32.662655
v -38.642826 201.886946 32.662655
v 37.149117 201.886946 32.662655
v -34.127255 201.886946 32.662655
v 32.633545 201.886946 32.662655
v -38.642826 229.562527 20.618197
v -36.017609 240.497347 20.618197
v -36.017609 240.497347 10.580990
v -38.642826 229.562527 10.580990
v -30.310054 250.186831 20.618197
v -30.310054 250.186831 10.580990
v -22.018960 257.784258 20.618197
v -22.018960 257.784258 10.580990
v -11.868887 262.625567 20.618197
v -11.868887 262.625567 10.580990
v -0.746857 264.287764 20.618197
v -0.746857 264.287764 10.580990
v 10.375179 262.625567 20.618197
v 10.375179 262.625567 10.580990
v 20.525248 257.784258 20.618197
v 20.525248 257.784258 10.580990
v 28.816344 250.186831 20.618197
v 28.816344 250.186831 10.580990
v 34.523895 240.497347 20.618197
v 34.523895 240.497347 10.580990
v 37.149117 229.562527 20.618197
v 37.149117 229.562527 10.580990
v -36.017609 240.497347 0.543783
v -38.642826 229.562527 0.543783
v -30.310054 250.186831 0.543783
v -22.018960 257.784258 0.543783
v -11.868887 262.625567 0.543783
v -0.746857 264.287764 0.543783
v 10.375179 262.625567 0.543783
v 20.525248 257.784258 0.543783
v 28.816344 250.186831 0.543783
v 34.523895 240.497347 0.543783
v 37.149117 229.562527 0.543783
v -36.017609 240.497347 -9.493426
v -38.642826 229.562527 -9.493426
v -30.310054 250.186831 -9.493426
v -22.018960 257.784258 -9.493426
v -11.868887 262.625567 -9.493426
v -0.746857 264.287764 -9.493426
v 10.375179 262.625567 -9.493426
v 20.525248 257.784258 -9.493426
v 28.816344 250.186831 -9.493426
v 34.523895 240.497347 -9.493426
v 37.149117 229.562527 -9.493426
v -36.017609 240.497347 -19.530629
v -38.642826 229.562527 -19.530629
v -30.310054 250.186831 -19.530629
v -22.018960 257.784258 -19.530629
v -11.868887 262.625567 -19.530629
v -0.746857 264.287764 -19.530629
v 10.375179 262.625567 -19.530629
v 20.525248 257.784258 -19.530629
v 28.816344 250.186831 -19.530629
v 34.523895 240.497347 -19.530629
v 37.149117 229.562527 -19.530629
v -38.642826 220.590922 10.580990
v -38.642826 220.590922 20.618197
v 37.149117 220.590922 20.618197
v 37.149117 220.590922 10.580990
v -38.642826 220.590922 0.543783
v 37.149117 220.590922 0.543783
v -38.642826 220.590922 -9.493426
v 37.149117 220.590922 -9.493426
v -38.642826 220.590922 -19.530629
v 37.149117 220.590922 -19.530629
v -38.642826 211.678463 10.580990
v -38.642826 211.678463 20.618197
v 37.149117 211.678463 20.618197
v 37.149117 211.678463 10.580990
v -38.642826 211.678463 0.543783
v 37.149117 211.678463 0.543783
v -38.642826 211.678463 -9.493426
v 37.149117 211.678463 -9.493426
v -38.642826 211.678463 -19.530629
v 37.149117 211.678463 -19.530629
v -38.642826 201.886946 10.580990
v -38.642826 201.886946 20.618197
v 37.149117 201.886946 20.618197
v 37.149117 201.886946 10.580990
v -38.642826 201.886946 0.543783
v 37.149117 201.886946 0.543783
v -38.642826 201.886946 -9.493426
v 37.149117 201.886946 -9.493426
v -38.642826 201.886946 -19.530629
v 37.149117 201.886946 -19.530629
v -34.127255 201.886946 10.580990
v -34.127255 201.886946 20.618197
v 32.633545 201.886946 20.618197
v 32.633545 201.886946 10.580990
v -34.127255 201.886946 0.543783
v 32.633545 201.886946 0.543783
v -34.127255 201.886946 -9.493426
v 32.633545 201.886946 -9.493426
v -34.127255 201.886946 -19.530629
v 32.633545 201.886946 -19.530629
v -36.017609 240.497347 28.648161
v -38.642826 229.562527 28.648161
v -30.310054 250.186831 28.648161
v -22.018960 257.784258 28.648161
v -11.868887 262.625567 28.648161
v -0.746857 264.287764 28.648161
v 10.375179 262.625567 28.648161
v 20.525248 257.784258 28.648161
v 28.816344 250.186831 28.648161
v 34.523895 240.497347 28.648161
v 37.149117 229.562527 28.648161
v -36.017609 240.497347 -27.560593
v -38.642826 229.562527 -27.560593
v -30.310054 250.186831 -27.560593
v -22.018960 257.784258 -27.560593
v -11.868887 262.625567 -27.560593
v -0.746857 264.287764 -27.560593
v 10.375179 262.625567 -27.560593
v 20.525248 257.784258 -27.560593
v 28.816344 250.186831 -27.560593
v 34.523895 240.497347 -27.560593
v 37.149117 229.562527 -27.560593
v -38.642826 220.590922 28.648161
v 37.149117 220.590922 28.648161
v -38.642826 220.590922 -27.560593
v 37.149117 220.590922 -27.560593
v -38.642826 211.678463 28.648161
v 37.149117 211.678463 28.648161
v -38.642826 211.678463 -27.560593
v 37.149117 211.678463 -27.560593
v -38.642826 201.886946 28.648161
v 37.149117 201.886946 28.648161
v -38.642826 201.886946 -27.560593
v 37.149117 201.886946 -27.560593
v -34.127255 201.886946 28.648161
v 32.633545 201.886946 28.648161
v -34.127255 201.886946 -27.560593
v 32.633545 201.886946 -27.560593
v -38.642826 229.562527 -39.605042
v -36.017609 240.497347 -39.605042
v -36.017609 240.497347 -49.642230
v -38.642826 229.562527 -49.642230
v -30.310054 250.186831 -39.605042
v -30.310054 250.186831 -49.642230
v -22.018960 257.784258 -39.605042
v -22.018960 257.784258 -49.642230
v -11.868887 262.625567 -39.605042
v -11.868887 262.625567 -49.642230
v -0.746857 264.287764 -39.605042
v -0.746857 264.287764 -49.642230
v 10.375179 262.625567 -39.605042
v 10.375179 262.625567 -49.642230
v 20.525248 257.784258 -39.605042
v 20.525248 257.784258 -49.642230
v 28.816344 250.186831 -39.605042
v 28.816344 250.186831 -49.642230
v 34.523895 240.497347 -39.605042
v 34.523895 240.497347 -49.642230
v 37.149117 229.562527 -39.605042
v 37.149117 229.562527 -49.642230
v -38.642826 220.590922 -49.642230
v -38.642826 220.590922 -39.605042
v 37.149117 220.590922 -39.605042
v 37.149117 220.590922 -49.642230
v -38.642826 211.678463 -49.642230
v -38.642826 211.678463 -39.605042
v 37.149117 211.678463 -39.605042
v 37.149117 211.678463 -49.642230
v -38.642826 201.886946 -49.642230
v -38.642826 201.886946 -39.605042
v 37.149117 201.886946 -39.605042
v 37.149117 201.886946 -49.642230
v -34.127255 201.886946 -49.642230
v -34.127255 201.886946 -39.605042
v 32.633545 201.886946 -39.605042
v 32.633545 201.886946 -49.642230
v -36.017609 240.497347 -31.575085
v -38.642826 229.562527 -31.575085
v -30.310054 250.186831 -31.575085
v -22.018960 257.784258 -31.575085
v -11.868887 262.625567 -31.575085
v -0.746857 264.287764 -31.575085
v 10.375179 262.625567 -31.575085
v 20.525248 257.784258 -31.575085
v 28.816344 250.186831 -31.575085
v 34.523895 240.497347 -31.575085
v 37.149117 229.562527 -31.575085
v -38.642826 220.590922 -31.575085
v 37.149117 220.590922 -31.575085
v -38.642826 211.678463 -31.575085
v 37.149117 211.678463 -31.575085
v -38.642826 201.886946 -31.575085
v 37.149117 201.886946 -31.575085
v -34.127255 201.886946 -31.575085
v 32.633545 201.886946 -31.575085
v -39.672067 229.684349 50.729808
v -36.978567 240.885598 50.729808
v -36.978567 240.885598 40.692610
v -39.672067 229.684349 40.692610
v -31.115506 250.839077 50.729808
v -31.115506 250.839077 40.692610
v -22.598522 258.643500 50.729808
v -22.598522 258.643500 40.692610
v -12.171906 263.616692 50.729808
v -12.171906 263.616692 40.692610
v -0.746857 265.324170 50.729808
v -0.746857 265.324170 40.692610
v 10.678199 263.616692 50.729808
v 10.678199 263.616692 40.692610
v 21.104808 258.643500 50.729808
v 21.104808 258.643500 40.692610
v 29.621799 250.839077 50.729808
v 29.621799 250.839077 40.692610
v 35.484853 240.885598 50.729808
v 35.484853 240.885598 40.692610
v 38.178355 229.684349 50.729808
v 38.178355 229.684349 40.692610
v -39.672067 229.684349 20.618197
v -36.978567 240.885598 20.618197
v -36.978567 240.885598 10.580990
v -39.672067 229.684349 10.580990
v -31.115506 250.839077 20.618197
v -31.115506 250.839077 10.580990
v -22.598522 258.643500 20.618197
v -22.598522 258.643500 10.580990
v -12.171906 263.616692 20.618197
v -12.171906 263.616692 10.580990
v -0.746857 265.324170 20.618197
v -0.746857 265.324170 10.580990
v 10.678199 263.616692 20.618197
v 10.678199 263.616692 10.580990
v 21.104808 258.643500 20.618197
v 21.104808 258.643500 10.580990
v 29.621799 250.839077 20.618197
v 29.621799 250.839077 10.580990
v 35.484853 240.885598 20.618197
v 35.484853 240.885598 10.580990
v 38.178355 229.684349 20.618197
v 38.178355 229.684349 10.580990
v -36.978567 240.885598 0.543783
v -39.672067 229.684349 0.543783
v -31.115506 250.839077 0.543783
v -22.598522 258.643500 0.543783
v -12.171906 263.616692 0.543783
v -0.746857 265.324170 0.543783
v 10.678199 263.616692 0.543783
v 21.104808 258.643500 0.543783
v 29.621799 250.839077 0.543783
v 35.484853 240.885598 0.543783
v 38.178355 229.684349 0.543783
v -36.978567 240.885598 -9.493426
v -39.672067 229.684349 -9.493426
v -31.115506 250.839077 -9.493426
v -22.598522 258.643500 -9.493426
v -12.171906 263.616692 -9.493426
v -0.746857 265.324170 -9.493426
v 10.678199 263.616692 -9.493426
v 21.104808 258.643500 -9.493426
v 29.621799 250.839077 -9.493426
v 35.484853 240.885598 -9.493426
v 38.178355 229.684349 -9.493426
v -36.978567 240.885598 -19.530629
v -39.672067 229.684349 -19.530629
v -31.115506 250.839077 -19.530629
v -22.598522 258.643500 -19.530629
v -12.171906 263.616692 -19.530629
v -0.746857 265.324170 -19.530629
v 10.678199 263.616692 -19.530629
v 21.104808 258.643500 -19.530629
v 29.621799 250.839077 -19.530629
v 35.484853 240.885598 -19.530629
v 38.178355 229.684349 -19.530629
v -39.672067 229.684349 -39.605042
v -36.978567 240.885598 -39.605042
v -36.978567 240.885598 -49.642230
v -39.672067 229.684349 -49.642230
v -31.115506 250.839077 -39.605042
v -31.115506 250.839077 -49.642230
v -22.598522 258.643500 -39.605042
v -22.598522 258.643500 -49.642230
v -12.171906 263.616692 -39.605042
v -12.171906 263.616692 -49.642230
v -0.746857 265.324170 -39.605042
v -0.746857 265.324170 -49.642230
v 10.678199 263.616692 -39.605042
v 10.678199 263.616692 -49.642230
v 21.104808 258.643500 -39.605042
v 21.104808 258.643500 -49.642230
v 29.621799 250.839077 -39.605042
v 29.621799 250.839077 -49.642230
v 35.484853 240.885598 -39.605042
v 35.484853 240.885598 -49.642230
v 38.178355 229.684349 -39.605042
v 38.178355 229.684349 -49.642230
v -39.679253 220.590922 40.692610
v -39.679253 220.590922 50.729808
v 38.185539 220.590922 50.729808
v 38.185539 220.590922 40.692610
v -39.679253 220.590922 10.580990
v -39.679253 220.590922 20.618197
v 38.185539 220.590922 20.618197
v 38.185539 220.590922 10.580990
v -39.679253 220.590922 0.543783
v 38.185539 220.590922 0.543783
v -39.679253 220.590922 -9.493426
v 38.185539 220.590922 -9.493426
v -39.679253 220.590922 -19.530629
v 38.185539 220.590922 -19.530629
v -39.679253 220.590922 -49.642230
v -39.679253 220.590922 -39.605042
v 38.185539 220.590922 -39.605042
v 38.185539 220.590922 -49.642230
v -39.679253 211.678463 40.692610
v -39.679253 211.678463 50.729808
v 38.185539 211.678463 50.729808
v 38.185539 211.678463 40.692610
v -39.679253 211.678463 10.580990
v -39.679253 211.678463 20.618197
v 38.185539 211.678463 20.618197
v 38.185539 211.678463 10.580990
v -39.679253 211.678463 0.543783
v 38.185539 211.678463 0.543783
v -39.679253 211.678463 -9.493426
v 38.185539 211.678463 -9.493426
v -39.679253 211.678463 -19.530629
v 38.185539 211.678463 -19.530629
v -39.679253 211.678463 -49.642230
v -39.679253 211.678463 -39.605042
v 38.185539 211.678463 -39.605042
v 38.185539 211.678463 -49.642230
v -39.375692 201.154081 40.692610
v -39.375692 201.154081 50.729808
v 37.881977 201.154081 50.729808
v 37.881977 201.154081 40.692610
v -39.375692 201.154081 10.580990
v -39.375692 201.154081 20.618197
v 37.881977 201.154081 20.618197
v 37.881977 201.154081 10.580990
v -39.375692 201.154081 0.543783
v 37.881977 201.154081 0.543783
v -39.375692 201.154081 -9.493426
v 37.881977 201.154081 -9.493426
v -39.375692 201.154081 -19.530629
v 37.881977 201.154081 -19.530629
v -39.375692 201.154081 -49.642230
v -39.375692 201.154081 -39.605042
v 37.881977 201.154081 -39.605042
v 37.881977 201.154081 -49.642230
v -34.127255 200.850531 40.692610
v -34.127255 200.850531 50.729808
v 32.633545 200.850531 50.729808
v 32.633545 200.850531 40.692610
v -34.127255 200.850531 10.580990
v -34.127255 200.850531 20.618197
v 32.633545 200.850531 20.618197
v 32.633545 200.850531 10.580990
v -34.127255 200.850531 0.543783
v 32.633545 200.850531 0.543783
v -34.127255 200.850531 -9.493426
v 32.633545 200.850531 -9.493426
v -34.127255 200.850531 -19.530629
v 32.633545 200.850531 -19.530629
v -34.127255 200.850531 -49.642230
v -34.127255 200.850531 -39.605042
v 32.633545 200.850531 -39.605042
v 32.633545 200.850531 -49.642230
v -41.041155 229.470612 33.369244
v -41.041155 229.470612 27.941572
v -41.020975 219.951369 27.915298
v -41.020975 219.951369 33.395516
v -38.258217 241.161133 33.362719
v -38.258217 241.161133 27.948097
v -32.189243 251.540943 33.362602
v -32.189243 251.540943 27.948215
v -23.372078 259.680601 33.362471
v -23.372078 259.680601 27.948350
v -12.576752 264.868027 33.362364
v -12.576752 264.868027 27.948450
v -0.746857 266.649186 33.362326
v -0.746857 266.649186 27.948493
v 11.083042 264.868027 33.362364
v 11.083042 264.868027 27.948450
v 21.878366 259.680601 33.362471
v 21.878366 259.680601 27.948350
v 30.695533 251.540943 33.362602
v 30.695533 251.540943 27.948215
v 36.764507 241.161133 33.362719
v 36.764507 241.161133 27.948097
v 39.547436 229.470612 33.369244
v 39.547443 229.470612 27.941572
v 39.527256 219.951369 33.395516
v 39.527256 219.951369 27.915298
v -41.041155 229.470612 -26.853996
v -41.041155 229.470612 -32.281672
v -41.020975 219.951369 -32.307945
v -41.020975 219.951369 -26.827737
v -38.258217 241.161133 -26.860529
v -38.258217 241.161133 -32.275149
v -32.189243 251.540943 -26.860644
v -32.189243 251.540943 -32.275034
v -23.372078 259.680601 -26.860782
v -23.372078 259.680601 -32.274896
v -12.576752 264.868027 -26.860882
v -12.576752 264.868027 -32.274796
v -0.746857 266.649186 -26.860925
v -0.746857 266.649186 -32.274753
v 11.083042 264.868027 -26.860882
v 11.083042 264.868027 -32.274796
v 21.878366 259.680601 -26.860782
v 21.878366 259.680601 -32.274896
v 30.695533 251.540943 -26.860644
v 30.695533 251.540943 -32.275034
v 36.764507 241.161133 -26.860529
v 36.764505 241.161133 -32.275149
v 39.547436 229.470612 -26.853996
v 39.547436 229.470612 -32.281672
v 39.527256 219.951369 -26.827737
v 39.527256 219.951369 -32.307945
v -41.020975 210.582792 27.915298
v -41.020975 210.582792 33.395516
v 39.527256 210.582792 33.395516
v 39.527256 210.582792 27.915298
v -41.020975 210.582792 -32.307945
v -41.020975 210.582792 -26.827737
v 39.527256 210.582792 -26.827737
v 39.527256 210.582792 -32.307945
v -40.886493 199.691759 28.049780
v -40.886493 199.691759 33.261036
v 39.392774 199.691759 33.261036
v 39.392774 199.691759 28.049780
v -40.886493 199.691759 -32.173463
v -40.886493 199.691759 -26.962215
v 39.392774 199.691759 -26.962215
v 39.392774 199.691759 -32.173463
v -35.249317 199.551364 27.999038
v -35.249317 199.551364 33.311781
v 33.755605 199.551364 33.311781
v 33.755605 199.551364 27.999038
v -35.249317 199.551364 -32.224208
v -35.249317 199.551364 -26.911470
v 33.755605 199.551364 -26.911470
v 33.755605 199.551364 -32.224208
v -36.978567 240.885598 32.662655
v -39.672067 229.684349 32.662655
v -31.115506 250.839077 32.662655
v -22.598522 258.643500 32.662655
v -12.171906 263.616692 32.662655
v -0.746857 265.324170 32.662655
v 10.678199 263.616692 32.662655
v 21.104808 258.643500 32.662655
v 29.621799 250.839077 32.662655
v 35.484853 240.885598 32.662655
v 38.178355 229.684349 32.662655
v -36.978567 240.885598 28.648161
v -39.672067 229.684349 28.648161
v -31.115506 250.839077 28.648161
v -22.598522 258.643500 28.648161
v -12.171906 263.616692 28.648161
v -0.746857 265.324170 28.648161
v 10.678199 263.616692 28.648161
v 21.104808 258.643500 28.648161
v 29.621799 250.839077 28.648161
v 35.484853 240.885598 28.648161
v 38.178355 229.684349 28.648161
v -36.978567 240.885598 -27.560593
v -39.672067 229.684349 -27.560593
v -31.115506 250.839077 -27.560593
v -22.598522 258.643500 -27.560593
v -12.171906 263.616692 -27.560593
v -0.746857 265.324170 -27.560593
v 10.678199 263.616692 -27.560593
v 21.104808 258.643500 -27.560593
v 29.621799 250.839077 -27.560593
v 35.484853 240.885598 -27.560593
v 38.178355 229.684349 -27.560593
v -36.978567 240.885598 -31.575085
v -39.672067 229.684349 -31.575085
v -31.115506 250.839077 -31.575085
v -22.598522 258.643500 -31.575085
v -12.171906 263.616692 -31.575085
v -0.746857 265.324170 -31.575085
v 10.678199 263.616692 -31.575085
v 21.104808 258.643500 -31.575085
v 29.621799 250.839077 -31.575085
v 35.484853 240.885598 -31.575085
v 38.178355 229.684349 -31.575085
v -39.679253 220.590922 32.662655
v 38.185539 220.590922 32.662655
v -39.679253 220.590922 28.648161
v 38.185539 220.590922 28.648161
v -39.679253 220.590922 -27.560593
v 38.185539 220.590922 -27.560593
v -39.679253 220.590922 -31.575085
v 38.185539 220.590922 -31.575085
v -39.679253 211.678463 32.662655
v 38.185539 211.678463 32.662655
v -39.679253 211.678463 28.648161
v 38.185539 211.678463 28.648161
v -39.679253 211.678463 -27.560593
v 38.185539 211.678463 -27.560593
v -39.679253 211.678463 -31.575085
v 38.185539 211.678463 -31.575085
v -39.375692 201.154081 32.662655
v 37.881977 201.154081 32.662655
v -39.375692 201.154081 28.648161
v 37.881977 201.154081 28.648161
v -39.375692 201.154081 -27.560593
v 37.881977 201.154081 -27.560593
v -39.375692 201.154081 -31.575085
v 37.881977 201.154081 -31.575085
v -34.127255 200.850531 32.662655
v 32.633545 200.850531 32.662655
v -34.127255 200.850531 28.648161
v 32.633545 200.850531 28.648161
v -34.127255 200.850531 -27.560593
v 32.633545 200.850531 -27.560593
v -34.127255 200.850531 -31.575085
v 32.633545 200.850531 -31.575085
v -38.642826 229.562527 27.611736
v -38.642826 220.590922 27.611736
v -38.642826 220.590922 33.699080
v -38.642826 229.562527 33.699080
v -36.017609 240.497347 33.699080
v -36.017609 240.497347 27.611736
v -30.310054 250.186831 33.699080
v -30.310054 250.186831 27.611736
v -22.018960 257.784258 33.699080
v -22.018960 257.784258 27.611736
v -11.868887 262.625567 33.699080
v -11.868887 262.625567 27.611736
v -0.746857 264.287764 33.699080
v -0.746857 264.287764 27.611736
v 10.375179 262.625567 33.699080
v 10.375179 262.625567 27.611736
v 20.525248 257.784258 33.699080
v 20.525248 257.784258 27.611736
v 28.816344 250.186831 33.699080
v 28.816344 250.186831 27.611736
v 34.523895 240.497347 33.699080
v 34.523895 240.497347 27.611736
v 37.149117 229.562527 33.699080
v 37.149117 229.562527 27.611736
v 37.149117 220.590922 33.699080
v 37.149117 220.590922 27.611736
v -38.642826 211.678463 27.611736
v -38.642826 211.678463 33.699080
v 37.149117 211.678463 33.699080
v 37.149117 211.678463 27.611736
v -38.642826 201.886946 27.611736
v -38.642826 201.886946 33.699080
v 37.149117 201.886946 33.699080
v 37.149117 201.886946 27.611736
v -33.724213 200.976859 28.359243
v -33.724213 200.976859 32.951573
v 32.230499 200.976859 32.951573
v 32.230499 200.976859 28.359243
v -38.642826 229.562527 -32.611505
v -38.642826 220.590922 -32.611505
v -38.642826 220.590922 -26.524173
v -38.642833 229.562527 -26.524173
v -36.017614 240.497347 -26.524173
v -36.017607 240.497347 -32.611505
v -30.310054 250.186831 -26.524173
v -30.310054 250.186831 -32.611505
v -22.018960 257.784258 -26.524173
v -22.018960 257.784258 -32.611505
v -11.868887 262.625567 -26.524173
v -11.868887 262.625567 -32.611505
v -0.746857 264.287764 -26.524173
v -0.746857 264.287764 -32.611505
v 10.375179 262.625567 -26.524173
v 10.375179 262.625567 -32.611505
v 20.525253 257.784258 -26.524173
v 20.525248 257.784258 -32.611505
v 28.816344 250.186831 -26.524173
v 28.816344 250.186831 -32.611505
v 34.523895 240.497347 -26.524173
v 34.523892 240.497347 -32.611505
v 37.149117 229.562527 -26.524173
v 37.149117 229.562527 -32.611505
v 37.149117 220.590922 -26.524173
v 37.149112 220.590922 -32.611505
v -38.642826 211.678463 -32.611505
v -38.642826 211.678463 -26.524173
v 37.149117 211.678463 -26.524173
v 37.149112 211.678463 -32.611505
v -38.642826 201.886946 -32.611505
v -38.642826 201.886946 -26.524173
v 37.149117 201.886946 -26.524173
v 37.149117 201.886946 -32.611505
v -33.724213 200.976859 -31.864000
v -33.724213 200.976859 -27.271677
v 32.230499 200.976859 -27.271677
v 32.230499 200.976859 -31.864000
v -36.017609 240.497347 -50.678660
v -30.310054 250.186831 -50.678660
v -22.018960 257.784258 -50.678660
v -11.868887 262.625567 -50.678660
v -0.746857 264.287764 -50.678660
v 10.375179 262.625567 -50.678660
v 20.525248 257.784258 -50.678660
v 28.816344 250.186831 -50.678660
v 34.523895 240.497347 -50.678660
v 37.149117 229.562527 -50.678660
v 37.149117 220.590922 -50.678660
v 37.149117 211.678463 -50.678660
v 37.149117 201.886946 -50.678660
v 32.633545 201.886946 -50.678660
v -34.127255 201.886946 -50.678660
v -38.642826 201.886946 -50.678660
v -38.642826 211.678463 -50.678660
v -38.642826 220.590922 -50.678660
v -38.642826 229.562527 -50.678660
v -38.642826 229.562527 51.766225
v -36.017609 240.497347 51.766225
v -30.310054 250.186831 51.766225
v -22.018960 257.784258 51.766225
v -11.868887 262.625567 51.766225
v -0.746857 264.287764 51.766225
v 10.375179 262.625567 51.766225
v 20.525248 257.784258 51.766225
v 28.816344 250.186831 51.766225
v 34.523895 240.497347 51.766225
v 37.149117 229.562527 51.766225
v -38.642826 220.590922 51.766225
v 37.149117 220.590922 51.766225
v -38.642826 211.678463 51.766225
v 37.149117 211.678463 51.766225
v -38.642826 201.886946 51.766225
v 37.149117 201.886946 51.766225
v -34.127255 201.886946 51.766225
v 32.633545 201.886946 51.766225
vt 0.016989 0.449090
vt 0.050411 0.616029
vt 0.050411 0.616029
vt 0.016989 0.449090
vt 0.123164 0.764372
vt 0.123164 0.764372
vt 0.228849 0.880686
vt 0.228849 0.880686
vt 0.358230 0.954805
vt 0.358230 0.954805
vt 0.500000 0.980252
vt 0.500000 0.980252
vt 0.641770 0.954805
vt 0.641770 0.954805
vt 0.771151 0.880686
vt 0.771151 0.880686
vt 0.876836 0.764372
vt 0.876836 0.764372
vt 0.949588 0.616029
vt 0.949588 0.616029
vt 0.983011 0.449090
vt 0.983011 0.449090
vt 0.016989 0.449090
vt 0.050411 0.616029
vt 0.050411 0.616029
vt 0.016989 0.449090
vt 0.123164 0.764372
vt 0.123164 0.764372
vt 0.228849 0.880686
vt 0.228849 0.880686
vt 0.358230 0.954805
vt 0.358230 0.954805
vt 0.500000 0.980252
vt 0.500000 0.980252
vt 0.641770 0.954805
vt 0.641770 0.954805
vt 0.771151 0.880686
vt 0.771151 0.880686
vt 0.876836 0.764372
vt 0.876836 0.764372
vt 0.949588 0.616029
vt 0.949588 0.616029
vt 0.983011 0.449090
vt 0.983011 0.449090
vt 0.050411 0.616029
vt 0.016989 0.449090
vt 0.123164 0.764372
vt 0.228849 0.880686
vt 0.358230 0.954805
vt 0.500000 0.980252
vt 0.641770 0.954805
vt 0.771151 0.880686
vt 0.876836 0.764372
vt 0.949588 0.616029
vt 0.983011 0.449090
vt 0.050411 0.616029
vt 0.016989 0.449090
vt 0.123164 0.764372
vt 0.228849 0.880686
vt 0.358230 0.954805
vt 0.500000 0.980252
vt 0.641770 0.954805
vt 0.771151 0.880686
vt 0.876836 0.764372
vt 0.949588 0.616029
vt 0.983011 0.449090
vt 0.050411 0.616029
vt 0.016989 0.449090
vt 0.123164 0.764372
vt 0.228849 0.880686
vt 0.358230 0.954805
vt 0.500000 0.980252
vt 0.641770 0.954805
vt 0.771151 0.880686
vt 0.876836 0.764372
vt 0.949588 0.616029
vt 0.983011 0.449090
vt 0.016989 0.449090
vt 0.050411 0.616029
vt 0.050411 0.616029
vt 0.016989 0.449090
vt 0.123164 0.764372
vt 0.123164 0.764372
vt 0.228849 0.880686
vt 0.228849 0.880686
vt 0.358230 0.954805
vt 0.358230 0.954805
vt 0.500000 0.980252
vt 0.500000 0.980252
vt 0.641770 0.954805
vt 0.641770 0.954805
vt 0.771151 0.880686
vt 0.771151 0.880686
vt 0.876836 0.764372
vt 0.876836 0.764372
vt 0.949588 0.616029
vt 0.949588 0.616029
vt 0.983011 0.449090
vt 0.983011 0.449090
vt 0.016899 0.313565
vt 0.016899 0.313565
vt 0.983100 0.313565
vt 0.983100 0.313565
vt 0.016899 0.313565
vt 0.016899 0.313565
vt 0.983100 0.313565
vt 0.983100 0.313565
vt 0.016899 0.313565
vt 0.983100 0.313565
vt 0.016899 0.313565
vt 0.983100 0.313565
vt 0.016899 0.313565
vt 0.983100 0.313565
vt 0.016899 0.313565
vt 0.016899 0.313565
vt 0.983100 0.313565
vt 0.983100 0.313565
vt 0.016899 0.180737
vt 0.016899 0.180737
vt 0.983100 0.180737
vt 0.983100 0.180737
vt 0.016899 0.180737
vt 0.016899 0.180737
vt 0.983100 0.180737
vt 0.983100 0.180737
vt 0.016899 0.180737
vt 0.983100 0.180737
vt 0.016899 0.180737
vt 0.983100 0.180737
vt 0.016899 0.180737
vt 0.983100 0.180737
vt 0.016899 0.180737
vt 0.016899 0.180737
vt 0.983100 0.180737
vt 0.983100 0.180737
vt 0.020666 0.023886
vt 0.020666 0.023886
vt 0.979334 0.023886
vt 0.979334 0.023886
vt 0.020666 0.023886
vt 0.020666 0.023886
vt 0.979334 0.023886
vt 0.979334 0.023886
vt 0.020666 0.023886
vt 0.979334 0.023886
vt 0.020666 0.023886
vt 0.979334 0.023886
vt 0.020666 0.023886
vt 0.979334 0.023886
vt 0.020666 0.023886
vt 0.020666 0.023886
vt 0.979334 0.023886
vt 0.979334 0.023886
vt 0.085792 0.019362
vt 0.085792 0.019362
vt 0.914207 0.019362
vt 0.914207 0.019362
vt 0.085792 0.019362
vt 0.085792 0.019362
vt 0.914207 0.019362
vt 0.914207 0.019362
vt 0.085792 0.019362
vt 0.914207 0.019362
vt 0.085792 0.019362
vt 0.914207 0.019362
vt 0.085792 0.019362
vt 0.914207 0.019362
vt 0.085792 0.019362
vt 0.085792 0.019362
vt 0.914207 0.019362
vt 0.914207 0.019362
vt 0.000000 0.445905
vt 0.000000 0.445905
vt 0.000250 0.304034
vt 0.000250 0.304034
vt 0.034533 0.620136
vt 0.034533 0.620136
vt 0.109841 0.774832
vt 0.109841 0.774832
vt 0.219250 0.896143
vt 0.219250 0.896143
vt 0.353206 0.973454
vt 0.353206 0.973454
vt 0.500000 1.000000
vt 0.500000 1.000000
vt 0.646794 0.973454
vt 0.646794 0.973454
vt 0.780750 0.896143
vt 0.780750 0.896143
vt 0.890159 0.774832
vt 0.890159 0.774832
vt 0.965467 0.620136
vt 0.965467 0.620136
vt 1.000000 0.445905
vt 1.000000 0.445905
vt 0.999749 0.304034
vt 0.999749 0.304034
vt 0.000000 0.445905
vt 0.000000 0.445905
vt 0.000250 0.304034
vt 0.000250 0.304034
vt 0.034533 0.620136
vt 0.034533 0.620136
vt 0.109841 0.774832
vt 0.109841 0.774832
vt 0.219250 0.896143
vt 0.219250 0.896143
vt 0.353206 0.973454
vt 0.353206 0.973454
vt 0.500000 1.000000
vt 0.500000 1.000000
vt 0.646794 0.973454
vt 0.646794 0.973454
vt 0.780750 0.896143
vt 0.780750 0.896143
vt 0.890159 0.774832
vt 0.890159 0.774832
vt 0.965467 0.620136
vt 0.965467 0.620136
vt 1.000000 0.445905
vt 1.000000 0.445905
vt 0.999749 0.304034
vt 0.999749 0.304034
vt 0.000250 0.164408
vt 0.000250 0.164408
vt 0.999749 0.164408
vt 0.999749 0.164408
vt 0.000250 0.164408
vt 0.000250 0.164408
vt 0.999749 0.164408
vt 0.999749 0.164408
vt 0.001919 0.002092
vt 0.001919 0.002092
vt 0.998081 0.002092
vt 0.998081 0.002092
vt 0.001919 0.002092
vt 0.001919 0.002092
vt 0.998081 0.002092
vt 0.998081 0.002092
vt 0.071869 -0.000000
vt 0.071869 -0.000000
vt 0.928131 -0.000000
vt 0.928131 -0.000000
vt 0.071869 -0.000000
vt 0.071869 -0.000000
vt 0.928131 -0.000000
vt 0.928131 -0.000000
vt 0.050411 0.616029
vt 0.016989 0.449090
vt 0.123164 0.764372
vt 0.228849 0.880686
vt 0.358230 0.954805
vt 0.500000 0.980252
vt 0.641770 0.954805
vt 0.771151 0.880686
vt 0.876836 0.764372
vt 0.949588 0.616029
vt 0.983011 0.449090
vt 0.016989 0.449090
vt 0.050411 0.616029
vt 0.123164 0.764372
vt 0.228849 0.880686
vt 0.358230 0.954805
vt 0.500000 0.980252
vt 0.641770 0.954805
vt 0.771151 0.880686
vt 0.876836 0.764372
vt 0.949588 0.616029
vt 0.983011 0.449090
vt 0.050411 0.616029
vt 0.016989 0.449090
vt 0.123164 0.764372
vt 0.228849 0.880686
vt 0.358230 0.954805
vt 0.500000 0.980252
vt 0.641770 0.954805
vt 0.771151 0.880686
vt 0.876836 0.764372
vt 0.949588 0.616029
vt 0.983011 0.449090
vt 0.016989 0.449090
vt 0.050411 0.616029
vt 0.123164 0.764372
vt 0.228849 0.880686
vt 0.358230 0.954805
vt 0.500000 0.980252
vt 0.641770 0.954805
vt 0.771151 0.880686
vt 0.876836 0.764372
vt 0.949588 0.616029
vt 0.983011 0.449090
vt 0.016899 0.313565
vt 0.983100 0.313565
vt 0.016899 0.313565
vt 0.983100 0.313565
vt 0.016899 0.313565
vt 0.983100 0.313565
vt 0.016899 0.313565
vt 0.983100 0.313565
vt 0.016899 0.180737
vt 0.983100 0.180737
vt 0.016899 0.180737
vt 0.983100 0.180737
vt 0.016899 0.180737
vt 0.983100 0.180737
vt 0.016899 0.180737
vt 0.983100 0.180737
vt 0.020666 0.023886
vt 0.979334 0.023886
vt 0.020666 0.023886
vt 0.979334 0.023886
vt 0.020666 0.023886
vt 0.979334 0.023886
vt 0.020666 0.023886
vt 0.979334 0.023886
vt 0.085792 0.019362
vt 0.914207 0.019362
vt 0.085792 0.019362
vt 0.914207 0.019362
vt 0.085792 0.019362
vt 0.914207 0.019362
vt 0.085792 0.019362
vt 0.914207 0.019362
vt 0.029760 0.447275
vt 0.029760 0.313565
vt 0.029760 0.313565
vt 0.029760 0.447275
vt 0.062336 0.610243
vt 0.062336 0.610243
vt 0.133159 0.754651
vt 0.133159 0.754651
vt 0.236041 0.867880
vt 0.236041 0.867880
vt 0.361990 0.940033
vt 0.361990 0.940033
vt 0.500000 0.964806
vt 0.500000 0.964806
vt 0.638010 0.940033
vt 0.638010 0.940033
vt 0.763959 0.867880
vt 0.763959 0.867880
vt 0.866841 0.754651
vt 0.866841 0.754651
vt 0.937664 0.610243
vt 0.937664 0.610243
vt 0.970240 0.447275
vt 0.970240 0.447275
vt 0.970240 0.313565
vt 0.970240 0.313565
vt 0.029760 0.180737
vt 0.029760 0.180737
vt 0.970240 0.180737
vt 0.970240 0.180737
vt 0.029760 0.034808
vt 0.029760 0.034808
vt 0.970240 0.034808
vt 0.970240 0.034808
vt 0.090794 0.021245
vt 0.090794 0.021245
vt 0.909206 0.021245
vt 0.909206 0.021245
vt 0.029760 0.447275
vt 0.029760 0.313565
vt 0.029760 0.313565
vt 0.029760 0.447275
vt 0.062336 0.610243
vt 0.062336 0.610243
vt 0.133159 0.754651
vt 0.133159 0.754651
vt 0.236041 0.867880
vt 0.236041 0.867880
vt 0.361990 0.940033
vt 0.361990 0.940033
vt 0.500000 0.964806
vt 0.500000 0.964806
vt 0.638010 0.940033
vt 0.638010 0.940033
vt 0.763959 0.867880
vt 0.763959 0.867880
vt 0.866841 0.754651
vt 0.866841 0.754651
vt 0.937664 0.610243
vt 0.937664 0.610243
vt 0.970240 0.447275
vt 0.970240 0.447275
vt 0.970240 0.313565
vt 0.970240 0.313565
vt 0.029760 0.180737
vt 0.029760 0.180737
vt 0.970240 0.180737
vt 0.970240 0.180737
vt 0.029760 0.034808
vt 0.029760 0.034808
vt 0.970240 0.034808
vt 0.970240 0.034808
vt 0.090794 0.021245
vt 0.090794 0.021245
vt 0.909206 0.021245
vt 0.909206 0.021245
vt 0.062336 0.610243
vt 0.133159 0.754651
vt 0.236041 0.867880
vt 0.361990 0.940033
vt 0.500000 0.964806
vt 0.638010 0.940033
vt 0.763959 0.867880
vt 0.866841 0.754651
vt 0.937664 0.610243
vt 0.970240 0.447275
vt 0.970240 0.313565
vt 0.970240 0.180737
vt 0.970240 0.034808
vt 0.914207 0.034808
vt 0.085792 0.034808
vt 0.029760 0.034808
vt 0.029760 0.180737
vt 0.029760 0.313565
vt 0.029760 0.447275
vt 0.029760 0.447275
vt 0.062336 0.610243
vt 0.133159 0.754651
vt 0.236041 0.867880
vt 0.361990 0.940033
vt 0.500000 0.964806
vt 0.638010 0.940033
vt 0.763959 0.867880
vt 0.866841 0.754651
vt 0.937664 0.610243
vt 0.970240 0.447275
vt 0.029760 0.313565
vt 0.970240 0.313565
vt 0.029760 0.180737
vt 0.970240 0.180737
vt 0.029760 0.034808
vt 0.970240 0.034808
vt 0.085792 0.034808
vt 0.914207 0.034808
vt 0.029760 0.447275
vt 0.029760 0.447275
vt 0.062336 0.610243
vt 0.062336 0.610243
vt 0.133159 0.754651
vt 0.133159 0.754651
vt 0.236041 0.867880
vt 0.236041 0.867880
vt 0.361990 0.940033
vt 0.361990 0.940033
vt 0.500000 0.964806
vt 0.500000 0.964806
vt 0.638010 0.940033
vt 0.638010 0.940033
vt 0.763959 0.867880
vt 0.763959 0.867880
vt 0.866841 0.754651
vt 0.866841 0.754651
vt 0.937664 0.610243
vt 0.937664 0.610243
vt 0.970240 0.447275
vt 0.970240 0.447275
vt 0.029760 0.447275
vt 0.029760 0.447275
vt 0.062336 0.610243
vt 0.062336 0.610243
vt 0.133159 0.754651
vt 0.133159 0.754651
vt 0.236041 0.867880
vt 0.236041 0.867880
vt 0.361990 0.940033
vt 0.361990 0.940033
vt 0.500000 0.964806
vt 0.500000 0.964806
vt 0.638010 0.940033
vt 0.638010 0.940033
vt 0.763959 0.867880
vt 0.763959 0.867880
vt 0.866841 0.754651
vt 0.866841 0.754651
vt 0.937664 0.610243
vt 0.937664 0.610243
vt 0.970240 0.447275
vt 0.970240 0.447275
vt 0.029760 0.447275
vt 0.062336 0.610243
vt 0.133159 0.754651
vt 0.236041 0.867880
vt 0.361990 0.940033
vt 0.500000 0.964806
vt 0.638010 0.940033
vt 0.763959 0.867880
vt 0.866841 0.754651
vt 0.937664 0.610243
vt 0.970240 0.447275
vt 0.029760 0.447275
vt 0.062336 0.610243
vt 0.133159 0.754651
vt 0.236041 0.867880
vt 0.361990 0.940033
vt 0.500000 0.964806
vt 0.638010 0.940033
vt 0.763959 0.867880
vt 0.866841 0.754651
vt 0.937664 0.610243
vt 0.970240 0.447275
vt 0.029760 0.447275
vt 0.062336 0.610243
vt 0.133159 0.754651
vt 0.236041 0.867880
vt 0.361990 0.940033
vt 0.500000 0.964806
vt 0.638010 0.940033
vt 0.763959 0.867880
vt 0.866841 0.754651
vt 0.937664 0.610243
vt 0.970240 0.447275
vt 0.029760 0.447275
vt 0.029760 0.447275
vt 0.062336 0.610243
vt 0.062336 0.610243
vt 0.133159 0.754651
vt 0.133159 0.754651
vt 0.236041 0.867880
vt 0.236041 0.867880
vt 0.361990 0.940033
vt 0.361990 0.940033
vt 0.500000 0.964806
vt 0.500000 0.964806
vt 0.638010 0.940033
vt 0.638010 0.940033
vt 0.763959 0.867880
vt 0.763959 0.867880
vt 0.866841 0.754651
vt 0.866841 0.754651
vt 0.937664 0.610243
vt 0.937664 0.610243
vt 0.970240 0.447275
vt 0.970240 0.447275
vt 0.029760 0.313565
vt 0.029760 0.313565
vt 0.970240 0.313565
vt 0.970240 0.313565
vt 0.029760 0.313565
vt 0.029760 0.313565
vt 0.970240 0.313565
vt 0.970240 0.313565
vt 0.029760 0.313565
vt 0.970240 0.313565
vt 0.029760 0.313565
vt 0.970240 0.313565
vt 0.029760 0.313565
vt 0.970240 0.313565
vt 0.029760 0.313565
vt 0.029760 0.313565
vt 0.970240 0.313565
vt 0.970240 0.313565
vt 0.029760 0.180737
vt 0.029760 0.180737
vt 0.970240 0.180737
vt 0.970240 0.180737
vt 0.029760 0.180737
vt 0.029760 0.180737
vt 0.970240 0.180737
vt 0.970240 0.180737
vt 0.029760 0.180737
vt 0.970240 0.180737
vt 0.029760 0.180737
vt 0.970240 0.180737
vt 0.029760 0.180737
vt 0.970240 0.180737
vt 0.029760 0.180737
vt 0.029760 0.180737
vt 0.970240 0.180737
vt 0.970240 0.180737
vt 0.029760 0.034808
vt 0.029760 0.034808
vt 0.970240 0.034808
vt 0.970240 0.034808
vt 0.029760 0.034808
vt 0.029760 0.034808
vt 0.970240 0.034808
vt 0.970240 0.034808
vt 0.029760 0.034808
vt 0.970240 0.034808
vt 0.029760 0.034808
vt 0.970240 0.034808
vt 0.029760 0.034808
vt 0.970240 0.034808
vt 0.029760 0.034808
vt 0.029760 0.034808
vt 0.970240 0.034808
vt 0.970240 0.034808
vt 0.085792 0.034808
vt 0.085792 0.034808
vt 0.914207 0.034808
vt 0.914207 0.034808
vt 0.085792 0.034808
vt 0.085792 0.034808
vt 0.914207 0.034808
vt 0.914207 0.034808
vt 0.085792 0.034808
vt 0.914207 0.034808
vt 0.085792 0.034808
vt 0.914207 0.034808
vt 0.085792 0.034808
vt 0.914207 0.034808
vt 0.085792 0.034808
vt 0.085792 0.034808
vt 0.914207 0.034808
vt 0.914207 0.034808
vt 0.009344 0.444586
vt 0.009344 0.304034
vt 0.009344 0.304034
vt 0.009344 0.444586
vt 0.043334 0.615895
vt 0.043334 0.615895
vt 0.117232 0.767694
vt 0.117232 0.767694
vt 0.224581 0.886718
vt 0.224581 0.886718
vt 0.355998 0.962564
vt 0.355998 0.962564
vt 0.500000 0.988605
vt 0.500000 0.988605
vt 0.644002 0.962564
vt 0.644002 0.962564
vt 0.775419 0.886718
vt 0.775419 0.886718
vt 0.882768 0.767694
vt 0.882768 0.767694
vt 0.956666 0.615895
vt 0.956666 0.615895
vt 0.990656 0.444586
vt 0.990656 0.444586
vt 0.990656 0.304034
vt 0.990656 0.304034
vt 0.009344 0.444586
vt 0.009344 0.304034
vt 0.009344 0.304034
vt 0.009344 0.444586
vt 0.043334 0.615895
vt 0.043334 0.615895
vt 0.117232 0.767694
vt 0.117232 0.767694
vt 0.224581 0.886718
vt 0.224581 0.886718
vt 0.355998 0.962564
vt 0.355998 0.962564
vt 0.500000 0.988605
vt 0.500000 0.988605
vt 0.644002 0.962564
vt 0.644002 0.962564
vt 0.775419 0.886718
vt 0.775419 0.886718
vt 0.882768 0.767694
vt 0.882768 0.767694
vt 0.956666 0.615895
vt 0.956666 0.615895
vt 0.990656 0.444586
vt 0.990656 0.444586
vt 0.990656 0.304034
vt 0.990656 0.304034
vt 0.009344 0.164408
vt 0.009344 0.164408
vt 0.990656 0.164408
vt 0.990656 0.164408
vt 0.009344 0.164408
vt 0.009344 0.164408
vt 0.990656 0.164408
vt 0.990656 0.164408
vt 0.009344 0.011010
vt 0.009344 0.011010
vt 0.990656 0.011010
vt 0.990656 0.011010
vt 0.009344 0.011010
vt 0.009344 0.011010
vt 0.990656 0.011010
vt 0.990656 0.011010
vt 0.067809 0.011010
vt 0.067809 0.011010
vt 0.932191 0.011010
vt 0.932191 0.011010
vt 0.067809 0.011010
vt 0.067809 0.011010
vt 0.932191 0.011010
vt 0.932191 0.011010
vt 0.029760 0.447275
vt 0.062336 0.610243
vt 0.133159 0.754651
vt 0.236041 0.867880
vt 0.361990 0.940033
vt 0.500000 0.964806
vt 0.638010 0.940033
vt 0.763959 0.867880
vt 0.866841 0.754651
vt 0.937664 0.610243
vt 0.970240 0.447275
vt 0.029760 0.447275
vt 0.062336 0.610243
vt 0.133159 0.754651
vt 0.236041 0.867880
vt 0.361990 0.940033
vt 0.500000 0.964806
vt 0.638010 0.940033
vt 0.763959 0.867880
vt 0.866841 0.754651
vt 0.937664 0.610243
vt 0.970240 0.447275
vt 0.029760 0.447275
vt 0.062336 0.610243
vt 0.133159 0.754651
vt 0.236041 0.867880
vt 0.361990 0.940033
vt 0.500000 0.964806
vt 0.638010 0.940033
vt 0.763959 0.867880
vt 0.866841 0.754651
vt 0.937664 0.610243
vt 0.970240 0.447275
vt 0.029760 0.447275
vt 0.062336 0.610243
vt 0.133159 0.754651
vt 0.236041 0.867880
vt 0.361990 0.940033
vt 0.500000 0.964806
vt 0.638010 0.940033
vt 0.763959 0.867880
vt 0.866841 0.754651
vt 0.937664 0.610243
vt 0.970240 0.447275
vt 0.029760 0.313565
vt 0.970240 0.313565
vt 0.029760 0.313565
vt 0.970240 0.313565
vt 0.029760 0.313565
vt 0.970240 0.313565
vt 0.029760 0.313565
vt 0.970240 0.313565
vt 0.029760 0.180737
vt 0.970240 0.180737
vt 0.029760 0.180737
vt 0.970240 0.180737
vt 0.029760 0.180737
vt 0.970240 0.180737
vt 0.029760 0.180737
vt 0.970240 0.180737
vt 0.029760 0.034808
vt 0.970240 0.034808
vt 0.029760 0.034808
vt 0.970240 0.034808
vt 0.029760 0.034808
vt 0.970240 0.034808
vt 0.029760 0.034808
vt 0.970240 0.034808
vt 0.085792 0.034808
vt 0.914207 0.034808
vt 0.085792 0.034808
vt 0.914207 0.034808
vt 0.085792 0.034808
vt 0.914207 0.034808
vt 0.085792 0.034808
vt 0.914207 0.034808
vt 0.029760 0.447275
vt 0.029760 0.313565
vt 0.029760 0.313565
vt 0.029760 0.447275
vt 0.062336 0.610243
vt 0.062336 0.610243
vt 0.133159 0.754651
vt 0.133159 0.754651
vt 0.236041 0.867880
vt 0.236041 0.867880
vt 0.361990 0.940033
vt 0.361990 0.940033
vt 0.500000 0.964806
vt 0.500000 0.964806
vt 0.638010 0.940033
vt 0.638010 0.940033
vt 0.763959 0.867880
vt 0.763959 0.867880
vt 0.866841 0.754651
vt 0.866841 0.754651
vt 0.937664 0.610243
vt 0.937664 0.610243
vt 0.970240 0.447275
vt 0.970240 0.447275
vt 0.970240 0.313565
vt 0.970240 0.313565
vt 0.029760 0.180737
vt 0.029760 0.180737
vt 0.970240 0.180737
vt 0.970240 0.180737
vt 0.029760 0.034808
vt 0.029760 0.034808
vt 0.970240 0.034808
vt 0.970240 0.034808
vt 0.085792 0.034808
vt 0.085792 0.034808
vt 0.914207 0.034808
vt 0.914207 0.034808
vt 0.029760 0.447275
vt 0.029760 0.313565
vt 0.029760 0.313565
vt 0.029760 0.447275
vt 0.062336 0.610243
vt 0.062336 0.610243
vt 0.133159 0.754651
vt 0.133159 0.754651
vt 0.236041 0.867880
vt 0.236041 0.867880
vt 0.361990 0.940033
vt 0.361990 0.940033
vt 0.500000 0.964806
vt 0.500000 0.964806
vt 0.638010 0.940033
vt 0.638010 0.940033
vt 0.763959 0.867880
vt 0.763959 0.867880
vt 0.866841 0.754651
vt 0.866841 0.754651
vt 0.937664 0.610243
vt 0.937664 0.610243
vt 0.970240 0.447275
vt 0.970240 0.447275
vt 0.970240 0.313565
vt 0.970240 0.313565
vt 0.029760 0.180737
vt 0.029760 0.180737
vt 0.970240 0.180737
vt 0.970240 0.180737
vt 0.029760 0.034808
vt 0.029760 0.034808
vt 0.970240 0.034808
vt 0.970240 0.034808
vt 0.085792 0.034808
vt 0.085792 0.034808
vt 0.914207 0.034808
vt 0.914207 0.034808
vt 0.062336 0.610243
vt 0.029760 0.447275
vt 0.029760 0.313565
vt 0.029760 0.180737
vt 0.029760 0.034808
vt 0.085792 0.034808
vt 0.914207 0.034808
vt 0.970240 0.034808
vt 0.970240 0.180737
vt 0.970240 0.313565
vt 0.970240 0.447275
vt 0.937664 0.610243
vt 0.866841 0.754651
vt 0.763959 0.867880
vt 0.638010 0.940033
vt 0.500000 0.964806
vt 0.361990 0.940033
vt 0.236041 0.867880
vt 0.133159 0.754651
vt 0.029760 0.447275
vt 0.062336 0.610243
vt 0.133159 0.754651
vt 0.236041 0.867880
vt 0.361990 0.940033
vt 0.500000 0.964806
vt 0.638010 0.940033
vt 0.763959 0.867880
vt 0.866841 0.754651
vt 0.937664 0.610243
vt 0.970240 0.447275
vt 0.029760 0.313565
vt 0.970240 0.313565
vt 0.029760 0.180737
vt 0.970240 0.180737
vt 0.029760 0.034808
vt 0.970240 0.034808
vt 0.085792 0.034808
vt 0.914207 0.034808
vn -0.991262 0.131911 0.000000
vn -0.927039 0.374964 0.000000
vn -0.927039 0.374964 0.000000
vn -0.991262 0.131911 0.000000
vn -0.777146 0.629320 0.000000
vn -0.777146 0.629320 0.000000
vn -0.559193 0.829038 0.000000
vn -0.559193 0.829038 0.000000
vn -0.292369 0.956306 0.000000
vn -0.292369 0.956305 0.000000
vn 0.000000 1.000000 0.000000
vn 0.000000 1.000000 0.000000
vn 0.292369 0.956305 0.000000
vn 0.292369 0.956305 0.000000
vn 0.559193 0.829038 0.000000
vn 0.559193 0.829038 0.000000
vn 0.777146 0.629320 0.000000
vn 0.777146 0.629320 0.000000
vn 0.927039 0.374964 0.000000
vn 0.927039 0.374964 0.000000
vn 0.991262 0.131911 0.000000
vn 0.991262 0.131911 0.000000
vn -0.991262 0.131911 0.000000
vn -0.927039 0.374964 0.000000
vn -0.927039 0.374964 0.000000
vn -0.991262 0.131911 0.000000
vn -0.777146 0.629320 0.000000
vn -0.777146 0.629320 0.000000
vn -0.559193 0.829038 0.000000
vn -0.559193 0.829038 0.000000
vn -0.292369 0.956305 0.000000
vn -0.292369 0.956305 0.000000
vn 0.000000 1.000000 0.000000
vn 0.000000 1.000000 0.000000
vn 0.292369 0.956305 0.000000
vn 0.292369 0.956305 0.000000
vn 0.559193 0.829038 0.000000
vn 0.559193 0.829038 0.000000
vn 0.777146 0.629320 0.000000
vn 0.777146 0.629320 0.000000
vn 0.927039 0.374964 0.000000
vn 0.927039 0.374964 0.000000
vn 0.991262 0.131911 0.000000
vn 0.991262 0.131911 0.000000
vn -0.927039 0.374964 0.000000
vn -0.991262 0.131911 0.000000
vn -0.777146 0.629320 0.000000
vn -0.559193 0.829038 0.000000
vn -0.292370 0.956305 0.000000
vn 0.000000 1.000000 0.000000
vn 0.292370 0.956305 0.000000
vn 0.559193 0.829038 0.000000
vn 0.777146 0.629320 0.000000
vn 0.927039 0.374964 0.000000
vn 0.991262 0.131911 0.000000
vn -0.927039 0.374964 0.000000
vn -0.991262 0.131911 0.000000
vn -0.777146 0.629320 0.000000
vn -0.559193 0.829038 0.000000
vn -0.292369 0.956305 0.000000
vn 0.000000 1.000000 0.000000
vn 0.292370 0.956305 0.000000
vn 0.559193 0.829038 0.000000
vn 0.777146 0.629320 0.000000
vn 0.927039 0.374964 0.000000
vn 0.991262 0.131911 0.000000
vn -0.927039 0.374964 0.000000
vn -0.991262 0.131911 0.000000
vn -0.777146 0.629320 0.000000
vn -0.559193 0.829038 0.000000
vn -0.292369 0.956305 0.000000
vn -0.000000 1.000000 0.000000
vn 0.292369 0.956305 0.000000
vn 0.559193 0.829038 0.000000
vn 0.777146 0.629320 0.000000
vn 0.927039 0.374964 0.000000
vn 0.991262 0.131911 0.000000
vn -0.991262 0.131911 0.000000
vn -0.927039 0.374964 0.000000
vn -0.927039 0.374964 0.000000
vn -0.991262 0.131911 0.000000
vn -0.777146 0.629320 0.000000
vn -0.777146 0.629320 0.000000
vn -0.559193 0.829038 0.000000
vn -0.559193 0.829038 0.000000
vn -0.292369 0.956306 0.000000
vn -0.292369 0.956306 0.000000
vn 0.000000 1.000000 0.000000
vn 0.000000 1.000000 0.000000
vn 0.292369 0.956305 0.000000
vn 0.292369 0.956305 0.000000
vn 0.559193 0.829038 0.000000
vn 0.559193 0.829038 0.000000
vn 0.777146 0.629320 0.000000
vn 0.777146 0.629320 0.000000
vn 0.927039 0.374964 0.000000
vn 0.927039 0.374964 0.000000
vn 0.991262 0.131911 0.000000
vn 0.991262 0.131911 0.000000
vn -1.000000 0.000399 0.000000
vn -1.000000 0.000399 0.000000
vn 1.000000 0.000399 0.000000
vn 1.000000 0.000399 0.000000
vn -1.000000 0.000399 0.000000
vn -1.000000 0.000399 0.000000
vn 1.000000 0.000399 0.000000
vn 1.000000 0.000399 0.000000
vn -1.000000 0.000399 0.000000
vn 1.000000 0.000399 0.000000
vn -1.000000 0.000399 0.000000
vn 1.000000 0.000399 0.000000
vn -1.000000 0.000399 0.000000
vn 1.000000 0.000399 0.000000
vn -1.000000 0.000399 0.000000
vn -1.000000 0.000399 0.000000
vn 1.000000 0.000399 0.000000
vn 1.000000 0.000399 0.000000
vn -0.999878 -0.015616 0.000000
vn -0.999878 -0.015616 0.000000
vn 0.999878 -0.015616 0.000000
vn 0.999878 -0.015616 0.000000
vn -0.999878 -0.015616 0.000000
vn -0.999878 -0.015616 0.000000
vn 0.999878 -0.015616 0.000000
vn 0.999878 -0.015616 0.000000
vn -0.999878 -0.015616 0.000000
vn 0.999878 -0.015616 0.000000
vn -0.999878 -0.015616 0.000000
vn 0.999878 -0.015616 0.000000
vn -0.999878 -0.015616 0.000000
vn 0.999878 -0.015616 0.000000
vn -0.999878 -0.015616 0.000000
vn -0.999878 -0.015616 0.000000
vn 0.999878 -0.015616 0.000000
vn 0.999878 -0.015616 0.000000
vn -0.999584 -0.028832 0.000000
vn -0.999584 -0.028832 0.000000
vn 0.999584 -0.028832 0.000000
vn 0.999584 -0.028832 0.000000
vn -0.999584 -0.028832 0.000000
vn -0.999584 -0.028832 0.000000
vn 0.999584 -0.028832 0.000000
vn 0.999584 -0.028832 0.000000
vn -0.999584 -0.028832 0.000000
vn 0.999584 -0.028832 0.000000
vn -0.999584 -0.028832 0.000000
vn 0.999584 -0.028832 0.000000
vn -0.999584 -0.028832 0.000000
vn 0.999584 -0.028832 0.000000
vn -0.999584 -0.028832 0.000000
vn -0.999584 -0.028832 0.000000
vn 0.999584 -0.028832 0.000000
vn 0.999584 -0.028832 0.000000
vn -0.057740 -0.998332 0.000000
vn -0.057740 -0.998332 0.000000
vn -0.057740 -0.998332 0.000000
vn -0.057740 -0.998332 0.000000
vn 0.057740 -0.998332 0.000000
vn 0.057740 -0.998332 0.000000
vn 0.057740 -0.998332 0.000000
vn 0.057740 -0.998332 0.000000
vn -0.057740 -0.998332 0.000000
vn -0.057740 -0.998332 0.000000
vn -0.057740 -0.998332 0.000000
vn -0.057740 -0.998332 0.000000
vn 0.057740 -0.998332 0.000000
vn 0.057740 -0.998332 0.000000
vn 0.057740 -0.998332 0.000000
vn 0.057740 -0.998332 0.000000
vn -0.057740 -0.998332 0.000000
vn -0.057740 -0.998332 0.000000
vn 0.057740 -0.998332 0.000000
vn 0.057740 -0.998332 0.000000
vn -0.057740 -0.998332 0.000000
vn -0.057740 -0.998332 0.000000
vn 0.057740 -0.998332 0.000000
vn 0.057740 -0.998332 0.000000
vn -0.057740 -0.998332 0.000000
vn -0.057740 -0.998332 0.000000
vn 0.057740 -0.998332 0.000000
vn 0.057740 -0.998332 0.000000
vn -0.057740 -0.998332 0.000000
vn -0.057740 -0.998332 0.000000
vn -0.057740 -0.998332 0.000000
vn -0.057740 -0.998332 0.000000
vn 0.057740 -0.998332 0.000000
vn 0.057740 -0.998332 0.000000
vn 0.057740 -0.998332 0.000000
vn 0.057740 -0.998332 0.000000
vn -0.991684 0.128696 0.000000
vn -0.991684 0.128696 0.000000
vn -1.000000 -0.001065 0.000000
vn -1.000000 -0.001065 0.000000
vn -0.928175 0.372144 0.000000
vn -0.928175 0.372144 0.000000
vn -0.779421 0.626501 0.000000
vn -0.779421 0.626501 0.000000
vn -0.562042 0.827109 0.000000
vn -0.562042 0.827109 0.000000
vn -0.294358 0.955695 0.000000
vn -0.294357 0.955695 0.000000
vn 0.000000 1.000000 0.000000
vn 0.000000 1.000000 0.000000
vn 0.294358 0.955695 0.000000
vn 0.294357 0.955695 0.000000
vn 0.562042 0.827109 0.000000
vn 0.562042 0.827109 0.000000
vn 0.779421 0.626501 0.000000
vn 0.779421 0.626501 0.000000
vn 0.928175 0.372143 0.000000
vn 0.928175 0.372143 0.000000
vn 0.991684 0.128696 0.000001
vn 0.991684 0.128696 0.000001
vn 1.000000 -0.001065 0.000000
vn 1.000000 -0.001065 0.000000
vn -0.991684 0.128696 0.000000
vn -0.991684 0.128696 0.000000
vn -0.999999 -0.001065 0.000000
vn -1.000000 -0.001065 0.000000
vn -0.928175 0.372144 0.000000
vn -0.928175 0.372144 0.000000
vn -0.779421 0.626501 0.000000
vn -0.779421 0.626501 0.000000
vn -0.562042 0.827109 0.000000
vn -0.562042 0.827109 0.000000
vn -0.294358 0.955695 0.000000
vn -0.294358 0.955695 0.000000
vn 0.000000 1.000000 0.000000
vn 0.000000 1.000000 0.000000
vn 0.294358 0.955695 0.000000
vn 0.294358 0.955695 0.000000
vn 0.562042 0.827109 0.000000
vn 0.562042 0.827109 0.000000
vn 0.779421 0.626501 0.000000
vn 0.779421 0.626501 0.000000
vn 0.928175 0.372143 0.000000
vn 0.928175 0.372144 0.000000
vn 0.991684 0.128696 0.000000
vn 0.991684 0.128696 0.000000
vn 1.000000 -0.001065 0.000000
vn 0.999999 -0.001065 0.000000
vn -0.999979 -0.006537 0.000000
vn -0.999979 -0.006537 0.000000
vn 0.999979 -0.006537 0.000000
vn 0.999979 -0.006537 0.000000
vn -0.999979 -0.006537 0.000000
vn -0.999979 -0.006537 0.000000
vn 0.999979 -0.006537 0.000000
vn 0.999979 -0.006537 0.000000
vn -0.999924 -0.012347 0.000000
vn -0.999924 -0.012347 0.000000
vn 0.999924 -0.012347 0.000000
vn 0.999924 -0.012347 0.000000
vn -0.999924 -0.012347 0.000000
vn -0.999924 -0.012347 0.000000
vn 0.999924 -0.012347 0.000000
vn 0.999924 -0.012347 0.000000
vn -0.024898 -0.999690 0.000000
vn -0.024898 -0.999690 0.000000
vn -0.024898 -0.999690 0.000000
vn -0.024898 -0.999690 0.000000
vn 0.024898 -0.999690 0.000000
vn 0.024898 -0.999690 0.000000
vn 0.024898 -0.999690 0.000000
vn 0.024898 -0.999690 0.000000
vn -0.024898 -0.999690 0.000000
vn -0.024898 -0.999690 0.000000
vn -0.024898 -0.999690 0.000000
vn -0.024898 -0.999690 0.000000
vn 0.024898 -0.999690 0.000000
vn 0.024898 -0.999690 0.000000
vn 0.024898 -0.999690 0.000000
vn 0.024898 -0.999690 0.000000
vn -0.927039 0.374964 0.000000
vn -0.991262 0.131911 0.000000
vn -0.777146 0.629320 0.000000
vn -0.559193 0.829038 0.000000
vn -0.292369 0.956305 0.000000
vn 0.000000 1.000000 0.000000
vn 0.292369 0.956305 0.000000
vn 0.559193 0.829038 0.000000
vn 0.777146 0.629320 0.000000
vn 0.927039 0.374964 0.000000
vn 0.991262 0.131911 0.000000
vn -0.991262 0.131911 0.000000
vn -0.927039 0.374964 0.000000
vn -0.777146 0.629320 0.000000
vn -0.559193 0.829038 0.000000
vn -0.292369 0.956305 0.000000
vn 0.000000 1.000000 0.000000
vn 0.292369 0.956305 0.000000
vn 0.559193 0.829038 0.000000
vn 0.777146 0.629320 0.000000
vn 0.927039 0.374964 0.000000
vn 0.991262 0.131911 0.000000
vn -0.927039 0.374964 0.000000
vn -0.991262 0.131911 0.000000
vn -0.777146 0.629320 0.000000
vn -0.559193 0.829038 0.000000
vn -0.292369 0.956305 0.000000
vn 0.000000 1.000000 0.000000
vn 0.292369 0.956305 0.000000
vn 0.559193 0.829038 0.000000
vn 0.777146 0.629320 0.000000
vn 0.927039 0.374964 0.000000
vn 0.991262 0.131911 0.000000
vn -0.991262 0.131911 0.000000
vn -0.927039 0.374964 0.000000
vn -0.777146 0.629320 0.000000
vn -0.559193 0.829038 0.000000
vn -0.292370 0.956305 0.000000
vn 0.000000 1.000000 0.000000
vn 0.292370 0.956305 0.000000
vn 0.559193 0.829038 0.000000
vn 0.777146 0.629320 0.000000
vn 0.927039 0.374964 0.000000
vn 0.991262 0.131911 0.000000
vn -1.000000 0.000399 0.000000
vn 1.000000 0.000399 0.000000
vn -1.000000 0.000399 0.000000
vn 1.000000 0.000399 0.000000
vn -1.000000 0.000399 0.000000
vn 1.000000 0.000399 0.000000
vn -1.000000 0.000399 0.000000
vn 1.000000 0.000399 0.000000
vn -0.999878 -0.015616 0.000000
vn 0.999878 -0.015616 0.000000
vn -0.999878 -0.015616 0.000000
vn 0.999878 -0.015616 0.000000
vn -0.999878 -0.015616 0.000000
vn 0.999878 -0.015616 0.000000
vn -0.999878 -0.015616 0.000000
vn 0.999878 -0.015616 0.000000
vn -0.999584 -0.028832 0.000000
vn 0.999584 -0.028832 0.000000
vn -0.999584 -0.028832 0.000000
vn 0.999584 -0.028832 0.000000
vn -0.999584 -0.028832 0.000000
vn 0.999584 -0.028832 0.000000
vn -0.999584 -0.028832 0.000000
vn 0.999584 -0.028832 0.000000
vn -0.057740 -0.998332 0.000000
vn -0.057740 -0.998332 0.000000
vn 0.057740 -0.998332 0.000000
vn 0.057740 -0.998332 0.000000
vn -0.057740 -0.998332 0.000000
vn -0.057740 -0.998332 0.000000
vn 0.057740 -0.998332 0.000000
vn 0.057740 -0.998332 0.000000
vn -0.057740 -0.998332 0.000000
vn -0.057740 -0.998332 0.000000
vn 0.057740 -0.998332 0.000000
vn 0.057740 -0.998332 0.000000
vn -0.057740 -0.998332 0.000000
vn -0.057740 -0.998332 0.000000
vn 0.057740 -0.998332 0.000000
vn 0.057740 -0.998332 0.000000
vn -0.135478 0.020334 -0.990572
vn -0.129571 0.000742 -0.991570
vn -0.128738 0.000533 -0.991678
vn -0.134855 0.017216 -0.990716
vn -0.129571 0.000742 0.991570
vn -0.135478 0.020334 0.990572
vn -0.134855 0.017216 0.990716
vn -0.128739 0.000533 0.991678
vn -0.131506 0.054450 0.989819
vn -0.132259 0.052025 0.989849
vn -0.131506 0.054450 -0.989819
vn -0.132259 0.052025 -0.989849
vn -0.111547 0.090891 0.989594
vn -0.112483 0.089739 0.989593
vn -0.111548 0.090892 -0.989594
vn -0.112484 0.089739 -0.989593
vn -0.080000 0.118748 0.989696
vn -0.080564 0.118389 0.989694
vn -0.080000 0.118748 -0.989696
vn -0.080565 0.118390 -0.989693
vn -0.041566 0.135835 0.989859
vn -0.041774 0.135777 0.989858
vn -0.041566 0.135835 -0.989859
vn -0.041774 0.135777 -0.989858
vn 0.000000 0.141546 0.989932
vn 0.000000 0.141546 0.989932
vn 0.000000 0.141546 -0.989932
vn 0.000000 0.141546 -0.989932
vn 0.041566 0.135835 0.989859
vn 0.041774 0.135777 0.989858
vn 0.041566 0.135836 -0.989859
vn 0.041774 0.135777 -0.989858
vn 0.080000 0.118748 0.989696
vn 0.080564 0.118389 0.989694
vn 0.080000 0.118748 -0.989696
vn 0.080565 0.118389 -0.989694
vn 0.111547 0.090891 0.989594
vn 0.112483 0.089739 0.989593
vn 0.111548 0.090892 -0.989594
vn 0.112483 0.089739 -0.989593
vn 0.131506 0.054450 0.989819
vn 0.132260 0.052026 0.989849
vn 0.131506 0.054450 -0.989819
vn 0.132259 0.052025 -0.989849
vn 0.135479 0.020334 0.990572
vn 0.134856 0.017216 0.990716
vn 0.135478 0.020334 -0.990572
vn 0.134855 0.017216 -0.990716
vn 0.129572 0.000742 0.991570
vn 0.128740 0.000533 0.991678
vn 0.129571 0.000742 -0.991570
vn 0.128739 0.000533 -0.991678
vn -0.136966 -0.002878 -0.990571
vn -0.144190 -0.004890 -0.989538
vn -0.136967 -0.002878 0.990571
vn -0.144191 -0.004890 0.989538
vn 0.136967 -0.002878 0.990571
vn 0.144191 -0.004890 0.989538
vn 0.136967 -0.002878 -0.990571
vn 0.144191 -0.004890 -0.989538
vn -0.093444 -0.028708 -0.995211
vn -0.090178 -0.029862 -0.995478
vn -0.093444 -0.028707 0.995211
vn -0.090178 -0.029862 0.995478
vn 0.093444 -0.028707 0.995211
vn 0.090178 -0.029862 0.995478
vn 0.093444 -0.028707 -0.995211
vn 0.090178 -0.029862 -0.995478
vn 0.057585 -0.081332 -0.995022
vn 0.057585 -0.081332 -0.995022
vn 0.682847 -0.730562 0.000000
vn 0.682847 -0.730562 0.000000
vn 0.682847 -0.730562 0.000000
vn 0.682847 -0.730562 0.000000
vn 0.057585 -0.081331 0.995022
vn 0.057585 -0.081331 0.995022
vn -0.057585 -0.081331 0.995022
vn -0.057585 -0.081331 0.995022
vn -0.682846 -0.730562 0.000000
vn -0.682846 -0.730562 0.000000
vn -0.682846 -0.730563 0.000000
vn -0.682846 -0.730562 0.000000
vn -0.057585 -0.081332 -0.995022
vn -0.057585 -0.081332 -0.995022
vn -0.135477 0.020334 -0.990572
vn -0.129570 0.000742 -0.991570
vn -0.128738 0.000533 -0.991678
vn -0.134854 0.017216 -0.990716
vn -0.129571 0.000742 0.991570
vn -0.135476 0.020334 0.990572
vn -0.134854 0.017216 0.990716
vn -0.128739 0.000533 0.991678
vn -0.131505 0.054449 0.989819
vn -0.132258 0.052025 0.989849
vn -0.131505 0.054449 -0.989819
vn -0.132259 0.052025 -0.989849
vn -0.111547 0.090890 0.989594
vn -0.112483 0.089738 0.989593
vn -0.111547 0.090890 -0.989594
vn -0.112483 0.089738 -0.989593
vn -0.079998 0.118746 0.989697
vn -0.080563 0.118388 0.989694
vn -0.079999 0.118746 -0.989697
vn -0.080563 0.118388 -0.989694
vn -0.041565 0.135833 0.989859
vn -0.041773 0.135775 0.989859
vn -0.041565 0.135834 -0.989859
vn -0.041773 0.135775 -0.989859
vn 0.000000 0.141544 0.989932
vn 0.000000 0.141544 0.989932
vn 0.000000 0.141544 -0.989932
vn 0.000000 0.141544 -0.989932
vn 0.041565 0.135834 0.989859
vn 0.041773 0.135775 0.989859
vn 0.041565 0.135834 -0.989859
vn 0.041773 0.135775 -0.989859
vn 0.079999 0.118747 0.989697
vn 0.080563 0.118388 0.989694
vn 0.079999 0.118746 -0.989697
vn 0.080563 0.118388 -0.989694
vn 0.111547 0.090890 0.989594
vn 0.112483 0.089738 0.989593
vn 0.111546 0.090890 -0.989594
vn 0.112482 0.089737 -0.989593
vn 0.131504 0.054449 0.989819
vn 0.132257 0.052025 0.989849
vn 0.131504 0.054449 -0.989819
vn 0.132258 0.052025 -0.989849
vn 0.135476 0.020334 0.990572
vn 0.134853 0.017216 0.990716
vn 0.135477 0.020334 -0.990572
vn 0.134854 0.017216 -0.990716
vn 0.129572 0.000742 0.991570
vn 0.128740 0.000533 0.991678
vn 0.129570 0.000742 -0.991570
vn 0.128738 0.000533 -0.991679
vn -0.136966 -0.002878 -0.990572
vn -0.144189 -0.004890 -0.989538
vn -0.136967 -0.002878 0.990571
vn -0.144190 -0.004890 0.989538
vn 0.136968 -0.002878 0.990571
vn 0.144191 -0.004890 0.989538
vn 0.136965 -0.002878 -0.990572
vn 0.144189 -0.004890 -0.989538
vn -0.093443 -0.028707 -0.995211
vn -0.090177 -0.029862 -0.995478
vn -0.093443 -0.028707 0.995211
vn -0.090178 -0.029862 0.995478
vn 0.093444 -0.028707 0.995211
vn 0.090178 -0.029862 0.995478
vn 0.093443 -0.028707 -0.995211
vn 0.090177 -0.029862 -0.995478
vn 0.057584 -0.081330 -0.995022
vn 0.057584 -0.081330 -0.995022
vn 0.682847 -0.730562 0.000000
vn 0.682847 -0.730562 0.000000
vn 0.682847 -0.730562 0.000000
vn 0.682847 -0.730562 0.000000
vn 0.057585 -0.081330 0.995022
vn 0.057585 -0.081330 0.995022
vn -0.057585 -0.081330 0.995022
vn -0.057585 -0.081330 0.995022
vn -0.682846 -0.730562 0.000000
vn -0.682846 -0.730562 0.000000
vn -0.682846 -0.730562 0.000000
vn -0.682846 -0.730562 0.000000
vn -0.057584 -0.081330 -0.995022
vn -0.057584 -0.081330 -0.995022
vn 0.000000 -1.000000 0.000000
vn 0.000000 -1.000000 0.000000
vn 0.000000 -1.000000 0.000000
vn 0.000000 -1.000000 0.000000
vn 0.000000 -1.000000 0.000000
vn 0.000000 -1.000000 0.000000
vn 0.000000 -1.000000 0.000000
vn 0.000000 -1.000000 0.000000
vn 0.000000 -1.000000 0.000000
vn 0.000000 -1.000000 0.000000
vn 0.000000 -1.000000 0.000000
vn 0.000000 -1.000000 0.000000
vn 0.000000 -1.000000 0.000000
vn 0.000000 -1.000000 0.000000
vn 0.000000 -1.000000 0.000000
vn 0.000000 -1.000000 0.000000
vn 0.000000 -1.000000 0.000000
vn 0.000000 -1.000000 0.000000
vn 0.000000 -1.000000 0.000000
vn 0.000000 -1.000000 0.000000
vn 0.000000 -1.000000 0.000000
vn 0.000000 -1.000000 0.000000
vn 0.000000 -1.000000 0.000000
vn 0.000000 -1.000000 0.000000
vn 0.000000 -1.000000 0.000000
vn 0.000000 -1.000000 0.000000
vn 0.000000 -1.000000 0.000000
vn 0.000000 -1.000000 0.000000
vn 0.000000 -1.000000 0.000000
vn 0.000000 -1.000000 0.000000
vn 0.000000 -1.000000 0.000000
vn 0.000000 -1.000000 0.000000
vn 0.000000 -1.000000 0.000000
vn 0.000000 -1.000000 0.000000
vn 0.000000 -1.000000 0.000000
vn 0.000000 -1.000000 0.000000
vn 0.000000 -1.000000 0.000000
vn 0.000000 -1.000000 0.000000
vn 0.000000 -1.000000 0.000000
vn 0.000000 -1.000000 0.000000
vn 0.000000 -1.000000 0.000000
vn 0.000000 -1.000000 0.000000
vn 0.000000 -1.000000 0.000000
vn 0.000000 -1.000000 0.000000
vn 0.000000 -1.000000 0.000000
vn 0.000000 -1.000000 0.000000
vn 0.000000 -1.000000 0.000000
vn 0.000000 -1.000000 0.000000
vn -0.000000 0.000000 -1.000000
vn -0.000000 0.000000 -1.000000
vn -0.000000 0.000000 -1.000000
vn -0.000000 0.000000 -1.000000
vn -0.000000 0.000000 -1.000000
vn -0.000000 0.000000 -1.000000
vn -0.000000 0.000000 -1.000000
vn -0.000000 0.000000 -1.000000
vn -0.000000 0.000000 -1.000000
vn -0.000000 0.000000 -1.000000
vn -0.000000 0.000000 -1.000000
vn -0.000000 0.000000 -1.000000
vn -0.000000 0.000000 -1.000000
vn -0.000000 0.000000 -1.000000
vn -0.000000 0.000000 -1.000000
vn -0.000000 0.000000 -1.000000
vn -0.000000 0.000000 -1.000000
vn -0.000000 0.000000 -1.000000
vn -0.000000 0.000000 -1.000000
vn -0.690621 0.165939 0.703923
vn -0.690621 0.165939 0.703923
vn -0.690621 0.165939 0.703923
vn -0.690621 0.165939 0.703923
vn -0.612616 0.360859 0.703195
vn -0.612616 0.360859 0.703195
vn -0.612616 0.360859 0.703195
vn -0.612616 0.360859 0.703195
vn -0.480343 0.524199 0.703197
vn -0.480343 0.524199 0.703197
vn -0.480343 0.524199 0.703197
vn -0.480343 0.524199 0.703197
vn -0.306092 0.641740 0.703191
vn -0.306092 0.641740 0.703191
vn -0.306092 0.641740 0.703191
vn -0.306092 0.641740 0.703191
vn -0.105093 0.703198 0.703184
vn -0.105093 0.703199 0.703184
vn -0.105093 0.703198 0.703184
vn -0.105093 0.703199 0.703184
vn 0.105093 0.703196 0.703186
vn 0.105093 0.703196 0.703186
vn 0.105093 0.703196 0.703186
vn 0.105093 0.703196 0.703186
vn 0.306093 0.641742 0.703189
vn 0.306093 0.641742 0.703189
vn 0.306093 0.641742 0.703189
vn 0.306093 0.641742 0.703189
vn 0.480343 0.524200 0.703196
vn 0.480343 0.524200 0.703196
vn 0.480343 0.524200 0.703196
vn 0.480343 0.524200 0.703196
vn 0.612618 0.360860 0.703192
vn 0.612618 0.360860 0.703192
vn 0.612618 0.360860 0.703192
vn 0.612618 0.360860 0.703192
vn 0.690621 0.165939 0.703923
vn 0.690621 0.165939 0.703923
vn 0.690621 0.165939 0.703923
vn 0.690621 0.165939 0.703923
vn -0.708322 0.000281 0.705889
vn -0.708322 0.000281 0.705889
vn -0.708322 0.000281 0.705889
vn -0.708322 0.000281 0.705889
vn 0.708323 0.000281 0.705888
vn 0.708323 0.000281 0.705888
vn 0.708323 0.000281 0.705888
vn 0.708323 0.000281 0.705888
vn -0.707103 0.000000 0.707110
vn -0.707103 0.000000 0.707110
vn -0.707103 0.000000 0.707110
vn -0.707103 0.000000 0.707110
vn 0.707105 0.000000 0.707108
vn 0.707105 0.000000 0.707108
vn 0.707105 0.000000 0.707108
vn 0.707105 0.000000 0.707108
vn -0.758570 -0.011334 0.651493
vn -0.758570 -0.011334 0.651493
vn -0.758570 -0.011334 0.651493
vn -0.758570 -0.011334 0.651493
vn 0.758571 -0.011334 0.651492
vn 0.758571 -0.011334 0.651492
vn 0.758571 -0.011334 0.651492
vn 0.758571 -0.011334 0.651492
vn -0.023512 -0.756275 0.653832
vn -0.023512 -0.756275 0.653832
vn -0.023512 -0.756274 0.653832
vn -0.023512 -0.756274 0.653832
vn 0.023512 -0.756274 0.653833
vn 0.023512 -0.756274 0.653833
vn 0.023512 -0.756274 0.653833
vn 0.023512 -0.756274 0.653833
vn 0.690624 -0.165939 -0.703920
vn 0.690624 -0.165939 -0.703920
vn 0.690624 -0.165939 -0.703920
vn 0.690624 -0.165939 -0.703920
vn 0.612619 -0.360861 -0.703191
vn 0.612619 -0.360861 -0.703191
vn 0.612619 -0.360861 -0.703191
vn 0.612619 -0.360861 -0.703192
vn 0.480345 -0.524202 -0.703194
vn 0.480345 -0.524202 -0.703194
vn 0.480345 -0.524202 -0.703194
vn 0.480345 -0.524202 -0.703194
vn 0.306093 -0.641743 -0.703187
vn 0.306093 -0.641743 -0.703187
vn 0.306093 -0.641743 -0.703187
vn 0.306093 -0.641743 -0.703187
vn 0.105094 -0.703201 -0.703181
vn 0.105094 -0.703201 -0.703182
vn 0.105094 -0.703201 -0.703181
vn 0.105094 -0.703201 -0.703181
vn -0.105093 -0.703194 -0.703188
vn -0.105093 -0.703194 -0.703188
vn -0.105093 -0.703194 -0.703188
vn -0.105093 -0.703194 -0.703188
vn -0.306093 -0.641742 -0.703188
vn -0.306093 -0.641742 -0.703188
vn -0.306093 -0.641742 -0.703188
vn -0.306093 -0.641742 -0.703188
vn -0.480344 -0.524201 -0.703195
vn -0.480344 -0.524201 -0.703195
vn -0.480344 -0.524201 -0.703195
vn -0.480344 -0.524201 -0.703195
vn -0.612619 -0.360861 -0.703191
vn -0.612619 -0.360861 -0.703191
vn -0.612619 -0.360861 -0.703191
vn -0.612619 -0.360861 -0.703191
vn -0.690623 -0.165939 -0.703920
vn -0.690623 -0.165939 -0.703920
vn -0.690623 -0.165939 -0.703920
vn -0.690623 -0.165939 -0.703920
vn 0.708325 -0.000281 -0.705887
vn 0.708325 -0.000281 -0.705887
vn 0.708325 -0.000281 -0.705887
vn 0.708325 -0.000281 -0.705887
vn -0.708326 -0.000282 -0.705886
vn -0.708326 -0.000282 -0.705886
vn -0.708326 -0.000282 -0.705886
vn -0.708326 -0.000282 -0.705886
vn 0.707106 0.000000 -0.707107
vn 0.707106 0.000000 -0.707107
vn 0.707106 0.000000 -0.707107
vn 0.707106 0.000000 -0.707107
vn -0.707108 0.000000 -0.707106
vn -0.707108 0.000000 -0.707106
vn -0.707108 0.000000 -0.707106
vn -0.707108 0.000000 -0.707106
vn 0.758572 0.011334 -0.651491
vn 0.758572 0.011334 -0.651491
vn 0.758572 0.011334 -0.651491
vn 0.758572 0.011334 -0.651491
vn -0.758573 0.011335 -0.651489
vn -0.758573 0.011335 -0.651489
vn -0.758573 0.011335 -0.651489
vn -0.758573 0.011335 -0.651489
vn 0.055020 0.815652 -0.575920
vn 0.055020 0.815652 -0.575920
vn 0.055020 0.815652 -0.575920
vn 0.055020 0.815652 -0.575920
vn -0.055020 0.815652 -0.575921
vn -0.055020 0.815652 -0.575921
vn -0.055020 0.815652 -0.575921
vn -0.055020 0.815652 -0.575921
vn 0.000000 -0.707107 0.707107
vn 0.000000 -0.707107 0.707107
vn 0.000000 -0.707107 0.707107
vn 0.000000 -0.707107 0.707107
vn 0.000000 0.916237 -0.400637
vn 0.000000 0.916237 -0.400637
vn 0.000000 0.916237 -0.400637
vn 0.000000 0.916237 -0.400637
vn 0.690624 -0.165939 0.703920
vn 0.690624 -0.165939 0.703920
vn 0.690624 -0.165939 0.703920
vn 0.690624 -0.165939 0.703920
vn 0.612618 -0.360860 0.703192
vn 0.612618 -0.360860 0.703192
vn 0.612618 -0.360860 0.703192
vn 0.612618 -0.360860 0.703192
vn 0.480344 -0.524201 0.703195
vn 0.480344 -0.524201 0.703194
vn 0.480344 -0.524201 0.703195
vn 0.480344 -0.524201 0.703195
vn 0.306093 -0.641743 0.703188
vn 0.306093 -0.641742 0.703188
vn 0.306093 -0.641742 0.703188
vn 0.306093 -0.641743 0.703188
vn 0.105094 -0.703201 0.703181
vn 0.105094 -0.703201 0.703181
vn 0.105094 -0.703201 0.703181
vn 0.105094 -0.703201 0.703181
vn -0.105093 -0.703198 0.703184
vn -0.105093 -0.703198 0.703184
vn -0.105093 -0.703198 0.703184
vn -0.105093 -0.703198 0.703184
vn -0.306094 -0.641744 0.703186
vn -0.306094 -0.641744 0.703186
vn -0.306094 -0.641744 0.703186
vn -0.306094 -0.641744 0.703186
vn -0.480344 -0.524202 0.703194
vn -0.480345 -0.524202 0.703194
vn -0.480345 -0.524202 0.703194
vn -0.480345 -0.524202 0.703194
vn -0.612620 -0.360861 0.703190
vn -0.612620 -0.360861 0.703190
vn -0.612620 -0.360861 0.703190
vn -0.612620 -0.360861 0.703190
vn -0.690624 -0.165939 0.703919
vn -0.690624 -0.165939 0.703919
vn -0.690624 -0.165939 0.703919
vn -0.690624 -0.165939 0.703919
vn 0.690624 -0.165939 -0.703919
vn 0.690624 -0.165939 -0.703919
vn 0.690624 -0.165939 -0.703919
vn 0.690624 -0.165939 -0.703919
vn 0.612618 -0.360859 -0.703192
vn 0.612618 -0.360859 -0.703192
vn 0.612618 -0.360859 -0.703192
vn 0.612618 -0.360859 -0.703192
vn 0.480344 -0.524201 -0.703195
vn 0.480344 -0.524200 -0.703195
vn 0.480344 -0.524200 -0.703196
vn 0.480344 -0.524200 -0.703196
vn 0.306092 -0.641742 -0.703189
vn 0.306092 -0.641742 -0.703189
vn 0.306092 -0.641742 -0.703189
vn 0.306092 -0.641742 -0.703189
vn 0.105094 -0.703199 -0.703183
vn 0.105094 -0.703199 -0.703183
vn 0.105094 -0.703199 -0.703183
vn 0.105094 -0.703199 -0.703183
vn -0.105093 -0.703195 -0.703187
vn -0.105093 -0.703195 -0.703187
vn -0.105093 -0.703195 -0.703187
vn -0.105093 -0.703195 -0.703187
vn -0.306091 -0.641741 -0.703190
vn -0.306091 -0.641741 -0.703190
vn -0.306091 -0.641741 -0.703190
vn -0.306091 -0.641741 -0.703190
vn -0.480345 -0.524202 -0.703194
vn -0.480345 -0.524202 -0.703194
vn -0.480345 -0.524202 -0.703194
vn -0.480345 -0.524202 -0.703194
vn -0.612618 -0.360860 -0.703192
vn -0.612618 -0.360860 -0.703192
vn -0.612618 -0.360860 -0.703192
vn -0.612618 -0.360860 -0.703192
vn -0.690622 -0.165939 -0.703922
vn -0.690622 -0.165939 -0.703922
vn -0.690621 -0.165939 -0.703922
vn -0.690622 -0.165939 -0.703922
vn 0.708324 -0.000281 0.705887
vn 0.708324 -0.000281 0.705887
vn 0.708324 -0.000281 0.705887
vn 0.708325 -0.000281 0.705887
vn -0.708326 -0.000282 0.705886
vn -0.708326 -0.000282 0.705886
vn -0.708326 -0.000282 0.705886
vn -0.708326 -0.000282 0.705886
vn 0.708324 -0.000281 -0.705887
vn 0.708324 -0.000281 -0.705887
vn 0.708324 -0.000281 -0.705887
vn 0.708324 -0.000281 -0.705887
vn -0.708325 -0.000281 -0.705886
vn -0.708325 -0.000281 -0.705886
vn -0.708325 -0.000281 -0.705886
vn -0.708325 -0.000281 -0.705886
vn 0.707106 0.000000 0.707108
vn 0.707106 0.000000 0.707108
vn 0.707106 0.000000 0.707108
vn 0.707106 0.000000 0.707108
vn -0.707107 0.000000 0.707106
vn -0.707107 0.000000 0.707106
vn -0.707107 0.000000 0.707106
vn -0.707107 0.000000 0.707106
vn 0.707103 0.000000 -0.707110
vn 0.707103 0.000000 -0.707110
vn 0.707103 0.000000 -0.707110
vn 0.707103 0.000000 -0.707110
vn -0.707105 0.000000 -0.707108
vn -0.707105 0.000000 -0.707108
vn -0.707105 0.000000 -0.707108
vn -0.707105 0.000000 -0.707108
vn 0.758572 0.011334 0.651491
vn 0.758572 0.011334 0.651491
vn 0.758572 0.011334 0.651491
vn 0.758572 0.011334 0.651491
vn -0.758573 0.011335 0.651489
vn -0.758573 0.011335 0.651489
vn -0.758573 0.011335 0.651489
vn -0.758573 0.011335 0.651489
vn 0.758570 0.011335 -0.651492
vn 0.758570 0.011335 -0.651492
vn 0.758570 0.011335 -0.651492
vn 0.758570 0.011335 -0.651492
vn -0.758571 0.011334 -0.651492
vn -0.758571 0.011334 -0.651492
vn -0.758571 0.011334 -0.651492
vn -0.758571 0.011334 -0.651492
vn 0.055020 0.815652 0.575920
vn 0.055020 0.815652 0.575920
vn 0.055020 0.815652 0.575920
vn 0.055020 0.815652 0.575920
vn -0.055020 0.815652 0.575921
vn -0.055020 0.815652 0.575921
vn -0.055020 0.815652 0.575921
vn -0.055020 0.815652 0.575921
vn 0.055019 0.815651 -0.575923
vn 0.055019 0.815651 -0.575923
vn 0.055019 0.815651 -0.575923
vn 0.055019 0.815651 -0.575923
vn -0.055019 0.815650 -0.575923
vn -0.055019 0.815650 -0.575923
vn -0.055019 0.815650 -0.575923
vn -0.055019 0.815650 -0.575923
vn 0.000000 0.916238 0.400634
vn 0.000000 0.916238 0.400634
vn 0.000000 0.916238 0.400634
vn 0.000000 0.916238 0.400634
vn 0.000000 0.916236 -0.400640
vn 0.000000 0.916236 -0.400640
vn 0.000000 0.916236 -0.400640
vn 0.000000 0.916236 -0.400640
vn -0.690625 0.165939 -0.703919
vn -0.690625 0.165939 -0.703919
vn -0.690625 0.165939 -0.703919
vn -0.690625 0.165939 -0.703919
vn -0.612619 0.360862 -0.703191
vn -0.612619 0.360862 -0.703191
vn -0.612619 0.360862 -0.703191
vn -0.612619 0.360862 -0.703191
vn -0.480347 0.524203 -0.703192
vn -0.480347 0.524202 -0.703191
vn -0.480347 0.524203 -0.703191
vn -0.480347 0.524202 -0.703191
vn -0.306095 0.641745 -0.703185
vn -0.306095 0.641745 -0.703185
vn -0.306095 0.641745 -0.703185
vn -0.306095 0.641745 -0.703185
vn -0.105094 0.703202 -0.703180
vn -0.105094 0.703202 -0.703180
vn -0.105094 0.703202 -0.703180
vn -0.105094 0.703202 -0.703180
vn 0.105093 0.703196 -0.703186
vn 0.105093 0.703196 -0.703186
vn 0.105093 0.703196 -0.703186
vn 0.105093 0.703196 -0.703186
vn 0.306095 0.641744 -0.703186
vn 0.306095 0.641743 -0.703186
vn 0.306095 0.641744 -0.703186
vn 0.306095 0.641744 -0.703186
vn 0.480346 0.524202 -0.703193
vn 0.480346 0.524202 -0.703193
vn 0.480346 0.524202 -0.703193
vn 0.480346 0.524202 -0.703193
vn 0.612619 0.360862 -0.703190
vn 0.612619 0.360862 -0.703190
vn 0.612619 0.360862 -0.703190
vn 0.612619 0.360862 -0.703190
vn 0.690625 0.165939 -0.703918
vn 0.690625 0.165939 -0.703918
vn 0.690625 0.165939 -0.703918
vn 0.690625 0.165939 -0.703918
vn -0.708327 0.000282 -0.705884
vn -0.708327 0.000282 -0.705884
vn -0.708327 0.000282 -0.705884
vn -0.708327 0.000282 -0.705884
vn 0.708329 0.000282 -0.705883
vn 0.708329 0.000282 -0.705883
vn 0.708329 0.000282 -0.705883
vn 0.708329 0.000282 -0.705883
vn -0.707106 0.000000 -0.707107
vn -0.707106 0.000000 -0.707107
vn -0.707106 0.000000 -0.707107
vn -0.707106 0.000000 -0.707107
vn 0.707108 0.000000 -0.707106
vn 0.707108 0.000000 -0.707106
vn 0.707108 0.000000 -0.707106
vn 0.707108 0.000000 -0.707106
vn -0.758573 -0.011335 -0.651489
vn -0.758573 -0.011335 -0.651489
vn -0.758573 -0.011335 -0.651489
vn -0.758573 -0.011335 -0.651489
vn 0.758575 -0.011335 -0.651487
vn 0.758575 -0.011335 -0.651487
vn 0.758575 -0.011335 -0.651487
vn 0.758575 -0.011335 -0.651487
vn -0.023511 -0.756278 -0.653828
vn -0.023511 -0.756278 -0.653828
vn -0.023511 -0.756278 -0.653828
vn -0.023511 -0.756278 -0.653828
vn 0.023511 -0.756278 -0.653828
vn 0.023511 -0.756278 -0.653828
vn 0.023511 -0.756278 -0.653828
vn 0.023511 -0.756278 -0.653828
vn 0.690620 -0.165939 0.703923
vn 0.690620 -0.165939 0.703923
vn 0.690620 -0.165939 0.703923
vn 0.690620 -0.165939 0.703923
vn 0.612618 -0.360859 0.703193
vn 0.612618 -0.360859 0.703193
vn 0.612618 -0.360859 0.703193
vn 0.612618 -0.360859 0.703193
vn 0.480342 -0.524200 0.703196
vn 0.480342 -0.524200 0.703196
vn 0.480342 -0.524200 0.703196
vn 0.480342 -0.524200 0.703196
vn 0.306093 -0.641741 0.703190
vn 0.306093 -0.641741 0.703190
vn 0.306093 -0.641741 0.703190
vn 0.306093 -0.641741 0.703190
vn 0.105094 -0.703199 0.703183
vn 0.105094 -0.703199 0.703183
vn 0.105094 -0.703199 0.703183
vn 0.105094 -0.703199 0.703183
vn -0.105093 -0.703197 0.703185
vn -0.105093 -0.703197 0.703185
vn -0.105093 -0.703197 0.703185
vn -0.105093 -0.703197 0.703185
vn -0.306094 -0.641743 0.703188
vn -0.306094 -0.641743 0.703188
vn -0.306094 -0.641743 0.703188
vn -0.306094 -0.641743 0.703188
vn -0.480343 -0.524201 0.703195
vn -0.480343 -0.524201 0.703196
vn -0.480343 -0.524201 0.703196
vn -0.480343 -0.524201 0.703196
vn -0.612620 -0.360859 0.703191
vn -0.612620 -0.360859 0.703191
vn -0.612620 -0.360859 0.703191
vn -0.612620 -0.360859 0.703191
vn -0.690621 -0.165939 0.703922
vn -0.690621 -0.165939 0.703922
vn -0.690621 -0.165939 0.703922
vn -0.690621 -0.165939 0.703922
vn 0.708324 -0.000282 0.705888
vn 0.708324 -0.000282 0.705888
vn 0.708324 -0.000282 0.705888
vn 0.708324 -0.000282 0.705888
vn -0.708324 -0.000281 0.705887
vn -0.708324 -0.000281 0.705887
vn -0.708324 -0.000281 0.705887
vn -0.708324 -0.000281 0.705887
vn 0.707104 0.000000 0.707109
vn 0.707104 0.000000 0.707109
vn 0.707104 0.000000 0.707109
vn 0.707104 0.000000 0.707109
vn -0.707104 0.000000 0.707109
vn -0.707104 0.000000 0.707109
vn -0.707104 0.000000 0.707109
vn -0.707104 0.000000 0.707109
vn 0.758571 0.011335 0.651492
vn 0.758571 0.011335 0.651492
vn 0.758571 0.011335 0.651492
vn 0.758571 0.011335 0.651492
vn -0.758573 0.011334 0.651490
vn -0.758573 0.011334 0.651490
vn -0.758573 0.011334 0.651490
vn -0.758573 0.011334 0.651490
vn 0.055019 0.815651 0.575922
vn 0.055019 0.815651 0.575922
vn 0.055019 0.815651 0.575922
vn 0.055019 0.815651 0.575922
vn -0.055019 0.815650 0.575923
vn -0.055019 0.815650 0.575923
vn -0.055019 0.815650 0.575923
vn -0.055019 0.815650 0.575923
vn 0.000000 0.916237 0.400637
vn 0.000000 0.916237 0.400637
vn 0.000000 0.916237 0.400637
vn 0.000000 0.916237 0.400637
vn 0.000000 -0.707111 -0.707103
vn 0.000000 -0.707111 -0.707103
vn 0.000000 -0.707111 -0.707103
vn 0.000000 -0.707111 -0.707103
vn 0.991416 -0.130746 0.000000
vn 0.991416 -0.130746 0.000000
vn 0.927184 -0.374607 0.000000
vn 0.927184 -0.374607 0.000000
vn 0.777146 -0.629320 0.000000
vn 0.777146 -0.629320 0.000000
vn 0.559193 -0.829037 0.000000
vn 0.559193 -0.829037 0.000000
vn 0.292370 -0.956305 0.000000
vn 0.292370 -0.956305 0.000000
vn 0.000000 -1.000000 0.000000
vn 0.000000 -1.000000 0.000000
vn -0.292370 -0.956305 0.000000
vn -0.292370 -0.956305 0.000000
vn -0.559193 -0.829037 0.000000
vn -0.559193 -0.829037 0.000000
vn -0.777146 -0.629320 0.000000
vn -0.777146 -0.629320 0.000000
vn -0.927184 -0.374607 0.000000
vn -0.927184 -0.374607 0.000000
vn -0.991416 -0.130746 0.000000
vn -0.991416 -0.130746 0.000000
vn 0.991416 -0.130746 0.000000
vn 0.991416 -0.130746 0.000000
vn 0.927184 -0.374607 0.000000
vn 0.927184 -0.374607 0.000000
vn 0.777146 -0.629320 0.000000
vn 0.777146 -0.629320 0.000000
vn 0.559193 -0.829037 0.000000
vn 0.559193 -0.829037 0.000000
vn 0.292370 -0.956305 0.000000
vn 0.292370 -0.956305 0.000000
vn -0.000000 -1.000000 0.000000
vn 0.000000 -1.000000 0.000000
vn -0.292370 -0.956305 0.000000
vn -0.292370 -0.956305 0.000000
vn -0.559193 -0.829037 0.000000
vn -0.559193 -0.829037 0.000000
vn -0.777146 -0.629320 0.000000
vn -0.777146 -0.629320 0.000000
vn -0.927184 -0.374607 0.000000
vn -0.927184 -0.374607 0.000000
vn -0.991416 -0.130746 0.000000
vn -0.991416 -0.130746 0.000000
vn 0.991416 -0.130746 0.000000
vn 0.927184 -0.374607 0.000000
vn 0.777146 -0.629320 0.000000
vn 0.559193 -0.829037 0.000000
vn 0.292370 -0.956305 0.000000
vn -0.000000 -1.000000 0.000000
vn -0.292370 -0.956305 0.000000
vn -0.559193 -0.829037 0.000000
vn -0.777146 -0.629320 0.000000
vn -0.927184 -0.374607 0.000000
vn -0.991416 -0.130746 0.000000
vn 0.991416 -0.130746 0.000000
vn 0.927184 -0.374607 0.000000
vn 0.777146 -0.629320 0.000000
vn 0.559193 -0.829037 0.000000
vn 0.292371 -0.956305 0.000000
vn 0.000000 -1.000000 0.000000
vn -0.292371 -0.956305 0.000000
vn -0.559193 -0.829037 0.000000
vn -0.777146 -0.629320 0.000000
vn -0.927184 -0.374607 0.000000
vn -0.991416 -0.130746 0.000000
vn 0.991416 -0.130746 0.000000
vn 0.927184 -0.374607 0.000000
vn 0.777146 -0.629320 0.000000
vn 0.559193 -0.829037 0.000000
vn 0.292370 -0.956305 0.000000
vn 0.000000 -1.000000 0.000000
vn -0.292370 -0.956305 0.000000
vn -0.559193 -0.829037 0.000000
vn -0.777146 -0.629320 0.000000
vn -0.927184 -0.374607 0.000000
vn -0.991416 -0.130746 0.000000
vn 0.991416 -0.130746 0.000000
vn 0.991416 -0.130746 0.000000
vn 0.927184 -0.374607 0.000000
vn 0.927184 -0.374607 0.000000
vn 0.777146 -0.629320 0.000000
vn 0.777146 -0.629320 0.000000
vn 0.559193 -0.829037 0.000000
vn 0.559193 -0.829037 0.000000
vn 0.292371 -0.956305 0.000000
vn 0.292370 -0.956305 0.000000
vn 0.000000 -1.000000 0.000000
vn 0.000000 -1.000000 0.000000
vn -0.292371 -0.956305 0.000000
vn -0.292370 -0.956305 0.000000
vn -0.559193 -0.829037 0.000000
vn -0.559193 -0.829037 0.000000
vn -0.777146 -0.629320 0.000000
vn -0.777146 -0.629320 0.000000
vn -0.927184 -0.374607 0.000000
vn -0.927184 -0.374607 0.000000
vn -0.991416 -0.130746 0.000000
vn -0.991416 -0.130746 0.000000
vn 1.000000 0.000000 0.000000
vn 1.000000 0.000000 0.000000
vn -1.000000 0.000000 0.000000
vn -1.000000 0.000000 0.000000
vn 1.000000 0.000000 0.000000
vn 1.000000 0.000000 0.000000
vn -1.000000 0.000000 0.000000
vn -1.000000 0.000000 0.000000
vn 1.000000 0.000000 0.000000
vn -1.000000 0.000000 0.000000
vn 1.000000 0.000000 0.000000
vn -1.000000 0.000000 0.000000
vn 1.000000 0.000000 0.000000
vn -1.000000 0.000000 0.000000
vn 1.000000 0.000000 0.000000
vn 1.000000 0.000000 0.000000
vn -1.000000 0.000000 0.000000
vn -1.000000 0.000000 0.000000
vn 1.000000 0.000000 0.000000
vn 1.000000 0.000000 0.000000
vn -1.000000 0.000000 0.000000
vn -1.000000 0.000000 0.000000
vn 1.000000 0.000000 0.000000
vn 1.000000 0.000000 0.000000
vn -1.000000 0.000000 0.000000
vn -1.000000 0.000000 0.000000
vn 1.000000 0.000000 0.000000
vn -1.000000 0.000000 0.000000
vn 1.000000 0.000000 0.000000
vn -1.000000 0.000000 0.000000
vn 1.000000 0.000000 0.000000
vn -1.000000 0.000000 0.000000
vn 1.000000 0.000000 0.000000
vn 1.000000 0.000000 0.000000
vn -1.000000 0.000000 0.000000
vn -1.000000 0.000000 0.000000
vn 1.000000 0.000000 0.000000
vn 1.000000 0.000000 0.000000
vn -1.000000 0.000000 0.000000
vn -1.000000 0.000000 0.000000
vn 1.000000 0.000000 0.000000
vn 1.000000 0.000000 0.000000
vn -1.000000 0.000000 0.000000
vn -1.000000 0.000000 0.000000
vn 1.000000 0.000000 0.000000
vn -1.000000 0.000000 0.000000
vn 1.000000 0.000000 0.000000
vn -1.000000 0.000000 0.000000
vn 1.000000 0.000000 0.000000
vn -1.000000 0.000000 0.000000
vn 1.000000 0.000000 0.000000
vn 1.000000 0.000000 0.000000
vn -1.000000 0.000000 0.000000
vn -1.000000 0.000000 0.000000
vn 0.000000 1.000000 0.000000
vn 0.000000 1.000000 0.000000
vn 0.000000 1.000000 0.000000
vn 0.000000 1.000000 0.000000
vn 0.000000 1.000000 0.000000
vn 0.000000 1.000000 0.000000
vn 0.000000 1.000000 0.000000
vn 0.000000 1.000000 0.000000
vn 0.000000 1.000000 0.000000
vn 0.000000 1.000000 0.000000
vn 0.000000 1.000000 0.000000
vn 0.000000 1.000000 0.000000
vn 0.000000 1.000000 0.000000
vn 0.000000 1.000000 0.000000
vn 0.000000 1.000000 0.000000
vn 0.000000 1.000000 0.000000
vn 0.000000 1.000000 0.000000
vn 0.000000 1.000000 0.000000
vn 0.000000 1.000000 0.000000
vn 0.000000 1.000000 0.000000
vn 0.000000 1.000000 0.000000
vn 0.000000 1.000000 0.000000
vn 0.000000 1.000000 0.000000
vn 0.000000 1.000000 0.000000
vn 0.000000 1.000000 0.000000
vn 0.000000 1.000000 0.000000
vn 0.000000 1.000000 0.000000
vn 0.000000 1.000000 0.000000
vn 0.000000 1.000000 0.000000
vn 0.000000 1.000000 0.000000
vn 0.000000 1.000000 0.000000
vn 0.000000 1.000000 0.000000
vn 0.000000 1.000000 0.000000
vn 0.000000 1.000000 0.000000
vn 0.000000 1.000000 0.000000
vn 0.000000 1.000000 0.000000
vn 0.991541 -0.129797 0.000000
vn 1.000000 0.000000 0.000000
vn 1.000000 0.000000 0.000000
vn 0.991541 -0.129797 0.000000
vn 0.928143 -0.372225 0.000000
vn 0.928143 -0.372225 0.000000
vn 0.779421 -0.626501 0.000000
vn 0.779421 -0.626501 0.000000
vn 0.562043 -0.827108 0.000000
vn 0.562043 -0.827108 0.000000
vn 0.294358 -0.955695 0.000000
vn 0.294358 -0.955695 0.000000
vn 0.000000 -1.000000 0.000000
vn 0.000000 -1.000000 0.000000
vn -0.294358 -0.955695 0.000000
vn -0.294358 -0.955695 0.000000
vn -0.562043 -0.827108 0.000000
vn -0.562043 -0.827108 0.000000
vn -0.779421 -0.626501 0.000000
vn -0.779421 -0.626501 0.000000
vn -0.928143 -0.372225 0.000000
vn -0.928143 -0.372225 0.000000
vn -0.991541 -0.129797 0.000000
vn -0.991541 -0.129797 0.000000
vn -1.000000 0.000000 0.000000
vn -1.000000 0.000000 0.000000
vn 0.991541 -0.129796 0.000000
vn 1.000000 0.000000 0.000000
vn 1.000000 0.000000 0.000000
vn 0.991541 -0.129796 0.000000
vn 0.928143 -0.372225 0.000000
vn 0.928143 -0.372225 0.000000
vn 0.779421 -0.626501 0.000000
vn 0.779421 -0.626501 0.000000
vn 0.562043 -0.827108 0.000000
vn 0.562043 -0.827108 0.000000
vn 0.294359 -0.955695 0.000000
vn 0.294359 -0.955695 0.000000
vn 0.000000 -1.000000 0.000000
vn 0.000000 -1.000000 0.000000
vn -0.294358 -0.955695 0.000000
vn -0.294358 -0.955695 0.000000
vn -0.562043 -0.827108 0.000000
vn -0.562043 -0.827108 0.000000
vn -0.779421 -0.626501 0.000000
vn -0.779421 -0.626501 0.000000
vn -0.928143 -0.372225 0.000000
vn -0.928143 -0.372225 0.000000
vn -0.991541 -0.129797 0.000000
vn -0.991541 -0.129797 0.000000
vn -1.000000 0.000000 0.000000
vn -1.000000 0.000000 0.000000
vn 1.000000 0.000000 0.000000
vn 1.000000 0.000000 0.000000
vn -1.000000 0.000000 0.000000
vn -1.000000 0.000000 0.000000
vn 1.000000 0.000000 0.000000
vn 1.000000 0.000000 0.000000
vn -1.000000 0.000000 0.000000
vn -1.000000 0.000000 0.000000
vn 1.000000 0.000000 0.000000
vn 1.000000 0.000000 0.000000
vn -1.000000 0.000000 0.000000
vn -1.000000 0.000000 0.000000
vn 1.000000 0.000000 0.000000
vn 1.000000 0.000000 0.000000
vn -1.000000 0.000000 0.000000
vn -1.000000 0.000000 0.000000
vn 0.000000 1.000000 0.000000
vn 0.000000 1.000000 0.000000
vn 0.000000 1.000000 0.000000
vn 0.000000 1.000000 0.000000
vn 0.000000 1.000000 0.000000
vn 0.000000 1.000000 0.000000
vn 0.000000 1.000000 0.000000
vn 0.000000 1.000000 0.000000
vn 0.000000 1.000000 0.000000
vn 0.000000 1.000000 0.000000
vn 0.000000 1.000000 0.000000
vn 0.000000 1.000000 0.000000
vn 0.000000 1.000000 0.000000
vn 0.000000 1.000000 0.000000
vn 0.000000 1.000000 0.000000
vn 0.000000 1.000000 0.000000
vn 0.991416 -0.130746 0.000000
vn 0.927184 -0.374607 0.000000
vn 0.777146 -0.629320 0.000000
vn 0.559193 -0.829037 0.000000
vn 0.292370 -0.956305 0.000000
vn 0.000000 -1.000000 0.000000
vn -0.292370 -0.956305 0.000000
vn -0.559193 -0.829037 0.000000
vn -0.777146 -0.629320 0.000000
vn -0.927184 -0.374607 0.000000
vn -0.991416 -0.130746 0.000000
vn 0.991416 -0.130746 0.000000
vn 0.927184 -0.374607 0.000000
vn 0.777146 -0.629320 0.000000
vn 0.559193 -0.829037 0.000000
vn 0.292370 -0.956305 0.000000
vn 0.000000 -1.000000 0.000000
vn -0.292370 -0.956305 0.000000
vn -0.559193 -0.829037 0.000000
vn -0.777146 -0.629320 0.000000
vn -0.927184 -0.374607 0.000000
vn -0.991416 -0.130746 0.000000
vn 0.991416 -0.130746 0.000000
vn 0.927184 -0.374607 0.000000
vn 0.777146 -0.629320 0.000000
vn 0.559193 -0.829037 0.000000
vn 0.292370 -0.956305 0.000000
vn 0.000000 -1.000000 0.000000
vn -0.292370 -0.956305 0.000000
vn -0.559193 -0.829037 0.000000
vn -0.777146 -0.629320 0.000000
vn -0.927184 -0.374607 0.000000
vn -0.991416 -0.130746 0.000000
vn 0.991416 -0.130746 0.000000
vn 0.927184 -0.374607 0.000000
vn 0.777146 -0.629320 0.000000
vn 0.559193 -0.829037 0.000000
vn 0.292370 -0.956305 0.000000
vn 0.000000 -1.000000 0.000000
vn -0.292370 -0.956305 0.000000
vn -0.559193 -0.829037 0.000000
vn -0.777146 -0.629320 0.000000
vn -0.927184 -0.374607 0.000000
vn -0.991416 -0.130746 0.000000
vn 1.000000 0.000000 0.000000
vn -1.000000 0.000000 0.000000
vn 1.000000 0.000000 0.000000
vn -1.000000 0.000000 0.000000
vn 1.000000 0.000000 0.000000
vn -1.000000 0.000000 0.000000
vn 1.000000 0.000000 0.000000
vn -1.000000 0.000000 0.000000
vn 1.000000 0.000000 0.000000
vn -1.000000 0.000000 0.000000
vn 1.000000 0.000000 0.000000
vn -1.000000 0.000000 0.000000
vn 1.000000 0.000000 0.000000
vn -1.000000 0.000000 0.000000
vn 1.000000 0.000000 0.000000
vn -1.000000 0.000000 0.000000
vn 1.000000 0.000000 0.000000
vn -1.000000 0.000000 0.000000
vn 1.000000 0.000000 0.000000
vn -1.000000 0.000000 0.000000
vn 1.000000 0.000000 0.000000
vn -1.000000 0.000000 0.000000
vn 1.000000 0.000000 0.000000
vn -1.000000 0.000000 0.000000
vn 0.000000 1.000000 0.000000
vn 0.000000 1.000000 0.000000
vn 0.000000 1.000000 0.000000
vn 0.000000 1.000000 0.000000
vn 0.000000 1.000000 0.000000
vn 0.000000 1.000000 0.000000
vn 0.000000 1.000000 0.000000
vn 0.000000 1.000000 0.000000
vn 0.000000 1.000000 0.000000
vn 0.000000 1.000000 0.000000
vn 0.000000 1.000000 0.000000
vn 0.000000 1.000000 0.000000
vn 0.000000 1.000000 0.000000
vn 0.000000 1.000000 0.000000
vn 0.000000 1.000000 0.000000
vn 0.000000 1.000000 0.000000
vn 0.000000 0.000000 1.000000
vn 0.000000 0.000000 1.000000
vn 0.000000 0.000000 1.000000
vn 0.000000 0.000000 1.000000
vn 0.000000 0.000000 -1.000000
vn 0.000000 0.000000 -1.000000
vn 0.000000 0.000000 -1.000000
vn 0.000000 0.000000 -1.000000
vn -0.000000 0.000000 -1.000000
vn -0.000000 0.000000 -1.000000
vn 0.000000 0.000000 1.000000
vn 0.000000 0.000000 1.000000
vn -0.000000 0.000000 -1.000000
vn 0.000000 0.000000 -1.000000
vn 0.000000 0.000000 1.000000
vn 0.000000 0.000000 1.000000
vn 0.000000 0.000000 -1.000000
vn 0.000000 0.000000 -1.000000
vn 0.000000 0.000000 1.000000
vn 0.000000 0.000000 1.000000
vn 0.000000 0.000000 -1.000000
vn 0.000000 0.000000 -1.000000
vn 0.000000 0.000000 1.000000
vn 0.000000 0.000000 1.000000
vn 0.000000 0.000000 -1.000000
vn 0.000000 0.000000 -1.000000
vn 0.000000 0.000000 1.000000
vn 0.000000 0.000000 1.000000
vn 0.000000 0.000000 -1.000000
vn 0.000000 0.000000 -1.000000
vn 0.000000 0.000000 1.000000
vn 0.000000 0.000000 1.000000
vn 0.000000 0.000000 -1.000000
vn 0.000000 0.000000 -1.000000
vn 0.000000 0.000000 1.000000
vn 0.000000 0.000000 1.000000
vn 0.000000 0.000000 -1.000000
vn 0.000000 0.000000 -1.000000
vn 0.000000 0.000000 1.000000
vn 0.000000 0.000000 1.000000
vn 0.000000 0.000000 -1.000000
vn 0.000000 0.000000 -1.000000
vn 0.000000 0.000000 1.000000
vn 0.000000 0.000000 1.000000
vn -0.000000 0.000000 -1.000000
vn -0.000000 0.000000 -1.000000
vn 0.000000 0.000000 1.000000
vn 0.000000 0.000000 1.000000
vn -0.000000 0.000000 -1.000000
vn -0.000000 0.000000 -1.000000
vn 0.000000 0.000000 1.000000
vn 0.000000 0.000000 1.000000
vn 0.000000 0.000000 1.000000
vn 0.000000 0.000000 1.000000
vn 0.000000 0.000000 -1.000000
vn 0.000000 0.000000 -1.000000
vn 0.000000 0.000000 -1.000000
vn 0.000000 0.000000 -1.000000
vn 0.000000 0.000000 1.000000
vn 0.000000 0.000000 1.000000
vn 0.000000 0.000000 1.000000
vn 0.000000 0.000000 1.000000
vn 0.000000 0.000000 -1.000000
vn 0.000000 0.000000 -1.000000
vn 0.000000 0.000000 -1.000000
vn 0.000000 0.000000 -1.000000
vn 0.000000 0.000000 1.000000
vn 0.000000 0.000000 1.000000
vn 0.000000 0.000000 1.000000
vn 0.000000 0.000000 1.000000
vn -0.740496 0.672061 0.000000
vn -0.740496 0.672061 0.000000
vn -0.740496 0.672061 0.000000
vn -0.740496 0.672061 0.000000
vn 0.000000 0.000000 -1.000000
vn 0.000000 0.000000 -1.000000
vn 0.000000 0.000000 -1.000000
vn 0.000000 0.000000 -1.000000
vn 0.740496 0.672061 0.000000
vn 0.740496 0.672061 0.000000
vn 0.740496 0.672061 0.000000
vn 0.740496 0.672061 0.000000
vn 0.000000 0.000000 1.000000
vn 0.000000 0.000000 1.000000
vn 0.000000 0.000000 1.000000
vn 0.000000 0.000000 1.000000
vn -0.000002 0.000000 1.000000
vn -0.000001 0.000000 1.000000
vn 0.000000 0.000000 -1.000000
vn 0.000000 0.000000 -1.000000
vn 0.000000 0.000000 -1.000000
vn 0.000000 0.000000 -1.000000
vn 0.000000 0.000000 -1.000000
vn 0.000000 0.000000 -1.000000
vn 0.000000 0.000000 1.000000
vn 0.000000 0.000000 1.000000
vn 0.000000 0.000000 -1.000000
vn 0.000000 0.000000 -1.000000
vn 0.000000 0.000000 1.000000
vn 0.000000 0.000000 1.000000
vn 0.000000 0.000000 -1.000000
vn 0.000000 0.000000 -1.000000
vn 0.000000 0.000000 1.000000
vn 0.000000 0.000000 1.000000
vn -0.000000 0.000000 -1.000000
vn -0.000000 0.000000 -1.000000
vn 0.000000 0.000000 1.000000
vn 0.000000 0.000000 1.000000
vn -0.000000 0.000000 -1.000000
vn -0.000000 0.000000 -1.000000
vn 0.000000 0.000000 1.000000
vn 0.000000 0.000000 1.000000
vn 0.000000 0.000000 -1.000000
vn 0.000000 0.000000 -1.000000
vn 0.000000 0.000000 1.000000
vn 0.000000 0.000000 1.000000
vn 0.000001 0.000000 -1.000000
vn 0.000001 0.000000 -1.000000
vn 0.000000 0.000000 1.000000
vn 0.000000 0.000000 1.000000
vn 0.000001 0.000000 -1.000000
vn 0.000001 0.000000 -1.000000
vn 0.000000 0.000000 1.000000
vn 0.000000 0.000000 1.000000
vn 0.000000 0.000000 -1.000000
vn 0.000000 0.000000 -1.000000
vn 0.000000 0.000000 1.000000
vn 0.000000 0.000000 1.000000
vn 0.000000 0.000000 -1.000000
vn 0.000000 0.000000 -1.000000
vn 0.000000 0.000000 1.000000
vn 0.000000 0.000000 1.000000
vn 0.000000 0.000000 -1.000000
vn 0.000000 0.000000 -1.000000
vn 0.000001 0.000000 1.000000
vn 0.000002 0.000000 1.000000
vn -0.000001 0.000000 1.000000
vn -0.000002 0.000000 1.000000
vn 0.000000 0.000000 -1.000000
vn 0.000000 0.000000 -1.000000
vn 0.000000 0.000000 -1.000000
vn 0.000000 0.000000 -1.000000
vn 0.000002 0.000000 1.000000
vn 0.000001 0.000000 1.000000
vn 0.000000 0.000000 1.000000
vn 0.000000 0.000000 1.000000
vn 0.000000 0.000000 -1.000000
vn 0.000000 0.000000 -1.000000
vn 0.000000 0.000000 -1.000000
vn 0.000000 0.000000 -1.000000
vn 0.000000 0.000000 1.000000
vn 0.000000 0.000000 1.000000
vn 0.000000 0.000000 1.000000
vn 0.000000 0.000000 1.000000
vn -0.740495 0.672062 0.000000
vn -0.740495 0.672062 0.000000
vn -0.740495 0.672062 0.000000
vn -0.740495 0.672062 0.000000
vn 0.000000 0.000000 -1.000000
vn 0.000000 0.000000 -1.000000
vn 0.000000 0.000000 -1.000000
vn 0.000000 0.000000 -1.000000
vn 0.740496 0.672061 0.000000
vn 0.740496 0.672061 0.000000
vn 0.740496 0.672061 0.000000
vn 0.740496 0.672061 0.000000
vn 0.000000 0.000000 1.000000
vn 0.000000 0.000000 1.000000
vn 0.000000 1.000000 0.000000
vn 0.000000 1.000000 0.000000
vn 0.000000 1.000000 0.000000
vn 0.000000 1.000000 0.000000
vn 0.000000 1.000000 0.000000
vn 0.000000 1.000000 0.000000
vn 0.000000 1.000000 0.000000
vn 0.000000 1.000000 0.000000
vn 0.000000 1.000000 0.000000
vn 0.000000 1.000000 0.000000
vn 0.000000 1.000000 0.000000
vn 0.000000 1.000000 0.000000
vn 0.000000 1.000000 0.000000
vn 0.000000 1.000000 0.000000
vn 0.000000 1.000000 0.000000
vn 0.000000 1.000000 0.000000
vn 0.000000 1.000000 0.000000
vn 0.000000 1.000000 0.000000
vn 0.000000 1.000000 0.000000
vn 0.000000 1.000000 0.000000
vn 0.000000 1.000000 0.000000
vn 0.000000 1.000000 0.000000
vn 0.000000 1.000000 0.000000
vn 0.000000 1.000000 0.000000
vn 0.000000 1.000000 0.000000
vn 0.000000 1.000000 0.000000
vn 0.000000 1.000000 0.000000
vn 0.000000 1.000000 0.000000
vn 0.000000 1.000000 0.000000
vn 0.000000 1.000000 0.000000
vn 0.000000 1.000000 0.000000
vn 0.000000 1.000000 0.000000
vn 0.000000 1.000000 0.000000
vn 0.000000 1.000000 0.000000
vn 0.000000 1.000000 0.000000
vn 0.000000 1.000000 0.000000
vn 0.000000 1.000000 0.000000
vn 0.000000 1.000000 0.000000
vn 0.000000 1.000000 0.000000
vn 0.000000 1.000000 0.000000
vn 0.000000 1.000000 0.000000
vn 0.000000 1.000000 0.000000
vn 0.000000 1.000000 0.000000
vn 0.000000 1.000000 0.000000
vn 0.000000 1.000000 0.000000
vn 0.000000 1.000000 0.000000
vn 0.000000 1.000000 0.000000
vn 0.000000 1.000000 0.000000
vn 0.000000 0.000000 1.000000
vn 0.000000 0.000000 1.000000
vn 0.000000 0.000000 1.000000
vn 0.000000 0.000000 1.000000
vn 0.000000 0.000000 1.000000
vn 0.000000 0.000000 1.000000
vn 0.000000 0.000000 1.000000
vn 0.000000 0.000000 1.000000
vn 0.000000 0.000000 1.000000
vn 0.000000 0.000000 1.000000
vn 0.000000 0.000000 1.000000
vn 0.000000 0.000000 1.000000
vn 0.000000 0.000000 1.000000
vn 0.000000 0.000000 1.000000
vn 0.000000 0.000000 1.000000
vn 0.000000 0.000000 1.000000
vn 0.000000 0.000000 1.000000
vn 0.000000 0.000000 1.000000
vn 0.000000 0.000000 1.000000
vn 0.000000 0.000000 0.000000
vn 0.000000 0.000000 0.000000
vn 0.000000 0.000000 0.000000
vn 0.000000 0.000000 0.000000
vn 0.000000 0.000000 0.000000
vn 0.000000 0.000000 0.000000
vn 0.000000 0.000000 0.000000
vn 0.000000 0.000000 0.000000
vn 0.000000 0.000000 0.000000
vn 0.000000 0.000000 0.000000
vn 0.000000 0.000000 0.000000
vn 0.000000 0.000000 0.000000
vn 0.000000 0.000000 0.000000
vn 0.000000 0.000000 0.000000
vn 0.000000 0.000000 0.000000
vn 0.000000 0.000000 0.000000
vn 0.000000 0.000000 0.000000
vn 0.000000 0.000000 0.000000
vn 0.000000 0.000000 0.000000
vn 0.000000 0.000000 0.000000
vn 0.000000 0.000000 0.000000
vn 0.000000 0.000000 0.000000
vn 0.000000 0.000000 0.000000
vn 0.000000 0.000000 0.000000
vn 0.000000 0.000000 0.000000
vn 0.000000 0.000000 0.000000
vn 0.000000 0.000000 0.000000
vn 0.000000 0.000000 0.000000
vn 0.000000 0.000000 0.000000
vn 0.000000 0.000000 0.000000
vn 0.000000 0.000000 0.000000
vn 0.000000 0.000000 0.000000
vn 0.000000 0.000000 0.000000
vn 0.000000 0.000000 0.000000
vn 0.000000 0.000000 0.000000
vn 0.000000 0.000000 0.000000
vn 0.000000 0.000000 0.000000
vn 0.000000 0.000000 0.000000
vn 0.000000 0.000000 0.000000
vn 0.000000 0.000000 0.000000
vn 0.000000 0.000000 0.000000
vn 0.000000 0.000000 0.000000
vn 0.000000 0.000000 0.000000
vn 0.000000 0.000000 0.000000
vn 0.000000 0.000000 0.000000
vn 0.000000 0.000000 0.000000
vn 0.000000 0.000000 0.000000
vn 0.000000 0.000000 0.000000
vn 0.000000 0.000000 0.000000
vn 0.000000 0.000000 0.000000
vn 0.000000 0.000000 0.000000
vn 0.000000 0.000000 0.000000
vn 0.000000 0.000000 0.000000
vn 0.000000 0.000000 0.000000
vn 0.000000 0.000000 0.000000
vn 0.000000 0.000000 0.000000
vn 0.000000 0.000000 0.000000
vn 0.000000 0.000000 0.000000
vn 0.000000 0.000000 0.000000
vn 0.000000 0.000000 0.000000
vn 0.000000 0.000000 0.000000
vn 0.000000 0.000000 0.000000
vn 0.000000 0.000000 0.000000
vn 0.000000 0.000000 0.000000
vn 0.000000 0.000000 0.000000
vn 0.000000 0.000000 0.000000
vn 0.000000 0.000000 0.000000
vn 0.000000 0.000000 0.000000
vn 0.000000 0.000000 0.000000
vn 0.000000 0.000000 0.000000
vn 0.000000 0.000000 0.000000
vn 0.000000 0.000000 0.000000
vn 0.000000 0.000000 0.000000
vn 0.000000 0.000000 0.000000
vn 0.000000 0.000000 0.000000
vn 0.000000 0.000000 0.000000
vn 0.000000 0.000000 0.000000
vn 0.000000 0.000000 0.000000
vn 0.000000 0.000000 0.000000
vn 0.000000 0.000000 0.000000
vn 0.000000 0.000000 0.000000
vn 0.000000 0.000000 0.000000
vn 0.000000 0.000000 0.000000
vn 0.000000 0.000000 0.000000
vn 0.000000 0.000000 0.000000
vn 0.000000 0.000000 0.000000
vn 0.000000 0.000000 0.000000
vn 0.000000 0.000000 0.000000
vn 0.000000 0.000000 0.000000
vn 0.000000 0.000000 0.000000
vn 0.000000 0.000000 0.000000
vn 0.000000 0.000000 0.000000
vn 0.000000 0.000000 0.000000
vn 0.000000 0.000000 0.000000
vn 0.000000 0.000000 0.000000
vn 0.000000 0.000000 0.000000
vn 0.000000 0.000000 0.000000
vn 0.000000 0.000000 0.000000
vn 0.000000 0.000000 0.000000
vn 0.000000 0.000000 0.000000
vn 0.000000 0.000000 0.000000
vn 0.000000 0.000000 0.000000
vn 0.000000 0.000000 0.000000
vn 0.000000 0.000000 0.000000
vn 0.000000 0.000000 0.000000
vn 0.000000 0.000000 0.000000
vn 0.000000 0.000000 0.000000
vn 0.000000 0.000000 0.000000
vn 0.000000 0.000000 0.000000
vn 0.000000 0.000000 0.000000
vn 0.000000 0.000000 0.000000
vn 0.000000 0.000000 0.000000
vn 0.000000 0.000000 0.000000
vn 0.000000 0.000000 0.000000
vn 0.000000 0.000000 0.000000
vn 0.000000 0.000000 0.000000
vn 0.000000 0.000000 0.000000
vn 0.000000 0.000000 0.000000
vn 0.000000 0.000000 0.000000
vn 0.000000 0.000000 0.000000
vn 0.000000 0.000000 0.000000
vn 0.000000 0.000000 0.000000
vn 0.000000 0.000000 0.000000
vn 0.000000 0.000000 0.000000
vn 0.000000 0.000000 0.000000
vn 0.000000 0.000000 0.000000
vn 0.000000 0.000000 0.000000
vn 0.000000 0.000000 0.000000
vn 0.000000 0.000000 0.000000
vn 0.000000 0.000000 0.000000
vn 0.000000 0.000000 0.000000
vn 0.000000 0.000000 0.000000
vn 0.000000 0.000000 0.000000
vn 0.000000 0.000000 0.000000
vn 0.000000 0.000000 0.000000
vn 0.000000 0.000000 0.000000
vn 0.000000 0.000000 0.000000
vn 0.000000 0.000000 0.000000
vn 0.000000 0.000000 0.000000
vn 0.000000 0.000000 0.000000
vn 0.000000 0.000000 0.000000
vn 0.000000 0.000000 0.000000
vn 0.000000 0.000000 0.000000
vn 0.000000 0.000000 0.000000
vn 0.000000 0.000000 0.000000
vn 0.000000 0.000000 0.000000
vn 0.000000 0.000000 0.000000
vn 0.000000 0.000000 0.000000
vn 0.000000 0.000000 0.000000
vn 0.000000 0.000000 0.000000
vn 0.000000 0.000000 0.000000
vn 0.000000 0.000000 0.000000
vn 0.000000 0.000000 0.000000
vn 0.000000 0.000000 0.000000
vn 0.000000 0.000000 0.000000
vn 0.000000 0.000000 0.000000
vn 0.000000 0.000000 0.000000
vn 0.000000 0.000000 0.000000
vn 0.000000 0.000000 0.000000
vn 0.000000 0.000000 0.000000
vn 0.000000 0.000000 0.000000
vn 0.000000 0.000000 0.000000
vn 0.000000 0.000000 0.000000
vn 0.000000 0.000000 0.000000
vn 0.000000 0.000000 0.000000
vn 0.000000 0.000000 0.000000
vn 0.000000 0.000000 0.000000
vn 0.000000 0.000000 0.000000
vn 0.000000 0.000000 0.000000
vn 0.000000 0.000000 0.000000
vn 0.000000 0.000000 0.000000
vn 0.000000 0.000000 0.000000
vn 0.000000 0.000000 0.000000
vn 0.000000 0.000000 0.000000
vn 0.000000 0.000000 0.000000
vn 0.000000 0.000000 0.000000
vn 0.000000 0.000000 0.000000
vn 0.000000 0.000000 0.000000
vn 0.000000 0.000000 0.000000
vn 0.000000 0.000000 0.000000
vn 0.000000 0.000000 0.000000
vn 0.000000 0.000000 0.000000
vn 0.000000 0.000000 0.000000
vn 0.000000 0.000000 0.000000
vn 0.000000 0.000000 0.000000
vn 0.000000 0.000000 0.000000
vn 0.000000 0.000000 0.000000
vn 0.000000 0.000000 0.000000
vn 0.000000 0.000000 0.000000
vn 0.000000 0.000000 0.000000
vn 0.000000 0.000000 0.000000
vn 0.000000 0.000000 0.000000
vn 0.000000 0.000000 0.000000
vn 0.000000 0.000000 0.000000
vn 0.000000 0.000000 0.000000
vn 0.000000 0.000000 0.000000
vn 0.000000 0.000000 0.000000
vn 0.000000 0.000000 0.000000
vn 0.000000 0.000000 0.000000
vn 0.000000 0.000000 0.000000
vn 0.000000 0.000000 0.000000
vn 0.000000 0.000000 0.000000
vn 0.000000 0.000000 0.000000
vn 0.000000 0.000000 0.000000
vn 0.000000 0.000000 0.000000
vn 0.000000 0.000000 0.000000
vn 0.000000 0.000000 0.000000
vn 0.000000 0.000000 0.000000
vn 0.000000 0.000000 0.000000
vn 0.000000 0.000000 0.000000
vn 0.000000 0.000000 0.000000
vn 0.000000 0.000000 0.000000
vn 0.000000 0.000000 0.000000
vn 0.000000 0.000000 0.000000
vn 0.000000 0.000000 0.000000
vn 0.000000 0.000000 0.000000
vn 0.000000 0.000000 0.000000
vn 0.000000 0.000000 0.000000
vn 0.000000 0.000000 0.000000
vn 0.000000 0.000000 0.000000
vn 0.000000 0.000000 0.000000
vn 0.000000 0.000000 0.000000
vn 0.000000 0.000000 0.000000
vn 0.000000 0.000000 0.000000
vn 0.000000 0.000000 0.000000
vn 0.000000 0.000000 0.000000
vn 0.000000 0.000000 0.000000
vn 0.000000 0.000000 0.000000
vn 0.000000 0.000000 0.000000
vn 0.000000 0.000000 0.000000
vn 0.000000 0.000000 0.000000
vn 0.000000 0.000000 0.000000
vn 0.000000 0.000000 0.000000
vn 0.000000 0.000000 0.000000
vn 0.000000 0.000000 0.000000
vn 0.000000 0.000000 0.000000
vn 0.000000 0.000000 0.000000
vn 0.000000 0.000000 0.000000
vn 0.000000 0.000000 0.000000
vn 0.000000 0.000000 0.000000
vn 0.000000 0.000000 0.000000
vn 0.000000 0.000000 0.000000
vn 0.000000 0.000000 0.000000
vn 0.000000 0.000000 0.000000
vn 0.000000 0.000000 0.000000
vn 0.000000 0.000000 0.000000
vn 0.000000 0.000000 0.000000
vn 0.000000 0.000000 0.000000
vn 0.000000 0.000000 0.000000
vn 0.000000 0.000000 0.000000
vn 0.000000 0.000000 0.000000
vn 0.000000 0.000000 0.000000
vn 0.000000 0.000000 0.000000
vn 0.000000 0.000000 0.000000
vn 0.000000 0.000000 0.000000
vn 0.000000 0.000000 0.000000
vn 0.000000 0.000000 0.000000
vn 0.000000 0.000000 0.000000
vn 0.000000 0.000000 0.000000
vn 0.000000 0.000000 0.000000
vn 0.000000 0.000000 0.000000
vn 0.000000 0.000000 0.000000
vn 0.000000 0.000000 0.000000
vn 0.000000 0.000000 0.000000
vn 0.000000 0.000000 0.000000
vn 0.000000 0.000000 0.000000
vn 0.000000 0.000000 0.000000
vn 0.000000 0.000000 0.000000
vn 0.000000 0.000000 0.000000
vn 0.000000 0.000000 0.000000
vn 0.000000 0.000000 0.000000
vn 0.000000 0.000000 0.000000
vn 0.000000 0.000000 0.000000
vn 0.000000 0.000000 0.000000
vn 0.000000 0.000000 0.000000
vn 0.000000 0.000000 0.000000
vn 0.000000 0.000000 0.000000
vn 0.000000 0.000000 0.000000
vn 0.000000 0.000000 0.000000
vn 0.000000 0.000000 0.000000
vn 0.000000 0.000000 0.000000
vn 0.000000 0.000000 0.000000
vn 0.000000 0.000000 0.000000
vn 0.000000 0.000000 0.000000
vn 0.000000 0.000000 0.000000
vn 0.000000 0.000000 0.000000
vn 0.000000 0.000000 0.000000
vn 0.000000 0.000000 0.000000
vn 0.000000 0.000000 0.000000
vn 0.000000 0.000000 0.000000
vn 0.000000 0.000000 0.000000
vn 0.000000 0.000000 0.000000
vn 0.000000 0.000000 0.000000
vn 0.000000 0.000000 0.000000
vn 0.000000 0.000000 0.000000
vn 0.000000 0.000000 0.000000
vn 0.000000 0.000000 0.000000
vn 0.000000 0.000000 0.000000
vn 0.000000 0.000000 0.000000
vn 0.000000 0.000000 0.000000
vn 0.000000 0.000000 0.000000
vn 0.000000 0.000000 0.000000
vn 0.000000 0.000000 0.000000
vn 0.000000 0.000000 0.000000
vn 0.000000 0.000000 0.000000
vn 0.000000 0.000000 0.000000
vn 0.000000 0.000000 0.000000
vn 0.000000 0.000000 0.000000
vn 0.000000 0.000000 0.000000
vn 0.000000 0.000000 0.000000
vn 0.000000 0.000000 0.000000
vn 0.000000 0.000000 0.000000
vn 0.000000 0.000000 0.000000
vn 0.000000 0.000000 0.000000
vn 0.000000 0.000000 0.000000
vn 0.000000 0.000000 0.000000
vn 0.000000 0.000000 0.000000
vn 0.000000 0.000000 0.000000
vn 0.000000 0.000000 0.000000
vn 0.000000 0.000000 0.000000
vn 0.000000 0.000000 0.000000
vn 0.000000 0.000000 0.000000
vn 0.000000 0.000000 0.000000
vn 0.000000 0.000000 0.000000
vn 0.000000 0.000000 0.000000
vn 0.000000 0.000000 0.000000
vn 0.000000 0.000000 0.000000
vn 0.000000 0.000000 0.000000
vn 0.000000 0.000000 0.000000
vn 0.000000 0.000000 0.000000
vn 0.000000 0.000000 0.000000
vn 0.000000 0.000000 0.000000
vn 0.000000 0.000000 0.000000
vn 0.000000 0.000000 0.000000
vn 0.000000 0.000000 0.000000
vn 0.000000 0.000000 0.000000
vn 0.000000 0.000000 0.000000
vn 0.000000 0.000000 0.000000
vn 0.000000 0.000000 0.000000
vn 0.000000 0.000000 0.000000
vn 0.000000 0.000000 0.000000
vn 0.000000 0.000000 0.000000
vn 0.000000 0.000000 0.000000
vn 0.000000 0.000000 0.000000
vn 0.000000 0.000000 0.000000
vn 0.000000 0.000000 0.000000
vn 0.000000 0.000000 0.000000
vn 0.000000 0.000000 0.000000
vn 0.000000 0.000000 0.000000
vn 0.000000 0.000000 0.000000
vn 0.000000 0.000000 0.000000
vn 0.000000 0.000000 0.000000
vn 0.000000 0.000000 0.000000
vn 0.000000 0.000000 0.000000
vn 0.000000 0.000000 0.000000
vn 0.000000 0.000000 0.000000
vn 0.000000 0.000000 0.000000
vn 0.000000 0.000000 0.000000
vn 0.000000 0.000000 0.000000
vn 0.000000 0.000000 0.000000
vn 0.000000 0.000000 0.000000
vn 0.000000 0.000000 0.000000
vn 0.000000 0.000000 0.000000
vn 0.000000 0.000000 0.000000
vn 0.000000 0.000000 0.000000
vn 0.000000 0.000000 0.000000
vn 0.000000 0.000000 0.000000
vn 0.000000 0.000000 0.000000
vn 0.000000 0.000000 0.000000
vn 0.000000 0.000000 0.000000
vn 0.000000 0.000000 0.000000
vn 0.000000 0.000000 0.000000
vn 0.000000 0.000000 0.000000
vn 0.000000 0.000000 0.000000
vn 0.000000 0.000000 0.000000
vn 0.000000 0.000000 0.000000
vn 0.000000 0.000000 0.000000
vn 0.000000 0.000000 0.000000
vn 0.000000 0.000000 0.000000
vn 0.000000 0.000000 0.000000
vn 0.000000 0.000000 0.000000
vn 0.000000 0.000000 0.000000
vn 0.000000 0.000000 0.000000
vn 0.000000 0.000000 0.000000
vn 0.000000 0.000000 0.000000
vn 0.000000 0.000000 0.000000
vn 0.000000 0.000000 0.000000
vn 0.000000 0.000000 0.000000
vn 0.000000 0.000000 0.000000
vn 0.000000 0.000000 0.000000
vn 0.000000 0.000000 0.000000
vn 0.000000 0.000000 0.000000
vn 0.000000 0.000000 0.000000
vn 0.000000 0.000000 0.000000
vn 0.000000 0.000000 0.000000
vn 0.000000 0.000000 0.000000
vn 0.000000 0.000000 0.000000
vn 0.000000 0.000000 0.000000
vn 0.000000 0.000000 0.000000
vn 0.000000 0.000000 0.000000
vn 0.000000 0.000000 0.000000
vn 0.000000 0.000000 0.000000
vn 0.000000 0.000000 0.000000
vn 0.000000 0.000000 0.000000
vn 0.000000 0.000000 0.000000
vn 0.000000 0.000000 0.000000
vn 0.000000 0.000000 0.000000
vn 0.000000 0.000000 0.000000
vn 0.000000 0.000000 0.000000
vn 0.000000 0.000000 0.000000
vn 0.000000 0.000000 0.000000
vn 0.000000 0.000000 0.000000
vn 0.000000 0.000000 0.000000
vn 0.000000 0.000000 0.000000
vn 0.000000 0.000000 0.000000
vn 0.000000 0.000000 0.000000
vn 0.000000 0.000000 0.000000
vn 0.000000 0.000000 0.000000
vn 0.000000 0.000000 0.000000
vn 0.000000 0.000000 0.000000
vn 0.000000 0.000000 0.000000
vn 0.000000 0.000000 0.000000
vn 0.000000 0.000000 0.000000
vn 0.000000 0.000000 0.000000
vn 0.000000 0.000000 0.000000
vn 0.000000 0.000000 0.000000
vn 0.000000 0.000000 0.000000
vn 0.000000 0.000000 0.000000
vn 0.000000 0.000000 0.000000
vn 0.000000 0.000000 0.000000
vn 0.000000 0.000000 0.000000
vn 0.000000 0.000000 0.000000
vn 0.000000 0.000000 0.000000
vn 0.000000 0.000000 0.000000
vn 0.000000 0.000000 0.000000
vn 0.000000 0.000000 0.000000
vn 0.000000 0.000000 0.000000
vn 0.000000 0.000000 0.000000
vn 0.000000 0.000000 0.000000
vn 0.000000 0.000000 0.000000
vn 0.000000 0.000000 0.000000
vn 0.000000 0.000000 0.000000
vn 0.000000 0.000000 0.000000
vn 0.000000 0.000000 0.000000
vn 0.000000 0.000000 0.000000
vn 0.000000 0.000000 0.000000
vn 0.000000 0.000000 0.000000
vn 0.000000 0.000000 0.000000
vn 0.000000 0.000000 0.000000
vn 0.000000 0.000000 0.000000
vn 0.000000 0.000000 0.000000
vn 0.000000 0.000000 0.000000
vn 0.000000 0.000000 0.000000
vn 0.000000 0.000000 0.000000
vn 0.000000 0.000000 0.000000
vn 0.000000 0.000000 0.000000
vn 0.991416 -0.130746 0.000000
vn 0.927184 -0.374607 0.000000
vn 0.927184 -0.374607 0.000000
vn 0.991416 -0.130746 0.000000
vn 0.777146 -0.629320 0.000000
vn 0.777146 -0.629320 0.000000
vn 0.559193 -0.829037 0.000000
vn 0.559193 -0.829037 0.000000
vn 0.292371 -0.956305 0.000000
vn 0.292371 -0.956305 0.000000
vn 0.000000 -1.000000 0.000000
vn 0.000000 -1.000000 0.000000
vn -0.292371 -0.956305 0.000000
vn -0.292371 -0.956305 0.000000
vn -0.559193 -0.829037 0.000000
vn -0.559193 -0.829037 0.000000
vn -0.777146 -0.629320 0.000000
vn -0.777146 -0.629320 0.000000
vn -0.927184 -0.374608 0.000000
vn -0.927184 -0.374608 0.000000
vn -0.991416 -0.130746 0.000000
vn -0.991416 -0.130746 0.000000
vn 1.000000 0.000000 0.000000
vn 1.000000 0.000000 0.000000
vn -1.000000 0.000000 0.000000
vn -1.000000 0.000000 0.000000
vn 1.000000 0.000000 0.000000
vn 1.000000 0.000000 0.000000
vn -1.000000 0.000000 0.000000
vn -1.000000 0.000000 0.000000
vn 1.000000 0.000000 0.000000
vn 1.000000 0.000000 0.000000
vn -1.000000 0.000000 0.000000
vn -1.000000 0.000000 0.000000
vn 0.000000 1.000000 0.000000
vn 0.000000 1.000000 0.000000
vn 0.000000 1.000000 0.000000
vn 0.000000 1.000000 0.000000
vn 0.000000 1.000000 0.000000
vn 0.000000 1.000000 0.000000
vn 0.000000 1.000000 0.000000
vn 0.000000 1.000000 0.000000
s 1
g Box Mailbox
usemtl initialShadingGroup
f 438/1/1 439/2/2 440/3/3 441/4/4
f 439/2/2 442/5/5 443/6/6 440/3/3
f 442/5/5 444/7/7 445/8/8 443/6/6
f 444/7/7 446/9/9 447/10/10 445/8/8
f 446/9/9 448/11/11 449/12/12 447/10/10
f 448/11/11 450/13/13 451/14/14 449/12/12
f 450/13/13 452/15/15 453/16/16 451/14/14
f 452/15/15 454/17/17 455/18/18 453/16/16
f 454/17/17 456/19/19 457/20/20 455/18/18
f 456/19/19 458/21/21 459/22/22 457/20/20
s 2
f 460/23/23 461/24/24 462/25/25 463/26/26
f 461/24/24 464/27/27 465/28/28 462/25/25
f 464/27/27 466/29/29 467/30/30 465/28/28
f 466/29/29 468/31/31 469/32/32 467/30/30
f 468/31/31 470/33/33 471/34/34 469/32/32
f 470/33/33 472/35/35 473/36/36 471/34/34
f 472/35/35 474/37/37 475/38/38 473/36/36
f 474/37/37 476/39/39 477/40/40 475/38/38
f 476/39/39 478/41/41 479/42/42 477/40/40
f 478/41/41 480/43/43 481/44/44 479/42/42
f 463/26/26 462/25/25 482/45/45 483/46/46
f 462/25/25 465/28/28 484/47/47 482/45/45
f 465/28/28 467/30/30 485/48/48 484/47/47
f 467/30/30 469/32/32 486/49/49 485/48/48
f 469/32/32 471/34/34 487/50/50 486/49/49
f 471/34/34 473/36/36 488/51/51 487/50/50
f 473/36/36 475/38/38 489/52/52 488/51/51
f 475/38/38 477/40/40 490/53/53 489/52/52
f 477/40/40 479/42/42 491/54/54 490/53/53
f 479/42/42 481/44/44 492/55/55 491/54/54
f 483/46/46 482/45/45 493/56/56 494/57/57
f 482/45/45 484/47/47 495/58/58 493/56/56
f 484/47/47 485/48/48 496/59/59 495/58/58
f 485/48/48 486/49/49 497/60/60 496/59/59
f 486/49/49 487/50/50 498/61/61 497/60/60
f 487/50/50 488/51/51 499/62/62 498/61/61
f 488/51/51 489/52/52 500/63/63 499/62/62
f 489/52/52 490/53/53 501/64/64 500/63/63
f 490/53/53 491/54/54 502/65/65 501/64/64
f 491/54/54 492/55/55 503/66/66 502/65/65
f 494/57/57 493/56/56 504/67/67 505/68/68
f 493/56/56 495/58/58 506/69/69 504/67/67
f 495/58/58 496/59/59 507/70/70 506/69/69
f 496/59/59 497/60/60 508/71/71 507/70/70
f 497/60/60 498/61/61 509/72/72 508/71/71
f 498/61/61 499/62/62 510/73/73 509/72/72
f 499/62/62 500/63/63 511/74/74 510/73/73
f 500/63/63 501/64/64 512/75/75 511/74/74
f 501/64/64 502/65/65 513/76/76 512/75/75
f 502/65/65 503/66/66 514/77/77 513/76/76
s 3
f 515/78/78 516/79/79 517/80/80 518/81/81
f 516/79/79 519/82/82 520/83/83 517/80/80
f 519/82/82 521/84/84 522/85/85 520/83/83
f 521/84/84 523/86/86 524/87/87 522/85/85
f 523/86/86 525/88/88 526/89/89 524/87/87
f 525/88/88 527/90/90 528/91/91 526/89/89
f 527/90/90 529/92/92 530/93/93 528/91/91
f 529/92/92 531/94/94 532/95/95 530/93/93
f 531/94/94 533/96/96 534/97/97 532/95/95
f 533/96/96 535/98/98 536/99/99 534/97/97
s 1
f 438/1/1 441/4/4 537/100/100 538/101/101
f 459/22/22 458/21/21 539/102/102 540/103/103
s 2
f 460/23/23 463/26/26 541/104/104 542/105/105
f 481/44/44 480/43/43 543/106/106 544/107/107
f 463/26/26 483/46/46 545/108/108 541/104/104
f 492/55/55 481/44/44 544/107/107 546/109/109
f 483/46/46 494/57/57 547/110/110 545/108/108
f 503/66/66 492/55/55 546/109/109 548/111/111
f 494/57/57 505/68/68 549/112/112 547/110/110
f 514/77/77 503/66/66 548/111/111 550/113/113
s 3
f 515/78/78 518/81/81 551/114/114 552/115/115
f 536/99/99 535/98/98 553/116/116 554/117/117
s 1
f 538/101/101 537/100/100 555/118/118 556/119/119
f 540/103/103 539/102/102 557/120/120 558/121/121
s 2
f 542/105/105 541/104/104 559/122/122 560/123/123
f 544/107/107 543/106/106 561/124/124 562/125/125
f 541/104/104 545/108/108 563/126/126 559/122/122
f 546/109/109 544/107/107 562/125/125 564/127/127
f 545/108/108 547/110/110 565/128/128 563/126/126
f 548/111/111 546/109/109 564/127/127 566/129/129
f 547/110/110 549/112/112 567/130/130 565/128/128
f 550/113/113 548/111/111 566/129/129 568/131/131
s 3
f 552/115/115 551/114/114 569/132/132 570/133/133
f 554/117/117 553/116/116 571/134/134 572/135/135
s 1
f 556/119/119 555/118/118 573/136/136 574/137/137
f 558/121/121 557/120/120 575/138/138 576/139/139
s 2
f 560/123/123 559/122/122 577/140/140 578/141/141
f 562/125/125 561/124/124 579/142/142 580/143/143
f 559/122/122 563/126/126 581/144/144 577/140/140
f 564/127/127 562/125/125 580/143/143 582/145/145
f 563/126/126 565/128/128 583/146/146 581/144/144
f 566/129/129 564/127/127 582/145/145 584/147/147
f 565/128/128 567/130/130 585/148/148 583/146/146
f 568/131/131 566/129/129 584/147/147 586/149/149
s 3
f 570/133/133 569/132/132 587/150/150 588/151/151
f 572/135/135 571/134/134 589/152/152 590/153/153
s 4
f 574/137/154 573/136/155 591/154/156 592/155/157
s 5
f 576/139/158 575/138/159 593/156/160 594/157/161
s 6
f 578/141/162 577/140/163 595/158/164 596/159/165
s 7
f 580/143/166 579/142/167 597/160/168 598/161/169
s 6
f 577/140/163 581/144/170 599/162/171 595/158/164
s 7
f 582/145/172 580/143/166 598/161/169 600/163/173
s 6
f 581/144/170 583/146/174 601/164/175 599/162/171
s 7
f 584/147/176 582/145/172 600/163/173 602/165/177
s 6
f 583/146/174 585/148/178 603/166/179 601/164/175
s 7
f 586/149/180 584/147/176 602/165/177 604/167/181
s 8
f 588/151/182 587/150/183 605/168/184 606/169/185
s 9
f 590/153/186 589/152/187 607/170/188 608/171/189
s 10
f 609/172/190 610/173/191 611/174/192 612/175/193
f 610/173/191 609/172/190 613/176/194 614/177/195
f 614/177/195 613/176/194 615/178/196 616/179/197
f 616/179/197 615/178/196 617/180/198 618/181/199
f 618/181/199 617/180/198 619/182/200 620/183/201
f 620/183/201 619/182/200 621/184/202 622/185/203
f 622/185/203 621/184/202 623/186/204 624/187/205
f 624/187/205 623/186/204 625/188/206 626/189/207
f 626/189/207 625/188/206 627/190/208 628/191/209
f 628/191/209 627/190/208 629/192/210 630/193/211
f 630/193/211 629/192/210 631/194/212 632/195/213
f 632/195/213 631/194/212 633/196/214 634/197/215
s 11
f 635/198/216 636/199/217 637/200/218 638/201/219
f 636/199/217 635/198/216 639/202/220 640/203/221
f 640/203/221 639/202/220 641/204/222 642/205/223
f 642/205/223 641/204/222 643/206/224 644/207/225
f 644/207/225 643/206/224 645/208/226 646/209/227
f 646/209/227 645/208/226 647/210/228 648/211/229
f 648/211/229 647/210/228 649/212/230 650/213/231
f 650/213/231 649/212/230 651/214/232 652/215/233
f 652/215/233 651/214/232 653/216/234 654/217/235
f 654/217/235 653/216/234 655/218/236 656/219/237
f 656/219/237 655/218/236 657/220/238 658/221/239
f 658/221/239 657/220/238 659/222/240 660/223/241
s 10
f 612/175/193 611/174/192 661/224/242 662/225/243
f 634/197/215 633/196/214 663/226/244 664/227/245
s 11
f 638/201/219 637/200/218 665/228/246 666/229/247
f 660/223/241 659/222/240 667/230/248 668/231/249
s 10
f 662/225/243 661/224/242 669/232/250 670/233/251
f 664/227/245 663/226/244 671/234/252 672/235/253
s 11
f 666/229/247 665/228/246 673/236/254 674/237/255
f 668/231/249 667/230/248 675/238/256 676/239/257
s off
f 670/233/258 669/232/259 677/240/260 678/241/261
f 672/235/262 671/234/263 679/242/264 680/243/265
f 674/237/266 673/236/267 681/244/268 682/245/269
f 676/239/270 675/238/271 683/246/272 684/247/273
s 1
f 441/4/4 440/3/3 685/248/274 686/249/275
f 440/3/3 443/6/6 687/250/276 685/248/274
f 443/6/6 445/8/8 688/251/277 687/250/276
f 445/8/8 447/10/10 689/252/278 688/251/277
f 447/10/10 449/12/12 690/253/279 689/252/278
f 449/12/12 451/14/14 691/254/280 690/253/279
f 451/14/14 453/16/16 692/255/281 691/254/280
f 453/16/16 455/18/18 693/256/282 692/255/281
f 455/18/18 457/20/20 694/257/283 693/256/282
f 457/20/20 459/22/22 695/258/284 694/257/283
s 2
f 697/259/285 696/260/286 461/24/24 460/23/23
f 696/260/286 698/261/287 464/27/27 461/24/24
f 698/261/287 699/262/288 466/29/29 464/27/27
f 699/262/288 700/263/289 468/31/31 466/29/29
f 700/263/289 701/264/290 470/33/33 468/31/31
f 701/264/290 702/265/291 472/35/35 470/33/33
f 702/265/291 703/266/292 474/37/37 472/35/35
f 703/266/292 704/267/293 476/39/39 474/37/37
f 704/267/293 705/268/294 478/41/41 476/39/39
f 705/268/294 706/269/295 480/43/43 478/41/41
f 505/68/68 504/67/67 707/270/296 708/271/297
f 504/67/67 506/69/69 709/272/298 707/270/296
f 506/69/69 507/70/70 710/273/299 709/272/298
f 507/70/70 508/71/71 711/274/300 710/273/299
f 508/71/71 509/72/72 712/275/301 711/274/300
f 509/72/72 510/73/73 713/276/302 712/275/301
f 510/73/73 511/74/74 714/277/303 713/276/302
f 511/74/74 512/75/75 715/278/304 714/277/303
f 512/75/75 513/76/76 716/279/305 715/278/304
f 513/76/76 514/77/77 717/280/306 716/279/305
s 3
f 719/281/307 718/282/308 516/79/79 515/78/78
f 718/282/308 720/283/309 519/82/82 516/79/79
f 720/283/309 721/284/310 521/84/84 519/82/82
f 721/284/310 722/285/311 523/86/86 521/84/84
f 722/285/311 723/286/312 525/88/88 523/86/86
f 723/286/312 724/287/313 527/90/90 525/88/88
f 724/287/313 725/288/314 529/92/92 527/90/90
f 725/288/314 726/289/315 531/94/94 529/92/92
f 726/289/315 727/290/316 533/96/96 531/94/94
f 727/290/316 728/291/317 535/98/98 533/96/96
s 1
f 441/4/4 686/249/275 729/292/318 537/100/100
f 695/258/284 459/22/22 540/103/103 730/293/319
s 2
f 697/259/285 460/23/23 542/105/105 731/294/320
f 480/43/43 706/269/295 732/295/321 543/106/106
f 505/68/68 708/271/297 733/296/322 549/112/112
f 717/280/306 514/77/77 550/113/113 734/297/323
s 3
f 719/281/307 515/78/78 552/115/115 735/298/324
f 535/98/98 728/291/317 736/299/325 553/116/116
s 1
f 537/100/100 729/292/318 737/300/326 555/118/118
f 730/293/319 540/103/103 558/121/121 738/301/327
s 2
f 731/294/320 542/105/105 560/123/123 739/302/328
f 543/106/106 732/295/321 740/303/329 561/124/124
f 549/112/112 733/296/322 741/304/330 567/130/130
f 734/297/323 550/113/113 568/131/131 742/305/331
s 3
f 735/298/324 552/115/115 570/133/133 743/306/332
f 553/116/116 736/299/325 744/307/333 571/134/134
s 1
f 555/118/118 737/300/326 745/308/334 573/136/136
f 738/301/327 558/121/121 576/139/139 746/309/335
s 2
f 739/302/328 560/123/123 578/141/141 747/310/336
f 561/124/124 740/303/329 748/311/337 579/142/142
f 567/130/130 741/304/330 749/312/338 585/148/148
f 742/305/331 568/131/131 586/149/149 750/313/339
s 3
f 743/306/332 570/133/133 588/151/151 751/314/340
f 571/134/134 744/307/333 752/315/341 589/152/152
s 4
f 573/136/155 745/308/342 753/316/343 591/154/156
s 5
f 746/309/344 576/139/158 594/157/161 754/317/345
s 6
f 747/310/346 578/141/162 596/159/165 755/318/347
s 7
f 579/142/167 748/311/348 756/319/349 597/160/168
s 6
f 585/148/178 749/312/350 757/320/351 603/166/179
s 7
f 750/313/352 586/149/180 604/167/181 758/321/353
s 8
f 751/314/354 588/151/182 606/169/185 759/322/355
s 9
f 589/152/187 752/315/356 760/323/357 607/170/188
s 12
f 761/324/358 762/325/359 611/174/360 610/173/361
s 13
f 763/326/362 764/327/363 609/172/364 612/175/365
f 764/327/363 765/328/366 613/176/367 609/172/364
s 12
f 766/329/368 761/324/358 610/173/361 614/177/369
s 13
f 765/328/366 767/330/370 615/178/371 613/176/367
s 12
f 768/331/372 766/329/368 614/177/369 616/179/373
s 13
f 767/330/370 769/332/374 617/180/375 615/178/371
s 12
f 770/333/376 768/331/372 616/179/373 618/181/377
s 13
f 769/332/374 771/334/378 619/182/379 617/180/375
s 12
f 772/335/380 770/333/376 618/181/377 620/183/381
s 13
f 771/334/378 773/336/382 621/184/383 619/182/379
s 12
f 774/337/384 772/335/380 620/183/381 622/185/385
s 13
f 773/336/382 775/338/386 623/186/387 621/184/383
s 12
f 776/339/388 774/337/384 622/185/385 624/187/389
s 13
f 775/338/386 777/340/390 625/188/391 623/186/387
s 12
f 778/341/392 776/339/388 624/187/389 626/189/393
s 13
f 777/340/390 779/342/394 627/190/395 625/188/391
s 12
f 780/343/396 778/341/392 626/189/393 628/191/397
s 13
f 779/342/394 781/344/398 629/192/399 627/190/395
s 12
f 782/345/400 780/343/396 628/191/397 630/193/401
s 13
f 781/344/398 783/346/402 631/194/403 629/192/399
s 12
f 784/347/404 782/345/400 630/193/401 632/195/405
s 13
f 783/346/402 785/348/406 633/196/407 631/194/403
s 12
f 786/349/408 784/347/404 632/195/405 634/197/409
f 762/325/359 787/350/410 661/224/411 611/174/360
s 13
f 788/351/412 763/326/362 612/175/365 662/225/413
f 785/348/406 789/352/414 663/226/415 633/196/407
s 12
f 790/353/416 786/349/408 634/197/409 664/227/417
f 787/350/410 791/354/418 669/232/419 661/224/411
s 13
f 792/355/420 788/351/412 662/225/413 670/233/421
f 789/352/414 793/356/422 671/234/423 663/226/415
s 12
f 794/357/424 790/353/416 664/227/417 672/235/425
f 791/354/418 795/358/426 677/240/427 669/232/419
s off
f 795/358/428 796/359/429 678/241/430 677/240/431
s 13
f 796/359/432 792/355/420 670/233/421 678/241/433
f 793/356/422 797/360/434 679/242/435 671/234/423
s off
f 797/360/436 798/361/437 680/243/438 679/242/439
s 12
f 798/361/440 794/357/424 672/235/425 680/243/441
s 14
f 799/362/442 800/363/443 637/200/444 636/199/445
s 15
f 801/364/446 802/365/447 635/198/448 638/201/449
f 802/365/447 803/366/450 639/202/451 635/198/448
s 14
f 804/367/452 799/362/442 636/199/445 640/203/453
s 15
f 803/366/450 805/368/454 641/204/455 639/202/451
s 14
f 806/369/456 804/367/452 640/203/453 642/205/457
s 15
f 805/368/454 807/370/458 643/206/459 641/204/455
s 14
f 808/371/460 806/369/456 642/205/457 644/207/461
s 15
f 807/370/458 809/372/462 645/208/463 643/206/459
s 14
f 810/373/464 808/371/460 644/207/461 646/209/465
s 15
f 809/372/462 811/374/466 647/210/467 645/208/463
s 14
f 812/375/468 810/373/464 646/209/465 648/211/469
s 15
f 811/374/466 813/376/470 649/212/471 647/210/467
s 14
f 814/377/472 812/375/468 648/211/469 650/213/473
s 15
f 813/376/470 815/378/474 651/214/475 649/212/471
s 14
f 816/379/476 814/377/472 650/213/473 652/215/477
s 15
f 815/378/474 817/380/478 653/216/479 651/214/475
s 14
f 818/381/480 816/379/476 652/215/477 654/217/481
s 15
f 817/380/478 819/382/482 655/218/483 653/216/479
s 14
f 820/383/484 818/381/480 654/217/481 656/219/485
s 15
f 819/382/482 821/384/486 657/220/487 655/218/483
s 14
f 822/385/488 820/383/484 656/219/485 658/221/489
s 15
f 821/384/486 823/386/490 659/222/491 657/220/487
s 14
f 824/387/492 822/385/488 658/221/489 660/223/493
f 800/363/443 825/388/494 665/228/495 637/200/444
s 15
f 826/389/496 801/364/446 638/201/449 666/229/497
f 823/386/490 827/390/498 667/230/499 659/222/491
s 14
f 828/391/500 824/387/492 660/223/493 668/231/501
f 825/388/494 829/392/502 673/236/503 665/228/495
s 15
f 830/393/504 826/389/496 666/229/497 674/237/505
f 827/390/498 831/394/506 675/238/507 667/230/499
s 14
f 832/395/508 828/391/500 668/231/501 676/239/509
f 829/392/502 833/396/510 681/244/511 673/236/503
s off
f 833/396/512 834/397/513 682/245/514 681/244/515
s 15
f 834/397/516 830/393/504 674/237/505 682/245/517
f 831/394/506 835/398/518 683/246/519 675/238/507
s off
f 835/398/520 836/399/521 684/247/522 683/246/523
s 14
f 836/399/524 832/395/508 676/239/509 684/247/525
s off
f 592/155/526 591/154/527 594/157/528 593/156/529
f 591/154/530 753/316/531 754/317/532 594/157/533
f 796/359/534 795/358/535 798/361/536 797/360/537
f 755/318/538 596/159/539 597/160/540 756/319/541
f 596/159/542 595/158/543 598/161/544 597/160/545
f 595/158/546 599/162/547 600/163/548 598/161/549
f 599/162/550 601/164/551 602/165/552 600/163/553
f 601/164/554 603/166/555 604/167/556 602/165/557
f 603/166/558 757/320/559 758/321/560 604/167/561
f 834/397/562 833/396/563 836/399/564 835/398/565
f 759/322/566 606/169/567 607/170/568 760/323/569
f 606/169/570 605/168/571 608/171/572 607/170/573
f 837/400/574 838/401/575 839/402/576 840/403/577 841/404/578 842/405/579 843/406/580 844/407/581 845/408/582 846/409/583 847/410/584 848/411/585 849/412/586 850/413/587 851/414/588 852/415/589 853/416/590 854/417/591 855/418/592
f 856/419/593 857/420/594 439/2/595 438/1/596
f 857/420/597 858/421/598 442/5/599 439/2/600
f 858/421/601 859/422/602 444/7/603 442/5/604
f 859/422/605 860/423/606 446/9/607 444/7/608
f 860/423/609 861/424/610 448/11/611 446/9/612
f 861/424/613 862/425/614 450/13/615 448/11/616
f 862/425/617 863/426/618 452/15/619 450/13/620
f 863/426/621 864/427/622 454/17/623 452/15/624
f 864/427/625 865/428/626 456/19/627 454/17/628
f 865/428/629 866/429/630 458/21/631 456/19/632
f 867/430/633 856/419/634 438/1/635 538/101/636
f 866/429/637 868/431/638 539/102/639 458/21/640
f 869/432/641 867/430/642 538/101/643 556/119/644
f 868/431/645 870/433/646 557/120/647 539/102/648
f 871/434/649 869/432/650 556/119/651 574/137/652
f 870/433/653 872/435/654 575/138/655 557/120/656
f 873/436/657 871/434/658 574/137/659 592/155/660
f 872/435/661 874/437/662 593/156/663 575/138/664
f 765/328/665 764/327/666 686/249/667 685/248/668
f 767/330/669 765/328/670 685/248/671 687/250/672
f 769/332/673 767/330/674 687/250/675 688/251/676
f 771/334/677 769/332/678 688/251/679 689/252/680
f 773/336/681 771/334/682 689/252/683 690/253/684
f 775/338/685 773/336/686 690/253/687 691/254/688
f 777/340/689 775/338/690 691/254/691 692/255/692
f 779/342/693 777/340/694 692/255/695 693/256/696
f 781/344/697 779/342/698 693/256/699 694/257/700
f 783/346/701 781/344/702 694/257/703 695/258/704
f 764/327/705 763/326/706 729/292/707 686/249/708
f 785/348/709 783/346/710 695/258/711 730/293/712
f 763/326/713 788/351/714 737/300/715 729/292/716
f 789/352/717 785/348/718 730/293/719 738/301/720
f 788/351/721 792/355/722 745/308/723 737/300/724
f 793/356/725 789/352/726 738/301/727 746/309/728
f 792/355/729 796/359/730 753/316/731 745/308/732
f 797/360/733 793/356/734 746/309/735 754/317/736
f 874/437/737 873/436/738 592/155/739 593/156/740
f 796/359/741 797/360/742 754/317/743 753/316/744
f 761/324/745 766/329/746 696/260/747 697/259/748
f 766/329/749 768/331/750 698/261/751 696/260/752
f 768/331/753 770/333/754 699/262/755 698/261/756
f 770/333/757 772/335/758 700/263/759 699/262/760
f 772/335/761 774/337/762 701/264/763 700/263/764
f 774/337/765 776/339/766 702/265/767 701/264/768
f 776/339/769 778/341/770 703/266/771 702/265/772
f 778/341/773 780/343/774 704/267/775 703/266/776
f 780/343/777 782/345/778 705/268/779 704/267/780
f 782/345/781 784/347/782 706/269/783 705/268/784
f 803/366/785 802/365/786 708/271/787 707/270/788
f 805/368/789 803/366/790 707/270/791 709/272/792
f 807/370/793 805/368/794 709/272/795 710/273/796
f 809/372/797 807/370/798 710/273/799 711/274/800
f 811/374/801 809/372/802 711/274/803 712/275/804
f 813/376/805 811/374/806 712/275/807 713/276/808
f 815/378/809 813/376/810 713/276/811 714/277/812
f 817/380/813 815/378/814 714/277/815 715/278/816
f 819/382/817 817/380/818 715/278/819 716/279/820
f 821/384/821 819/382/822 716/279/823 717/280/824
f 762/325/825 761/324/826 697/259/827 731/294/828
f 784/347/829 786/349/830 732/295/831 706/269/832
f 802/365/833 801/364/834 733/296/835 708/271/836
f 823/386/837 821/384/838 717/280/839 734/297/840
f 787/350/841 762/325/842 731/294/843 739/302/844
f 786/349/845 790/353/846 740/303/847 732/295/848
f 801/364/849 826/389/850 741/304/851 733/296/852
f 827/390/853 823/386/854 734/297/855 742/305/856
f 791/354/857 787/350/858 739/302/859 747/310/860
f 790/353/861 794/357/862 748/311/863 740/303/864
f 826/389/865 830/393/866 749/312/867 741/304/868
f 831/394/869 827/390/870 742/305/871 750/313/872
f 795/358/873 791/354/874 747/310/875 755/318/876
f 794/357/877 798/361/878 756/319/879 748/311/880
f 830/393/881 834/397/882 757/320/883 749/312/884
f 835/398/885 831/394/886 750/313/887 758/321/888
f 798/361/889 795/358/890 755/318/891 756/319/892
f 834/397/893 835/398/894 758/321/895 757/320/896
f 837/400/897 855/418/898 518/81/899 517/80/900
f 838/401/901 837/400/902 517/80/903 520/83/904
f 839/402/905 838/401/906 520/83/907 522/85/908
f 840/403/909 839/402/910 522/85/911 524/87/912
f 841/404/913 840/403/914 524/87/915 526/89/916
f 842/405/917 841/404/918 526/89/919 528/91/920
f 843/406/921 842/405/922 528/91/923 530/93/924
f 844/407/925 843/406/926 530/93/927 532/95/928
f 845/408/929 844/407/930 532/95/931 534/97/932
f 846/409/933 845/408/934 534/97/935 536/99/936
f 855/418/937 854/417/938 551/114/939 518/81/940
f 847/410/941 846/409/942 536/99/943 554/117/944
f 854/417/945 853/416/946 569/132/947 551/114/948
f 848/411/949 847/410/950 554/117/951 572/135/952
f 853/416/953 852/415/954 587/150/955 569/132/956
f 849/412/957 848/411/958 572/135/959 590/153/960
f 852/415/961 851/414/962 605/168/963 587/150/964
f 850/413/965 849/412/966 590/153/967 608/171/968
f 799/362/969 804/367/970 718/282/971 719/281/972
f 804/367/973 806/369/974 720/283/975 718/282/976
f 806/369/977 808/371/978 721/284/979 720/283/980
f 808/371/981 810/373/982 722/285/983 721/284/984
f 810/373/985 812/375/986 723/286/987 722/285/988
f 812/375/989 814/377/990 724/287/991 723/286/992
f 814/377/993 816/379/994 725/288/995 724/287/996
f 816/379/997 818/381/998 726/289/999 725/288/1000
f 818/381/1001 820/383/1002 727/290/1003 726/289/1004
f 820/383/1005 822/385/1006 728/291/1007 727/290/1008
f 800/363/1009 799/362/1010 719/281/1011 735/298/1012
f 822/385/1013 824/387/1014 736/299/1015 728/291/1016
f 825/388/1017 800/363/1018 735/298/1019 743/306/1020
f 824/387/1021 828/391/1022 744/307/1023 736/299/1024
f 829/392/1025 825/388/1026 743/306/1027 751/314/1028
f 828/391/1029 832/395/1030 752/315/1031 744/307/1032
f 833/396/1033 829/392/1034 751/314/1035 759/322/1036
f 832/395/1037 836/399/1038 760/323/1039 752/315/1040
f 836/399/1041 833/396/1042 759/322/1043 760/323/1044
f 851/414/1045 850/413/1046 608/171/1047 605/168/1048
s 16
f 191/438/1049 194/439/1050 193/440/1051 192/441/1052
f 192/441/1052 193/440/1051 196/442/1053 195/443/1054
f 195/443/1054 196/442/1053 198/444/1055 197/445/1056
f 197/445/1056 198/444/1055 200/446/1057 199/447/1058
f 199/447/1058 200/446/1057 202/448/1059 201/449/1060
f 201/449/1060 202/448/1059 204/450/1061 203/451/1062
f 203/451/1062 204/450/1061 206/452/1063 205/453/1064
f 205/453/1064 206/452/1063 208/454/1065 207/455/1066
f 207/455/1066 208/454/1065 210/456/1067 209/457/1068
f 209/457/1068 210/456/1067 212/458/1069 211/459/1070
s 17
f 248/460/1071 251/461/1072 250/462/1073 249/463/1074
f 249/463/1074 250/462/1073 253/464/1075 252/465/1076
f 252/465/1076 253/464/1075 255/466/1077 254/467/1078
f 254/467/1078 255/466/1077 257/468/1079 256/469/1080
f 256/469/1080 257/468/1079 259/470/1081 258/471/1082
f 258/471/1082 259/470/1081 261/472/1083 260/473/1084
f 260/473/1084 261/472/1083 263/474/1085 262/475/1086
f 262/475/1086 263/474/1085 265/476/1087 264/477/1088
f 264/477/1088 265/476/1087 267/478/1089 266/479/1090
f 266/479/1090 267/478/1089 269/480/1091 268/481/1092
f 251/461/1072 271/482/1093 270/483/1094 250/462/1073
f 250/462/1073 270/483/1094 272/484/1095 253/464/1075
f 253/464/1075 272/484/1095 273/485/1096 255/466/1077
f 255/466/1077 273/485/1096 274/486/1097 257/468/1079
f 257/468/1079 274/486/1097 275/487/1098 259/470/1081
f 259/470/1081 275/487/1098 276/488/1099 261/472/1083
f 261/472/1083 276/488/1099 277/489/1100 263/474/1085
f 263/474/1085 277/489/1100 278/490/1101 265/476/1087
f 265/476/1087 278/490/1101 279/491/1102 267/478/1089
f 267/478/1089 279/491/1102 280/492/1103 269/480/1091
f 271/482/1093 282/493/1104 281/494/1105 270/483/1094
f 270/483/1094 281/494/1105 283/495/1106 272/484/1095
f 272/484/1095 283/495/1106 284/496/1107 273/485/1096
f 273/485/1096 284/496/1107 285/497/1108 274/486/1097
f 274/486/1097 285/497/1108 286/498/1109 275/487/1098
f 275/487/1098 286/498/1109 287/499/1110 276/488/1099
f 276/488/1099 287/499/1110 288/500/1111 277/489/1100
f 277/489/1100 288/500/1111 289/501/1112 278/490/1101
f 278/490/1101 289/501/1112 290/502/1113 279/491/1102
f 279/491/1102 290/502/1113 291/503/1114 280/492/1103
f 282/493/1104 293/504/1115 292/505/1116 281/494/1105
f 281/494/1105 292/505/1116 294/506/1117 283/495/1106
f 283/495/1106 294/506/1117 295/507/1118 284/496/1107
f 284/496/1107 295/507/1118 296/508/1119 285/497/1108
f 285/497/1108 296/508/1119 297/509/1120 286/498/1109
f 286/498/1109 297/509/1120 298/510/1121 287/499/1110
f 287/499/1110 298/510/1121 299/511/1122 288/500/1111
f 288/500/1111 299/511/1122 300/512/1123 289/501/1112
f 289/501/1112 300/512/1123 301/513/1124 290/502/1113
f 290/502/1113 301/513/1124 302/514/1125 291/503/1114
s 18
f 381/515/1126 384/516/1127 383/517/1128 382/518/1129
f 382/518/1129 383/517/1128 386/519/1130 385/520/1131
f 385/520/1131 386/519/1130 388/521/1132 387/522/1133
f 387/522/1133 388/521/1132 390/523/1134 389/524/1135
f 389/524/1135 390/523/1134 392/525/1136 391/526/1137
f 391/526/1137 392/525/1136 394/527/1138 393/528/1139
f 393/528/1139 394/527/1138 396/529/1140 395/530/1141
f 395/530/1141 396/529/1140 398/531/1142 397/532/1143
f 397/532/1143 398/531/1142 400/533/1144 399/534/1145
f 399/534/1145 400/533/1144 402/535/1146 401/536/1147
s 16
f 191/438/1049 214/537/1148 213/538/1149 194/439/1050
f 212/458/1069 216/539/1150 215/540/1151 211/459/1070
s 17
f 248/460/1071 304/541/1152 303/542/1153 251/461/1072
f 269/480/1091 306/543/1154 305/544/1155 268/481/1092
f 251/461/1072 303/542/1153 307/545/1156 271/482/1093
f 280/492/1103 308/546/1157 306/543/1154 269/480/1091
f 271/482/1093 307/545/1156 309/547/1158 282/493/1104
f 291/503/1114 310/548/1159 308/546/1157 280/492/1103
f 282/493/1104 309/547/1158 311/549/1160 293/504/1115
f 302/514/1125 312/550/1161 310/548/1159 291/503/1114
s 18
f 381/515/1126 404/551/1162 403/552/1163 384/516/1127
f 402/535/1146 406/553/1164 405/554/1165 401/536/1147
s 16
f 214/537/1148 218/555/1166 217/556/1167 213/538/1149
f 216/539/1150 220/557/1168 219/558/1169 215/540/1151
s 17
f 304/541/1152 314/559/1170 313/560/1171 303/542/1153
f 306/543/1154 316/561/1172 315/562/1173 305/544/1155
f 303/542/1153 313/560/1171 317/563/1174 307/545/1156
f 308/546/1157 318/564/1175 316/561/1172 306/543/1154
f 307/545/1156 317/563/1174 319/565/1176 309/547/1158
f 310/548/1159 320/566/1177 318/564/1175 308/546/1157
f 309/547/1158 319/565/1176 321/567/1178 311/549/1160
f 312/550/1161 322/568/1179 320/566/1177 310/548/1159
s 18
f 404/551/1162 408/569/1180 407/570/1181 403/552/1163
f 406/553/1164 410/571/1182 409/572/1183 405/554/1165
s 16
f 218/555/1166 222/573/1184 221/574/1185 217/556/1167
f 220/557/1168 224/575/1186 223/576/1187 219/558/1169
s 17
f 314/559/1170 324/577/1188 323/578/1189 313/560/1171
f 316/561/1172 326/579/1190 325/580/1191 315/562/1173
f 313/560/1171 323/578/1189 327/581/1192 317/563/1174
f 318/564/1175 328/582/1193 326/579/1190 316/561/1172
f 317/563/1174 327/581/1192 329/583/1194 319/565/1176
f 320/566/1177 330/584/1195 328/582/1193 318/564/1175
f 319/565/1176 329/583/1194 331/585/1196 321/567/1178
f 322/568/1179 332/586/1197 330/584/1195 320/566/1177
s 18
f 408/569/1180 412/587/1198 411/588/1199 407/570/1181
f 410/571/1182 414/589/1200 413/590/1201 409/572/1183
s 19
f 222/573/1202 226/591/1203 225/592/1204 221/574/1205
s 20
f 224/575/1206 228/593/1207 227/594/1208 223/576/1209
s 21
f 324/577/1210 334/595/1211 333/596/1212 323/578/1213
s 22
f 326/579/1214 336/597/1215 335/598/1216 325/580/1217
s 21
f 323/578/1213 333/596/1212 337/599/1218 327/581/1219
s 22
f 328/582/1220 338/600/1221 336/597/1215 326/579/1214
s 21
f 327/581/1219 337/599/1218 339/601/1222 329/583/1223
s 22
f 330/584/1224 340/602/1225 338/600/1221 328/582/1220
s 21
f 329/583/1223 339/601/1222 341/603/1226 331/585/1227
s 22
f 332/586/1228 342/604/1229 340/602/1225 330/584/1224
s 23
f 412/587/1230 416/605/1231 415/606/1232 411/588/1233
s 24
f 414/589/1234 418/607/1235 417/608/1236 413/590/1237
s 25
f 115/609/1238 118/610/1239 117/611/1240 116/612/1241
f 116/612/1241 120/613/1242 119/614/1243 115/609/1238
f 120/613/1242 122/615/1244 121/616/1245 119/614/1243
f 122/615/1244 124/617/1246 123/618/1247 121/616/1245
f 124/617/1246 126/619/1248 125/620/1249 123/618/1247
f 126/619/1248 128/621/1250 127/622/1251 125/620/1249
f 128/621/1250 130/623/1252 129/624/1253 127/622/1251
f 130/623/1252 132/625/1254 131/626/1255 129/624/1253
f 132/625/1254 134/627/1256 133/628/1257 131/626/1255
f 134/627/1256 136/629/1258 135/630/1259 133/628/1257
f 136/629/1258 138/631/1260 137/632/1261 135/630/1259
f 138/631/1260 140/633/1262 139/634/1263 137/632/1261
s 26
f 153/635/1264 156/636/1265 155/637/1266 154/638/1267
f 154/638/1267 158/639/1268 157/640/1269 153/635/1264
f 158/639/1268 160/641/1270 159/642/1271 157/640/1269
f 160/641/1270 162/643/1272 161/644/1273 159/642/1271
f 162/643/1272 164/645/1274 163/646/1275 161/644/1273
f 164/645/1274 166/647/1276 165/648/1277 163/646/1275
f 166/647/1276 168/649/1278 167/650/1279 165/648/1277
f 168/649/1278 170/651/1280 169/652/1281 167/650/1279
f 170/651/1280 172/653/1282 171/654/1283 169/652/1281
f 172/653/1282 174/655/1284 173/656/1285 171/654/1283
f 174/655/1284 176/657/1286 175/658/1287 173/656/1285
f 176/657/1286 178/659/1288 177/660/1289 175/658/1287
s 25
f 118/610/1239 142/661/1290 141/662/1291 117/611/1240
f 140/633/1262 144/663/1292 143/664/1293 139/634/1263
s 26
f 156/636/1265 180/665/1294 179/666/1295 155/637/1266
f 178/659/1288 182/667/1296 181/668/1297 177/660/1289
s 25
f 142/661/1290 146/669/1298 145/670/1299 141/662/1291
f 144/663/1292 148/671/1300 147/672/1301 143/664/1293
s 26
f 180/665/1294 184/673/1302 183/674/1303 179/666/1295
f 182/667/1296 186/675/1304 185/676/1305 181/668/1297
s off
f 146/669/1306 150/677/1307 149/678/1308 145/670/1309
f 148/671/1310 152/679/1311 151/680/1312 147/672/1313
f 184/673/1314 188/681/1315 187/682/1316 183/674/1317
f 186/675/1318 190/683/1319 189/684/1320 185/676/1321
s 16
f 194/439/1050 230/685/1322 229/686/1323 193/440/1051
f 193/440/1051 229/686/1323 231/687/1324 196/442/1053
f 196/442/1053 231/687/1324 232/688/1325 198/444/1055
f 198/444/1055 232/688/1325 233/689/1326 200/446/1057
f 200/446/1057 233/689/1326 234/690/1327 202/448/1059
f 202/448/1059 234/690/1327 235/691/1328 204/450/1061
f 204/450/1061 235/691/1328 236/692/1329 206/452/1063
f 206/452/1063 236/692/1329 237/693/1330 208/454/1065
f 208/454/1065 237/693/1330 238/694/1331 210/456/1067
f 210/456/1067 238/694/1331 239/695/1332 212/458/1069
s 17
f 344/696/1333 248/460/1071 249/463/1074 343/697/1334
f 343/697/1334 249/463/1074 252/465/1076 345/698/1335
f 345/698/1335 252/465/1076 254/467/1078 346/699/1336
f 346/699/1336 254/467/1078 256/469/1080 347/700/1337
f 347/700/1337 256/469/1080 258/471/1082 348/701/1338
f 348/701/1338 258/471/1082 260/473/1084 349/702/1339
f 349/702/1339 260/473/1084 262/475/1086 350/703/1340
f 350/703/1340 262/475/1086 264/477/1088 351/704/1341
f 351/704/1341 264/477/1088 266/479/1090 352/705/1342
f 352/705/1342 266/479/1090 268/481/1092 353/706/1343
f 293/504/1115 355/707/1344 354/708/1345 292/505/1116
f 292/505/1116 354/708/1345 356/709/1346 294/506/1117
f 294/506/1117 356/709/1346 357/710/1347 295/507/1118
f 295/507/1118 357/710/1347 358/711/1348 296/508/1119
f 296/508/1119 358/711/1348 359/712/1349 297/509/1120
f 297/509/1120 359/712/1349 360/713/1350 298/510/1121
f 298/510/1121 360/713/1350 361/714/1351 299/511/1122
f 299/511/1122 361/714/1351 362/715/1352 300/512/1123
f 300/512/1123 362/715/1352 363/716/1353 301/513/1124
f 301/513/1124 363/716/1353 364/717/1354 302/514/1125
s 18
f 420/718/1355 381/515/1126 382/518/1129 419/719/1356
f 419/719/1356 382/518/1129 385/520/1131 421/720/1357
f 421/720/1357 385/520/1131 387/522/1133 422/721/1358
f 422/721/1358 387/522/1133 389/524/1135 423/722/1359
f 423/722/1359 389/524/1135 391/526/1137 424/723/1360
f 424/723/1360 391/526/1137 393/528/1139 425/724/1361
f 425/724/1361 393/528/1139 395/530/1141 426/725/1362
f 426/725/1362 395/530/1141 397/532/1143 427/726/1363
f 427/726/1363 397/532/1143 399/534/1145 428/727/1364
f 428/727/1364 399/534/1145 401/536/1147 429/728/1365
s 16
f 194/439/1050 213/538/1149 240/729/1366 230/685/1322
f 239/695/1332 241/730/1367 216/539/1150 212/458/1069
s 17
f 344/696/1333 365/731/1368 304/541/1152 248/460/1071
f 268/481/1092 305/544/1155 366/732/1369 353/706/1343
f 293/504/1115 311/549/1160 367/733/1370 355/707/1344
f 364/717/1354 368/734/1371 312/550/1161 302/514/1125
s 18
f 420/718/1355 430/735/1372 404/551/1162 381/515/1126
f 401/536/1147 405/554/1165 431/736/1373 429/728/1365
s 16
f 213/538/1149 217/556/1167 242/737/1374 240/729/1366
f 241/730/1367 243/738/1375 220/557/1168 216/539/1150
s 17
f 365/731/1368 369/739/1376 314/559/1170 304/541/1152
f 305/544/1155 315/562/1173 370/740/1377 366/732/1369
f 311/549/1160 321/567/1178 371/741/1378 367/733/1370
f 368/734/1371 372/742/1379 322/568/1179 312/550/1161
s 18
f 430/735/1372 432/743/1380 408/569/1180 404/551/1162
f 405/554/1165 409/572/1183 433/744/1381 431/736/1373
s 16
f 217/556/1167 221/574/1185 244/745/1382 242/737/1374
f 243/738/1375 245/746/1383 224/575/1186 220/557/1168
s 17
f 369/739/1376 373/747/1384 324/577/1188 314/559/1170
f 315/562/1173 325/580/1191 374/748/1385 370/740/1377
f 321/567/1178 331/585/1196 375/749/1386 371/741/1378
f 372/742/1379 376/750/1387 332/586/1197 322/568/1179
s 18
f 432/743/1380 434/751/1388 412/587/1198 408/569/1180
f 409/572/1183 413/590/1201 435/752/1389 433/744/1381
s 19
f 221/574/1205 225/592/1204 246/753/1390 244/745/1391
s 20
f 245/746/1392 247/754/1393 228/593/1207 224/575/1206
s 21
f 373/747/1394 377/755/1395 334/595/1211 324/577/1210
s 22
f 325/580/1217 335/598/1216 378/756/1396 374/748/1397
s 21
f 331/585/1227 341/603/1226 379/757/1398 375/749/1399
s 22
f 376/750/1400 380/758/1401 342/604/1229 332/586/1228
s 23
f 434/751/1402 436/759/1403 416/605/1231 412/587/1230
s 24
f 413/590/1237 417/608/1236 437/760/1404 435/752/1405
s 27
f 40/761/1406 116/612/1407 117/611/1408 84/762/1409
s 28
f 83/763/1410 118/610/1411 115/609/1412 39/764/1413
f 39/764/1413 115/609/1412 119/614/1414 41/765/1415
s 27
f 42/766/1416 120/613/1417 116/612/1407 40/761/1406
s 28
f 41/765/1415 119/614/1414 121/616/1418 43/767/1419
s 27
f 44/768/1420 122/615/1421 120/613/1417 42/766/1416
s 28
f 43/767/1419 121/616/1418 123/618/1422 45/769/1423
s 27
f 46/770/1424 124/617/1425 122/615/1421 44/768/1420
s 28
f 45/769/1423 123/618/1422 125/620/1426 47/771/1427
s 27
f 48/772/1428 126/619/1429 124/617/1425 46/770/1424
s 28
f 47/771/1427 125/620/1426 127/622/1430 49/773/1431
s 27
f 50/774/1432 128/621/1433 126/619/1429 48/772/1428
s 28
f 49/773/1431 127/622/1430 129/624/1434 51/775/1435
s 27
f 52/776/1436 130/623/1437 128/621/1433 50/774/1432
s 28
f 51/775/1435 129/624/1434 131/626/1438 53/777/1439
s 27
f 54/778/1440 132/625/1441 130/623/1437 52/776/1436
s 28
f 53/777/1439 131/626/1438 133/628/1442 55/779/1443
s 27
f 56/780/1444 134/627/1445 132/625/1441 54/778/1440
s 28
f 55/779/1443 133/628/1442 135/630/1446 57/781/1447
s 27
f 58/782/1448 136/629/1449 134/627/1445 56/780/1444
s 28
f 57/781/1447 135/630/1446 137/632/1450 60/783/1451
s 27
f 59/784/1452 138/631/1453 136/629/1449 58/782/1448
s 28
f 60/783/1451 137/632/1450 139/634/1454 86/785/1455
s 27
f 85/786/1456 140/633/1457 138/631/1453 59/784/1452
f 84/762/1409 117/611/1408 141/662/1458 92/787/1459
s 28
f 91/788/1460 142/661/1461 118/610/1411 83/763/1410
f 86/785/1455 139/634/1454 143/664/1462 94/789/1463
s 27
f 93/790/1464 144/663/1465 140/633/1457 85/786/1456
f 92/787/1459 141/662/1458 145/670/1466 100/791/1467
s 28
f 99/792/1468 146/669/1469 142/661/1461 91/788/1460
f 94/789/1463 143/664/1462 147/672/1470 102/793/1471
s 27
f 101/794/1472 148/671/1473 144/663/1465 93/790/1464
f 100/791/1467 145/670/1466 149/678/1474 108/795/1475
s off
f 108/795/1476 149/678/1477 150/677/1478 107/796/1479
s 28
f 107/796/1480 150/677/1481 146/669/1469 99/792/1468
f 102/793/1471 147/672/1470 151/680/1482 110/797/1483
s off
f 110/797/1484 151/680/1485 152/679/1486 109/798/1487
s 27
f 109/798/1488 152/679/1489 148/671/1473 101/794/1472
s 29
f 62/799/1490 154/638/1491 155/637/1492 88/800/1493
s 30
f 87/801/1494 156/636/1495 153/635/1496 61/802/1497
f 61/802/1497 153/635/1496 157/640/1498 63/803/1499
s 29
f 64/804/1500 158/639/1501 154/638/1491 62/799/1490
s 30
f 63/803/1499 157/640/1498 159/642/1502 65/805/1503
s 29
f 66/806/1504 160/641/1505 158/639/1501 64/804/1500
s 30
f 65/805/1503 159/642/1502 161/644/1506 67/807/1507
s 29
f 68/808/1508 162/643/1509 160/641/1505 66/806/1504
s 30
f 67/807/1507 161/644/1506 163/646/1510 69/809/1511
s 29
f 70/810/1512 164/645/1513 162/643/1509 68/808/1508
s 30
f 69/809/1511 163/646/1510 165/648/1514 71/811/1515
s 29
f 72/812/1516 166/647/1517 164/645/1513 70/810/1512
s 30
f 71/811/1515 165/648/1514 167/650/1518 73/813/1519
s 29
f 74/814/1520 168/649/1521 166/647/1517 72/812/1516
s 30
f 73/813/1519 167/650/1518 169/652/1522 75/815/1523
s 29
f 76/816/1524 170/651/1525 168/649/1521 74/814/1520
s 30
f 75/815/1523 169/652/1522 171/654/1526 77/817/1527
s 29
f 78/818/1528 172/653/1529 170/651/1525 76/816/1524
s 30
f 77/817/1527 171/654/1526 173/656/1530 79/819/1531
s 29
f 80/820/1532 174/655/1533 172/653/1529 78/818/1528
s 30
f 79/819/1531 173/656/1530 175/658/1534 82/821/1535
s 29
f 81/822/1536 176/657/1537 174/655/1533 80/820/1532
s 30
f 82/821/1535 175/658/1534 177/660/1538 90/823/1539
s 29
f 89/824/1540 178/659/1541 176/657/1537 81/822/1536
f 88/800/1493 155/637/1492 179/666/1542 96/825/1543
s 30
f 95/826/1544 180/665/1545 156/636/1495 87/801/1494
f 90/823/1539 177/660/1538 181/668/1546 98/827/1547
s 29
f 97/828/1548 182/667/1549 178/659/1541 89/824/1540
f 96/825/1543 179/666/1542 183/674/1550 104/829/1551
s 30
f 103/830/1552 184/673/1553 180/665/1545 95/826/1544
f 98/827/1547 181/668/1546 185/676/1554 106/831/1555
s 29
f 105/832/1556 186/675/1557 182/667/1549 97/828/1548
f 104/829/1551 183/674/1550 187/682/1558 112/833/1559
s off
f 112/833/1560 187/682/1561 188/681/1562 111/834/1563
s 30
f 111/834/1564 188/681/1565 184/673/1553 103/830/1552
f 106/831/1555 185/676/1554 189/684/1566 114/835/1567
s off
f 114/835/1568 189/684/1569 190/683/1570 113/836/1571
s 29
f 113/836/1572 190/683/1573 186/675/1557 105/832/1556
s off
f 226/591/1574 227/594/1575 228/593/1576 225/592/1577
f 225/592/1578 228/593/1579 247/754/1580 246/753/1581
f 107/796/1582 110/797/1583 109/798/1584 108/795/1585
f 377/755/1586 378/756/1587 335/598/1588 334/595/1589
f 334/595/1590 335/598/1591 336/597/1592 333/596/1593
f 333/596/1594 336/597/1595 338/600/1596 337/599/1597
f 337/599/1598 338/600/1599 340/602/1600 339/601/1601
f 339/601/1602 340/602/1603 342/604/1604 341/603/1605
f 341/603/1606 342/604/1607 380/758/1608 379/757/1609
f 111/834/1610 114/835/1611 113/836/1612 112/833/1613
f 436/759/1614 437/760/1615 417/608/1616 416/605/1617
f 416/605/1618 417/608/1619 418/607/1620 415/606/1621
f 13/837/1622 12/838/1623 25/839/1624 29/840/1625 33/841/1626 37/842/1627 38/843/1628 34/844/1629 30/845/1630 26/846/1631 22/847/1632 21/848/1633 20/849/1634 19/850/1635 18/851/1636 17/852/1637 16/853/1638 15/854/1639 14/855/1640
f 1/856/1641 191/438/1642 192/441/1643 2/857/1644
f 2/857/1645 192/441/1646 195/443/1647 3/858/1648
f 3/858/1649 195/443/1650 197/445/1651 4/859/1652
f 4/859/1653 197/445/1654 199/447/1655 5/860/1656
f 5/860/1657 199/447/1658 201/449/1659 6/861/1660
f 6/861/1661 201/449/1662 203/451/1663 7/862/1664
f 7/862/1665 203/451/1666 205/453/1667 8/863/1668
f 8/863/1669 205/453/1670 207/455/1671 9/864/1672
f 9/864/1673 207/455/1674 209/457/1675 10/865/1676
f 10/865/1677 209/457/1678 211/459/1679 11/866/1680
f 23/867/1681 214/537/1682 191/438/1683 1/856/1684
f 11/866/1685 211/459/1686 215/540/1687 24/868/1688
f 27/869/1689 218/555/1690 214/537/1691 23/867/1692
f 24/868/1693 215/540/1694 219/558/1695 28/870/1696
f 31/871/1697 222/573/1698 218/555/1699 27/869/1700
f 28/870/1701 219/558/1702 223/576/1703 32/872/1704
f 35/873/1705 226/591/1706 222/573/1707 31/871/1708
f 32/872/1709 223/576/1710 227/594/1711 36/874/1712
f 41/765/1713 229/686/1714 230/685/1715 39/764/1716
f 43/767/1717 231/687/1718 229/686/1719 41/765/1720
f 45/769/1721 232/688/1722 231/687/1723 43/767/1724
f 47/771/1725 233/689/1726 232/688/1727 45/769/1728
f 49/773/1729 234/690/1730 233/689/1731 47/771/1732
f 51/775/1733 235/691/1734 234/690/1735 49/773/1736
f 53/777/1737 236/692/1738 235/691/1739 51/775/1740
f 55/779/1741 237/693/1742 236/692/1743 53/777/1744
f 57/781/1745 238/694/1746 237/693/1747 55/779/1748
f 60/783/1749 239/695/1750 238/694/1751 57/781/1752
f 39/764/1753 230/685/1754 240/729/1755 83/763/1756
f 86/785/1757 241/730/1758 239/695/1759 60/783/1760
f 83/763/1761 240/729/1762 242/737/1763 91/788/1764
f 94/789/1765 243/738/1766 241/730/1767 86/785/1768
f 91/788/1769 242/737/1770 244/745/1771 99/792/1772
f 102/793/1773 245/746/1774 243/738/1775 94/789/1776
f 99/792/1777 244/745/1778 246/753/1779 107/796/1780
f 110/797/1781 247/754/1782 245/746/1783 102/793/1784
f 36/874/1785 227/594/1786 226/591/1787 35/873/1788
f 107/796/1789 246/753/1790 247/754/1791 110/797/1792
f 40/761/1793 344/696/1794 343/697/1795 42/766/1796
f 42/766/1797 343/697/1798 345/698/1799 44/768/1800
f 44/768/1801 345/698/1802 346/699/1803 46/770/1804
f 46/770/1805 346/699/1806 347/700/1807 48/772/1808
f 48/772/1809 347/700/1810 348/701/1811 50/774/1812
f 50/774/1813 348/701/1814 349/702/1815 52/776/1816
f 52/776/1817 349/702/1818 350/703/1819 54/778/1820
f 54/778/1821 350/703/1822 351/704/1823 56/780/1824
f 56/780/1825 351/704/1826 352/705/1827 58/782/1828
f 58/782/1829 352/705/1830 353/706/1831 59/784/1832
f 63/803/1833 354/708/1834 355/707/1835 61/802/1836
f 65/805/1837 356/709/1838 354/708/1839 63/803/1840
f 67/807/1841 357/710/1842 356/709/1843 65/805/1844
f 69/809/1845 358/711/1846 357/710/1847 67/807/1848
f 71/811/1849 359/712/1850 358/711/1851 69/809/1852
f 73/813/1853 360/713/1854 359/712/1855 71/811/1856
f 75/815/1857 361/714/1858 360/713/1859 73/813/1860
f 77/817/1861 362/715/1862 361/714/1863 75/815/1864
f 79/819/1865 363/716/1866 362/715/1867 77/817/1868
f 82/821/1869 364/717/1870 363/716/1871 79/819/1872
f 84/762/1873 365/731/1874 344/696/1875 40/761/1876
f 59/784/1877 353/706/1878 366/732/1879 85/786/1880
f 61/802/1881 355/707/1882 367/733/1883 87/801/1884
f 90/823/1885 368/734/1886 364/717/1887 82/821/1888
f 92/787/1889 369/739/1890 365/731/1891 84/762/1892
f 85/786/1893 366/732/1894 370/740/1895 93/790/1896
f 87/801/1897 367/733/1898 371/741/1899 95/826/1900
f 98/827/1901 372/742/1902 368/734/1903 90/823/1904
f 100/791/1905 373/747/1906 369/739/1907 92/787/1908
f 93/790/1909 370/740/1910 374/748/1911 101/794/1912
f 95/826/1913 371/741/1914 375/749/1915 103/830/1916
f 106/831/1917 376/750/1918 372/742/1919 98/827/1920
f 108/795/1921 377/755/1922 373/747/1923 100/791/1924
f 101/794/1925 374/748/1926 378/756/1927 109/798/1928
f 103/830/1929 375/749/1930 379/757/1931 111/834/1932
f 114/835/1933 380/758/1934 376/750/1935 106/831/1936
f 109/798/1937 378/756/1938 377/755/1939 108/795/1940
f 111/834/1941 379/757/1942 380/758/1943 114/835/1944
f 13/837/1945 383/517/1946 384/516/1947 12/838/1948
f 14/855/1949 386/519/1950 383/517/1951 13/837/1952
f 15/854/1953 388/521/1954 386/519/1955 14/855/1956
f 16/853/1957 390/523/1958 388/521/1959 15/854/1960
f 17/852/1961 392/525/1962 390/523/1963 16/853/1964
f 18/851/1965 394/527/1966 392/525/1967 17/852/1968
f 19/850/1969 396/529/1970 394/527/1971 18/851/1972
f 20/849/1973 398/531/1974 396/529/1975 19/850/1976
f 21/848/1977 400/533/1978 398/531/1979 20/849/1980
f 22/847/1981 402/535/1982 400/533/1983 21/848/1984
f 12/838/1985 384/516/1986 403/552/1987 25/839/1988
f 26/846/1989 406/553/1990 402/535/1991 22/847/1992
f 25/839/1993 403/552/1994 407/570/1995 29/840/1996
f 30/845/1997 410/571/1998 406/553/1999 26/846/2000
f 29/840/2001 407/570/2002 411/588/2003 33/841/2004
f 34/844/2005 414/589/2006 410/571/2007 30/845/2008
f 33/841/2009 411/588/2010 415/606/2011 37/842/2012
f 38/843/2013 418/607/2014 414/589/2015 34/844/2016
f 62/799/2017 420/718/2018 419/719/2019 64/804/2020
f 64/804/2021 419/719/2022 421/720/2023 66/806/2024
f 66/806/2025 421/720/2026 422/721/2027 68/808/2028
f 68/808/2029 422/721/2030 423/722/2031 70/810/2032
f 70/810/2033 423/722/2034 424/723/2035 72/812/2036
f 72/812/2037 424/723/2038 425/724/2039 74/814/2040
f 74/814/2041 425/724/2042 426/725/2043 76/816/2044
f 76/816/2045 426/725/2046 427/726/2047 78/818/2048
f 78/818/2049 427/726/2050 428/727/2051 80/820/2052
f 80/820/2053 428/727/2054 429/728/2055 81/822/2056
f 88/800/2057 430/735/2058 420/718/2059 62/799/2060
f 81/822/2061 429/728/2062 431/736/2063 89/824/2064
f 96/825/2065 432/743/2066 430/735/2067 88/800/2068
f 89/824/2069 431/736/2070 433/744/2071 97/828/2072
f 104/829/2073 434/751/2074 432/743/2075 96/825/2076
f 97/828/2077 433/744/2078 435/752/2079 105/832/2080
f 112/833/2081 436/759/2082 434/751/2083 104/829/2084
f 105/832/2085 435/752/2086 437/760/2087 113/836/2088
f 113/836/2089 437/760/2090 436/759/2091 112/833/2092
f 37/842/2093 415/606/2094 418/607/2095 38/843/2096
s 31
f 1/856/2097 2/857/2098 857/420/2099 856/419/2100
f 2/857/2098 3/858/2101 858/421/2102 857/420/2099
f 3/858/2101 4/859/2103 859/422/2104 858/421/2102
f 4/859/2103 5/860/2105 860/423/2106 859/422/2104
f 5/860/2105 6/861/2107 861/424/2108 860/423/2106
f 6/861/2107 7/862/2109 862/425/2110 861/424/2108
f 7/862/2109 8/863/2111 863/426/2112 862/425/2110
f 8/863/2111 9/864/2113 864/427/2114 863/426/2112
f 9/864/2113 10/865/2115 865/428/2116 864/427/2114
f 10/865/2115 11/866/2117 866/429/2118 865/428/2116
f 23/867/2119 1/856/2097 856/419/2100 867/430/2120
f 11/866/2117 24/868/2121 868/431/2122 866/429/2118
f 27/869/2123 23/867/2119 867/430/2120 869/432/2124
f 24/868/2121 28/870/2125 870/433/2126 868/431/2122
f 31/871/2127 27/869/2123 869/432/2124 871/434/2128
f 28/870/2125 32/872/2129 872/435/2130 870/433/2126
s 32
f 35/873/2131 31/871/2132 871/434/2133 873/436/2134
f 32/872/2135 36/874/2136 874/437/2137 872/435/2138
f 36/874/2136 35/873/2131 873/436/2134 874/437/2137
g default
v -10.730230 -1.665891 10.527157
v -10.730230 -0.556768 11.636298
v -11.839370 -0.556768 10.527157
v 10.345658 -0.556768 10.527157
v 9.236517 -0.556768 11.636298
v 9.236517 -1.665891 10.527157
v -11.839370 200.403839 10.527157
v -10.730230 200.403839 11.636298
v -10.730230 201.512982 10.527157
v 9.236517 201.512982 10.527157
v 9.236517 200.403839 11.636298
v 10.345658 200.403839 10.527157
v -11.839370 200.403839 -9.439589
v -10.730230 201.512982 -9.439589
v -10.730230 200.403839 -10.548731
v 9.236517 200.403839 -10.548731
v 9.236517 201.512982 -9.439589
v 10.345658 200.403839 -9.439589
v -11.839370 -0.556768 -9.439589
v -10.730230 -0.556768 -10.548731
v -10.730230 -1.665891 -9.439589
v 9.236517 -1.665891 -9.439589
v 9.236517 -0.556768 -10.548731
v 10.345658 -0.556768 -9.439589
vt 0.387499 0.987501
vt 0.375000 0.987501
vt 0.375000 0.762499
vt 0.387499 0.762499
vt 0.387499 0.001365
vt 0.387499 0.000000
vt 0.612501 0.000000
vt 0.612501 0.001365
vt 0.362501 0.001365
vt 0.387499 0.248635
vt 0.362501 0.248635
vt 0.625000 0.987501
vt 0.612501 0.987501
vt 0.612501 0.762499
vt 0.625000 0.762499
vt 0.637499 0.001365
vt 0.637499 0.248635
vt 0.612501 0.248635
vt 0.375000 0.262499
vt 0.387499 0.262499
vt 0.387499 0.487501
vt 0.375000 0.487501
vt 0.612501 0.262499
vt 0.625000 0.262499
vt 0.625000 0.487501
vt 0.612501 0.487501
vt 0.375000 0.501365
vt 0.387499 0.501365
vt 0.387499 0.748635
vt 0.375000 0.748635
vt 0.612501 0.501365
vt 0.625000 0.501365
vt 0.625000 0.748635
vt 0.612501 0.748635
vt 0.862501 0.001365
vt 0.862501 0.248635
vt 0.137499 0.001365
vt 0.137499 0.248635
vn -0.707101 -0.707112 0.000000
vn -0.707101 -0.707112 0.000000
vn -0.707101 -0.707112 0.000000
vn -0.707101 -0.707112 0.000000
vn 0.000000 -0.707114 0.707099
vn 0.000000 -0.707114 0.707099
vn 0.000000 -0.707114 0.707099
vn 0.000000 -0.707114 0.707099
vn -0.707107 0.000000 0.707107
vn -0.707107 0.000000 0.707107
vn -0.707107 0.000000 0.707107
vn -0.707107 0.000000 0.707107
vn 0.707101 -0.707112 0.000000
vn 0.707101 -0.707112 0.000000
vn 0.707101 -0.707112 0.000000
vn 0.707101 -0.707112 0.000000
vn 0.707107 0.000000 0.707107
vn 0.707107 0.000000 0.707107
vn 0.707107 0.000000 0.707107
vn 0.707107 0.000000 0.707107
vn -0.707107 0.707106 0.000000
vn -0.707107 0.707106 0.000000
vn -0.707107 0.707106 0.000000
vn -0.707107 0.707106 0.000000
vn 0.000000 0.707107 0.707107
vn 0.000000 0.707107 0.707107
vn 0.000000 0.707107 0.707107
vn 0.000000 0.707107 0.707107
vn 0.707107 0.707106 0.000000
vn 0.707107 0.707106 0.000000
vn 0.707107 0.707106 0.000000
vn 0.707107 0.707106 0.000000
vn -0.707107 0.000000 -0.707106
vn -0.707107 0.000000 -0.707106
vn -0.707107 0.000000 -0.707106
vn -0.707107 0.000000 -0.707106
vn 0.000000 0.707107 -0.707106
vn 0.000000 0.707107 -0.707106
vn 0.000000 0.707107 -0.707106
vn 0.000000 0.707107 -0.707106
vn 0.707107 0.000000 -0.707106
vn 0.707107 0.000000 -0.707106
vn 0.707107 0.000000 -0.707106
vn 0.707107 0.000000 -0.707106
vn 0.000000 -0.707115 -0.707099
vn 0.000000 -0.707115 -0.707099
vn 0.000000 -0.707115 -0.707099
vn 0.000000 -0.707115 -0.707099
vn 0.000000 0.000000 1.000000
vn 0.000000 0.000000 1.000000
vn 0.000000 0.000000 1.000000
vn 0.000000 0.000000 1.000000
vn 0.000000 1.000000 0.000000
vn 0.000000 1.000000 0.000000
vn 0.000000 1.000000 0.000000
vn 0.000000 1.000000 0.000000
vn 0.000000 0.000000 -1.000000
vn 0.000000 0.000000 -1.000000
vn 0.000000 0.000000 -1.000000
vn 0.000000 0.000000 -1.000000
vn 0.000000 -1.000000 0.000000
vn 0.000000 -1.000000 0.000000
vn 0.000000 -1.000000 0.000000
vn 0.000000 -1.000000 0.000000
vn 1.000000 0.000000 0.000000
vn 1.000000 0.000000 0.000000
vn 1.000000 0.000000 0.000000
vn 1.000000 0.000000 0.000000
vn -1.000000 0.000000 0.000000
vn -1.000000 0.000000 0.000000
vn -1.000000 0.000000 0.000000
vn -1.000000 0.000000 0.000000
vn -0.577345 -0.577353 0.577353
vn -0.577345 -0.577353 0.577353
vn -0.577345 -0.577353 0.577353
vn 0.577348 -0.577357 0.577345
vn 0.577348 -0.577357 0.577345
vn 0.577348 -0.577357 0.577345
vn -0.577351 0.577349 0.577350
vn -0.577351 0.577349 0.577350
vn -0.577351 0.577349 0.577350
vn 0.577349 0.577348 0.577353
vn 0.577349 0.577348 0.577353
vn 0.577349 0.577348 0.577353
vn -0.577352 0.577350 -0.577349
vn -0.577352 0.577350 -0.577349
vn -0.577352 0.577350 -0.577349
vn 0.577350 0.577348 -0.577353
vn 0.577350 0.577348 -0.577353
vn 0.577350 0.577348 -0.577353
vn -0.577344 -0.577353 -0.577353
vn -0.577344 -0.577354 -0.577353
vn -0.577344 -0.577354 -0.577353
vn 0.577348 -0.577358 -0.577345
vn 0.577348 -0.577358 -0.577345
vn 0.577348 -0.577358 -0.577345
s off
g Mailbox Stand
usemtl lambert2SG
f 875/875/2139 877/876/2140 893/877/2141 895/878/2142
f 876/879/2143 875/880/2144 880/881/2145 879/882/2146
f 877/883/2147 876/879/2148 882/884/2149 881/885/2150
f 878/886/2151 880/887/2152 896/888/2153 898/889/2154
f 879/882/2155 878/890/2156 886/891/2157 885/892/2158
f 881/893/2159 883/894/2160 888/895/2161 887/896/2162
f 883/894/2163 882/884/2164 885/892/2165 884/897/2166
f 884/897/2167 886/898/2168 892/899/2169 891/900/2170
f 887/901/2171 889/902/2172 894/903/2173 893/904/2174
f 889/902/2175 888/895/2176 891/900/2177 890/905/2178
f 890/905/2179 892/906/2180 898/907/2181 897/908/2182
f 895/878/2183 894/903/2184 897/908/2185 896/888/2186
f 876/879/2187 879/882/2188 885/892/2189 882/884/2190
f 883/894/2191 884/897/2192 891/900/2193 888/895/2194
f 889/902/2195 890/905/2196 897/908/2197 894/903/2198
f 895/878/2199 896/888/2200 880/887/2201 875/875/2202
f 878/890/2203 898/909/2204 892/910/2205 886/891/2206
f 893/911/2207 877/883/2208 881/885/2209 887/912/2210
f 875/880/2211 876/879/2212 877/883/2213
f 878/890/2214 879/882/2215 880/881/2216
f 881/885/2217 882/884/2218 883/894/2219
f 884/897/2220 885/892/2221 886/891/2222
f 887/896/2223 888/895/2224 889/902/2225
f 890/905/2226 891/900/2227 892/899/2228
f 893/904/2229 894/903/2230 895/878/2231
f 896/888/2232 897/908/2233 898/907/2234
g default
v 40.300154 217.306782 39.205576
v 40.300154 216.266829 37.164565
v 40.300154 214.647070 35.544802
v 40.300154 212.606055 34.504854
v 40.300154 210.343567 34.146510
v 40.300154 208.081085 34.504854
v 40.300154 206.040069 35.544802
v 40.300154 204.420310 37.164565
v 40.300154 203.380362 39.205579
v 40.300154 203.022019 41.468061
v 40.300154 203.380362 43.730544
v 40.300154 204.420310 45.771569
v 40.300154 206.040074 47.391323
v 40.300154 208.081085 48.431276
v 40.300154 210.343567 48.789610
v 40.300154 212.606055 48.431267
v 40.300154 214.647070 47.391323
v 40.300154 216.266829 45.771560
v 40.300154 217.306773 43.730544
v 40.300154 217.665116 41.468061
v 37.296266 217.306782 39.205576
v 37.296266 216.266829 37.164565
v 37.296266 214.647070 35.544802
v 37.296266 212.606055 34.504854
v 37.296266 210.343567 34.146510
v 37.296266 208.081085 34.504854
v 37.296266 206.040069 35.544802
v 37.296266 204.420310 37.164565
v 37.296266 203.380362 39.205579
v 37.296266 203.022019 41.468061
v 37.296266 203.380362 43.730544
v 37.296266 204.420310 45.771569
v 37.296266 206.040074 47.391323
v 37.296266 208.081085 48.431276
v 37.296266 210.343567 48.789610
v 37.296266 212.606055 48.431267
v 37.296266 214.647070 47.391323
v 37.296266 216.266829 45.771560
v 37.296266 217.306773 43.730544
v 37.296266 217.665116 41.468061
v 37.296266 210.343567 41.468061
v 40.300154 217.306782 39.205576
v 40.300154 216.266829 37.164565
v 40.300154 214.647070 35.544802
v 40.300154 212.606055 34.504854
v 40.300154 210.343567 34.146510
v 40.300154 208.081085 34.504854
v 40.300154 206.040069 35.544802
v 40.300154 204.420310 37.164565
v 40.300154 203.380362 39.205579
v 40.300154 203.022019 41.468061
v 40.300154 203.380362 43.730544
v 40.300154 204.420310 45.771569
v 40.300154 206.040074 47.391323
v 40.300154 208.081085 48.431276
v 40.300154 210.343567 48.789610
v 40.300154 212.606055 48.431267
v 40.300154 214.647070 47.391323
v 40.300154 216.266829 45.771560
v 40.300154 217.306773 43.730544
v 40.300154 217.665116 41.468061
v 40.300154 214.817420 40.031453
v 40.300154 214.149257 38.735472
v 40.300154 213.108565 37.706972
v 40.300154 211.797215 37.046632
v 40.300154 210.343567 36.819097
v 40.300154 208.889929 37.046632
v 40.300154 207.578579 37.706972
v 40.300154 206.537882 38.735470
v 40.300154 205.869719 40.031458
v 40.300154 205.639483 41.468061
v 40.300154 205.869719 42.904672
v 40.300154 206.537882 44.200653
v 40.300154 207.578579 45.229157
v 40.300154 208.889924 45.889491
v 40.300154 210.343567 46.117028
v 40.300154 211.797215 45.889491
v 40.300154 213.108565 45.229153
v 40.300154 214.149257 44.200653
v 40.300154 214.817420 42.904672
v 40.300154 215.047656 41.468061
v 40.751919 214.817420 40.031453
v 40.751919 214.149257 38.735472
v 40.751924 210.343567 41.468061
v 40.751924 213.108565 37.706972
v 40.751919 211.797215 37.046632
v 40.751919 210.343567 36.819097
v 40.751919 208.889929 37.046632
v 40.751924 207.578579 37.706972
v 40.751919 206.537882 38.735470
v 40.751919 205.869719 40.031458
v 40.751919 205.639483 41.468061
v 40.751919 205.869719 42.904672
v 40.751919 206.537882 44.200653
v 40.751924 207.578579 45.229157
v 40.751919 208.889924 45.889491
v 40.751919 210.343567 46.117028
v 40.751919 211.797215 45.889491
v 40.751924 213.108565 45.229153
v 40.751919 214.149257 44.200653
v 40.751919 214.817420 42.904672
v 40.751919 215.047656 41.468061
vt 0.375000 0.312500
vt 0.387500 0.312500
vt 0.387500 0.688440
vt 0.375000 0.688440
vt 0.400000 0.312500
vt 0.400000 0.688440
vt 0.412500 0.312500
vt 0.412500 0.688440
vt 0.425000 0.312500
vt 0.425000 0.688440
vt 0.437500 0.312500
vt 0.437500 0.688440
vt 0.450000 0.312500
vt 0.450000 0.688440
vt 0.462500 0.312500
vt 0.462500 0.688440
vt 0.475000 0.312500
vt 0.475000 0.688440
vt 0.487500 0.312500
vt 0.487500 0.688440
vt 0.500000 0.312500
vt 0.500000 0.688440
vt 0.512500 0.312500
vt 0.512500 0.688440
vt 0.525000 0.312500
vt 0.525000 0.688440
vt 0.537500 0.312500
vt 0.537500 0.688440
vt 0.550000 0.312500
vt 0.550000 0.688440
vt 0.562500 0.312500
vt 0.562500 0.688440
vt 0.575000 0.312500
vt 0.575000 0.688440
vt 0.587500 0.312500
vt 0.587500 0.688440
vt 0.600000 0.312500
vt 0.600000 0.688440
vt 0.612500 0.312500
vt 0.612500 0.688440
vt 0.625000 0.312500
vt 0.625000 0.688440
vt 0.626409 0.064408
vt 0.648603 0.107966
vt 0.500000 0.150000
vt 0.591842 0.029841
vt 0.548284 0.007647
vt 0.500000 -0.000000
vt 0.451716 0.007647
vt 0.408159 0.029841
vt 0.373591 0.064409
vt 0.351397 0.107966
vt 0.343750 0.156250
vt 0.351397 0.204534
vt 0.373591 0.248091
vt 0.408159 0.282659
vt 0.451716 0.304853
vt 0.500000 0.312500
vt 0.548284 0.304853
vt 0.591841 0.282659
vt 0.626409 0.248091
vt 0.648603 0.204534
vt 0.656250 0.156250
vt 0.648603 0.892034
vt 0.626409 0.935591
vt 0.500000 0.837500
vt 0.591841 0.970159
vt 0.548284 0.992353
vt 0.500000 1.000000
vt 0.451716 0.992353
vt 0.408159 0.970159
vt 0.373591 0.935591
vt 0.351397 0.892034
vt 0.343750 0.843750
vt 0.351397 0.795466
vt 0.373591 0.751909
vt 0.408159 0.717341
vt 0.451716 0.695147
vt 0.500000 0.687500
vt 0.548284 0.695147
vt 0.591842 0.717341
vt 0.626409 0.751908
vt 0.648603 0.795466
vt 0.656250 0.843750
vt 0.626409 0.064408
vt 0.648603 0.107966
vt 0.648603 0.107966
vt 0.626409 0.064408
vt 0.591842 0.029841
vt 0.591842 0.029841
vt 0.548284 0.007647
vt 0.548284 0.007647
vt 0.500000 -0.000000
vt 0.500000 -0.000000
vt 0.451716 0.007647
vt 0.451716 0.007647
vt 0.408159 0.029841
vt 0.408159 0.029841
vt 0.373591 0.064409
vt 0.373591 0.064409
vt 0.351397 0.107966
vt 0.351397 0.107966
vt 0.343750 0.156250
vt 0.343750 0.156250
vt 0.351397 0.204534
vt 0.351397 0.204534
vt 0.373591 0.248091
vt 0.373591 0.248091
vt 0.408159 0.282659
vt 0.408159 0.282659
vt 0.451716 0.304853
vt 0.451716 0.304853
vt 0.500000 0.312500
vt 0.500000 0.312500
vt 0.548284 0.304853
vt 0.548284 0.304853
vt 0.591841 0.282659
vt 0.591841 0.282659
vt 0.626409 0.248091
vt 0.626409 0.248091
vt 0.648603 0.204534
vt 0.648603 0.204534
vt 0.656250 0.156250
vt 0.656250 0.156250
vt 0.648603 0.107966
vt 0.626409 0.064408
vt 0.591842 0.029841
vt 0.548284 0.007647
vt 0.500000 -0.000000
vt 0.451716 0.007647
vt 0.408159 0.029841
vt 0.373591 0.064409
vt 0.351397 0.107966
vt 0.343750 0.156250
vt 0.351397 0.204534
vt 0.373591 0.248091
vt 0.408159 0.282659
vt 0.451716 0.304853
vt 0.500000 0.312500
vt 0.548284 0.304853
vt 0.591841 0.282659
vt 0.626409 0.248091
vt 0.648603 0.204534
vt 0.656250 0.156250
vn 0.000000 0.951057 -0.309016
vn 0.000000 0.809017 -0.587786
vn 0.000000 0.809017 -0.587786
vn 0.000000 0.951057 -0.309016
vn 0.000000 0.587786 -0.809017
vn 0.000000 0.587786 -0.809017
vn 0.000000 0.309017 -0.951057
vn 0.000000 0.309017 -0.951057
vn 0.000000 0.000000 -1.000000
vn 0.000000 0.000000 -1.000000
vn 0.000000 -0.309017 -0.951056
vn 0.000000 -0.309017 -0.951056
vn 0.000000 -0.587786 -0.809017
vn 0.000000 -0.587786 -0.809017
vn 0.000000 -0.809017 -0.587785
vn 0.000000 -0.809017 -0.587785
vn 0.000000 -0.951056 -0.309017
vn 0.000000 -0.951056 -0.309017
vn 0.000000 -1.000000 0.000000
vn 0.000000 -1.000000 0.000000
vn 0.000000 -0.951057 0.309017
vn 0.000000 -0.951057 0.309017
vn 0.000000 -0.809017 0.587785
vn 0.000000 -0.809017 0.587785
vn 0.000000 -0.587785 0.809017
vn 0.000000 -0.587785 0.809017
vn 0.000000 -0.309016 0.951057
vn 0.000000 -0.309016 0.951057
vn 0.000000 0.000002 1.000000
vn 0.000000 0.000002 1.000000
vn 0.000000 0.309016 0.951057
vn 0.000000 0.309016 0.951057
vn 0.000000 0.587785 0.809017
vn 0.000000 0.587785 0.809017
vn 0.000000 0.809019 0.587783
vn 0.000000 0.809019 0.587783
vn 0.000000 0.951057 0.309016
vn 0.000000 0.951057 0.309016
vn 0.000000 1.000000 0.000004
vn 0.000000 1.000000 0.000004
vn 1.000000 0.000000 0.000001
vn 1.000000 0.000001 -0.000000
vn 1.000000 -0.000000 -0.000000
vn 1.000000 0.000000 0.000000
vn 1.000000 0.000000 -0.000001
vn 1.000000 0.000000 -0.000001
vn 1.000000 0.000000 -0.000001
vn 1.000000 0.000000 0.000000
vn 1.000000 -0.000002 0.000001
vn 1.000000 -0.000003 -0.000000
vn 1.000000 -0.000002 0.000000
vn 1.000000 -0.000003 0.000000
vn 1.000000 -0.000000 -0.000001
vn 1.000000 0.000000 -0.000000
vn 1.000000 -0.000002 0.000001
vn 1.000000 0.000000 0.000001
vn 1.000000 0.000000 0.000001
vn 1.000000 0.000000 -0.000000
vn 1.000000 0.000002 -0.000001
vn 1.000000 0.000003 0.000000
vn 1.000000 0.000002 0.000000
vn -1.000000 0.000000 0.000000
vn -1.000000 -0.000000 0.000000
vn -1.000000 -0.000000 0.000000
vn -1.000000 -0.000001 0.000000
vn -1.000000 0.000000 0.000000
vn -1.000000 -0.000001 0.000000
vn -1.000000 -0.000001 0.000000
vn -1.000000 0.000000 0.000000
vn -1.000000 -0.000001 0.000000
vn -1.000000 -0.000001 0.000000
vn -1.000000 0.000000 0.000000
vn -1.000000 0.000000 0.000000
vn -1.000000 0.000001 0.000000
vn -1.000000 0.000001 0.000000
vn -1.000000 0.000000 0.000000
vn -1.000000 0.000000 0.000000
vn -1.000000 0.000000 0.000000
vn -1.000000 0.000000 0.000000
vn -1.000000 -0.000001 0.000000
vn -1.000000 -0.000001 0.000000
vn -1.000000 0.000000 0.000000
vn 0.000000 0.000000 0.000000
vn 0.000000 0.000000 0.000000
vn 0.000000 0.000000 0.000000
vn 0.000000 0.000000 0.000000
vn 0.000000 0.000000 0.000000
vn 0.000000 0.000000 0.000000
vn 0.000000 0.000000 0.000000
vn 0.000000 0.000000 0.000000
vn 0.000000 0.000000 0.000000
vn 0.000000 0.000000 0.000000
vn 0.000000 0.000000 0.000000
vn 0.000000 0.000000 0.000000
vn 0.000000 0.000000 0.000000
vn 0.000000 0.000000 0.000000
vn 0.000000 0.000000 0.000000
vn 0.000000 0.000000 0.000000
vn 0.000000 0.000000 0.000000
vn 0.000000 0.000000 0.000000
vn 0.000000 0.000000 0.000000
vn 0.000000 0.000000 0.000000
vn 0.000000 0.000000 0.000000
vn 0.000000 0.000000 0.000000
vn 0.000000 0.000000 0.000000
vn 0.000000 0.000000 0.000000
vn 0.000000 0.000000 0.000000
vn 0.000000 0.000000 0.000000
vn 0.000000 0.000000 0.000000
vn 0.000000 0.000000 0.000000
vn 0.000000 0.000000 0.000000
vn 0.000000 0.000000 0.000000
vn 0.000000 0.000000 0.000000
vn 0.000000 0.000000 0.000000
vn 0.000000 0.000000 0.000000
vn 0.000000 0.000000 0.000000
vn 0.000000 0.000000 0.000000
vn 0.000000 0.000000 0.000000
vn 0.000000 0.000000 0.000000
vn 0.000000 0.000000 0.000000
vn 0.000000 0.000000 0.000000
vn 0.000000 0.000000 0.000000
vn 0.000000 0.000000 0.000000
vn 0.000000 0.000000 0.000000
vn 0.000000 0.000000 0.000000
vn 0.000000 0.000000 0.000000
vn 0.000000 0.000000 0.000000
vn 0.000000 0.000000 0.000000
vn 0.000000 0.000000 0.000000
vn 0.000000 0.000000 0.000000
vn 0.000000 0.000000 0.000000
vn 0.000000 0.000000 0.000000
vn 0.000000 0.000000 0.000000
vn 0.000000 0.000000 0.000000
vn 0.000000 0.000000 0.000000
vn 0.000000 0.000000 0.000000
vn 0.000000 0.000000 0.000000
vn 0.000000 0.000000 0.000000
vn 0.000000 0.000000 0.000000
vn 0.000000 0.000000 0.000000
vn 0.000000 0.000000 0.000000
vn 0.000000 0.000000 0.000000
vn 0.000000 0.000000 0.000000
vn 0.000000 0.000000 0.000000
vn 0.000000 0.000000 0.000000
vn 0.000000 0.000000 0.000000
vn 0.000000 0.000000 0.000000
vn 0.000000 0.000000 0.000000
vn 0.000000 0.000000 0.000000
vn 0.000000 0.000000 0.000000
vn 0.000000 0.000000 0.000000
vn 0.000000 0.000000 0.000000
vn 0.000000 0.000000 0.000000
vn 0.000000 0.000000 0.000000
vn 0.000000 0.000000 0.000000
vn 0.000000 0.000000 0.000000
vn 0.000000 0.000000 0.000000
vn 0.000000 0.000000 0.000000
vn 0.000000 0.000000 0.000000
vn 0.000000 0.000000 0.000000
vn 0.000000 0.000000 0.000000
vn 0.000000 0.000000 0.000000
vn 1.000000 -0.000000 0.000000
vn 1.000000 0.000001 0.000000
vn 1.000000 0.000001 0.000000
vn 1.000000 0.000000 0.000000
vn 1.000000 -0.000001 0.000000
vn 1.000000 -0.000001 0.000000
vn 1.000000 0.000000 0.000000
vn 1.000000 0.000000 0.000000
vn 1.000000 0.000000 0.000000
vn 1.000000 0.000000 0.000000
vn 1.000000 0.000001 0.000000
vn 1.000000 0.000001 0.000000
vn 1.000000 0.000001 0.000000
vn 1.000000 0.000001 0.000000
vn 1.000000 0.000001 0.000000
vn 1.000000 0.000001 0.000000
vn 1.000000 0.000001 0.000000
vn 1.000000 0.000001 0.000000
vn 1.000000 0.000000 0.000000
vn 1.000000 0.000000 0.000000
vn 1.000000 -0.000000 0.000000
vn 1.000000 -0.000000 0.000000
vn 1.000000 -0.000001 0.000000
vn 1.000000 -0.000001 0.000000
vn 1.000000 -0.000001 0.000000
vn 1.000000 -0.000001 0.000000
vn 1.000000 0.000000 0.000000
vn 1.000000 0.000000 0.000000
vn 1.000000 0.000000 0.000000
vn 1.000000 0.000000 0.000000
vn 1.000000 -0.000001 0.000000
vn 1.000000 -0.000001 0.000000
vn 1.000000 -0.000001 0.000000
vn 1.000000 -0.000001 0.000000
vn 1.000000 -0.000000 0.000000
vn 1.000000 -0.000000 0.000000
vn 1.000000 0.000000 0.000000
vn 1.000000 0.000000 0.000000
vn 1.000000 0.000000 0.000000
vn 1.000000 0.000000 0.000000
vn 0.000000 0.805705 -0.592317
vn 0.000000 0.949975 -0.312325
vn 0.000000 0.949975 -0.312325
vn 0.000000 0.805705 -0.592317
vn 0.000000 0.583253 -0.812291
vn 0.000000 0.583253 -0.812291
vn 0.000000 0.305737 -0.952116
vn 0.000000 0.305738 -0.952116
vn 0.000000 0.000000 -1.000000
vn 0.000000 0.000000 -1.000000
vn 0.000000 -0.305738 -0.952116
vn 0.000000 -0.305738 -0.952116
vn 0.000000 -0.583251 -0.812292
vn 0.000000 -0.583251 -0.812292
vn 0.000000 -0.805704 -0.592318
vn 0.000000 -0.805704 -0.592318
vn 0.000000 -0.949976 -0.312323
vn 0.000000 -0.949976 -0.312323
vn 0.000000 -1.000000 -0.000000
vn 0.000000 -1.000000 -0.000000
vn 0.000000 -0.949976 0.312323
vn 0.000000 -0.949976 0.312323
vn 0.000000 -0.805704 0.592319
vn 0.000000 -0.805704 0.592319
vn 0.000000 -0.583252 0.812291
vn 0.000000 -0.583252 0.812291
vn 0.000000 -0.305737 0.952116
vn 0.000000 -0.305737 0.952116
vn 0.000000 0.000000 1.000000
vn 0.000000 0.000000 1.000000
vn 0.000000 0.305738 0.952116
vn 0.000000 0.305738 0.952116
vn 0.000000 0.583253 0.812291
vn 0.000000 0.583253 0.812291
vn 0.000000 0.805705 0.592317
vn 0.000000 0.805705 0.592317
vn 0.000000 0.949975 0.312325
vn 0.000000 0.949975 0.312325
vn 0.000000 1.000000 0.000000
vn 0.000000 1.000000 0.000000
s 1
g Mailbox Handel
usemtl initialShadingGroup
f 899/913/2235 900/914/2236 920/915/2237 919/916/2238
f 900/914/2236 901/917/2239 921/918/2240 920/915/2237
f 901/917/2239 902/919/2241 922/920/2242 921/918/2240
f 902/919/2241 903/921/2243 923/922/2244 922/920/2242
f 903/921/2243 904/923/2245 924/924/2246 923/922/2244
f 904/923/2245 905/925/2247 925/926/2248 924/924/2246
f 905/925/2247 906/927/2249 926/928/2250 925/926/2248
f 906/927/2249 907/929/2251 927/930/2252 926/928/2250
f 907/929/2251 908/931/2253 928/932/2254 927/930/2252
f 908/931/2253 909/933/2255 929/934/2256 928/932/2254
f 909/933/2255 910/935/2257 930/936/2258 929/934/2256
f 910/935/2257 911/937/2259 931/938/2260 930/936/2258
f 911/937/2259 912/939/2261 932/940/2262 931/938/2260
f 912/939/2261 913/941/2263 933/942/2264 932/940/2262
f 913/941/2263 914/943/2265 934/944/2266 933/942/2264
f 914/943/2265 915/945/2267 935/946/2268 934/944/2266
f 915/945/2267 916/947/2269 936/948/2270 935/946/2268
f 916/947/2269 917/949/2271 937/950/2272 936/948/2270
f 917/949/2271 918/951/2273 938/952/2274 937/950/2272
f 918/951/2273 899/953/2235 919/954/2238 938/952/2274
s 2
f 981/955/2275 980/956/2276 982/957/2277
f 983/958/2278 981/955/2275 982/957/2277
f 984/959/2279 983/958/2278 982/957/2277
f 985/960/2280 984/959/2279 982/957/2277
f 986/961/2281 985/960/2280 982/957/2277
f 987/962/2282 986/961/2281 982/957/2277
f 988/963/2283 987/962/2282 982/957/2277
f 989/964/2284 988/963/2283 982/957/2277
f 990/965/2285 989/964/2284 982/957/2277
f 991/966/2286 990/965/2285 982/957/2277
f 992/967/2287 991/966/2286 982/957/2277
f 993/968/2288 992/967/2287 982/957/2277
f 994/969/2289 993/968/2288 982/957/2277
f 995/970/2290 994/969/2289 982/957/2277
f 996/971/2291 995/970/2290 982/957/2277
f 997/972/2292 996/971/2291 982/957/2277
f 998/973/2293 997/972/2292 982/957/2277
f 999/974/2294 998/973/2293 982/957/2277
f 1000/975/2295 999/974/2294 982/957/2277
f 980/956/2276 1000/975/2295 982/957/2277
s 3
f 919/976/2296 920/977/2297 939/978/2298
f 920/977/2297 921/979/2299 939/978/2298
f 921/979/2299 922/980/2300 939/978/2298
f 922/980/2300 923/981/2301 939/978/2298
f 923/981/2301 924/982/2302 939/978/2298
f 924/982/2302 925/983/2303 939/978/2298
f 925/983/2303 926/984/2304 939/978/2298
f 926/984/2304 927/985/2305 939/978/2298
f 927/985/2305 928/986/2306 939/978/2298
f 928/986/2306 929/987/2307 939/978/2298
f 929/987/2307 930/988/2308 939/978/2298
f 930/988/2308 931/989/2309 939/978/2298
f 931/989/2309 932/990/2310 939/978/2298
f 932/990/2310 933/991/2311 939/978/2298
f 933/991/2311 934/992/2312 939/978/2298
f 934/992/2312 935/993/2313 939/978/2298
f 935/993/2313 936/994/2314 939/978/2298
f 936/994/2314 937/995/2315 939/978/2298
f 937/995/2315 938/996/2316 939/978/2298
f 938/996/2316 919/976/2296 939/978/2298
s off
f 900/997/2317 899/998/2318 940/999/2319 941/1000/2320
f 901/1001/2321 900/997/2322 941/1000/2323 942/1002/2324
f 902/1003/2325 901/1001/2326 942/1002/2327 943/1004/2328
f 903/1005/2329 902/1003/2330 943/1004/2331 944/1006/2332
f 904/1007/2333 903/1005/2334 944/1006/2335 945/1008/2336
f 905/1009/2337 904/1007/2338 945/1008/2339 946/1010/2340
f 906/1011/2341 905/1009/2342 946/1010/2343 947/1012/2344
f 907/1013/2345 906/1011/2346 947/1012/2347 948/1014/2348
f 908/1015/2349 907/1013/2350 948/1014/2351 949/1016/2352
f 909/1017/2353 908/1015/2354 949/1016/2355 950/1018/2356
f 910/1019/2357 909/1017/2358 950/1018/2359 951/1020/2360
f 911/1021/2361 910/1019/2362 951/1020/2363 952/1022/2364
f 912/1023/2365 911/1021/2366 952/1022/2367 953/1024/2368
f 913/1025/2369 912/1023/2370 953/1024/2371 954/1026/2372
f 914/1027/2373 913/1025/2374 954/1026/2375 955/1028/2376
f 915/1029/2377 914/1027/2378 955/1028/2379 956/1030/2380
f 916/1031/2381 915/1029/2382 956/1030/2383 957/1032/2384
f 917/1033/2385 916/1031/2386 957/1032/2387 958/1034/2388
f 918/1035/2389 917/1033/2390 958/1034/2391 959/1036/2392
f 899/998/2393 918/1035/2394 959/1036/2395 940/999/2396
s 4
f 941/1000/2397 940/999/2398 960/1037/2399 961/1038/2400
f 942/1002/2401 941/1000/2397 961/1038/2400 962/1039/2402
f 943/1004/2403 942/1002/2401 962/1039/2402 963/1040/2404
f 944/1006/2405 943/1004/2403 963/1040/2404 964/1041/2406
f 945/1008/2407 944/1006/2405 964/1041/2406 965/1042/2408
f 946/1010/2409 945/1008/2407 965/1042/2408 966/1043/2410
f 947/1012/2411 946/1010/2409 966/1043/2410 967/1044/2412
f 948/1014/2413 947/1012/2411 967/1044/2412 968/1045/2414
f 949/1016/2415 948/1014/2413 968/1045/2414 969/1046/2416
f 950/1018/2417 949/1016/2415 969/1046/2416 970/1047/2418
f 951/1020/2419 950/1018/2417 970/1047/2418 971/1048/2420
f 952/1022/2421 951/1020/2419 971/1048/2420 972/1049/2422
f 953/1024/2423 952/1022/2421 972/1049/2422 973/1050/2424
f 954/1026/2425 953/1024/2423 973/1050/2424 974/1051/2426
f 955/1028/2427 954/1026/2425 974/1051/2426 975/1052/2428
f 956/1030/2429 955/1028/2427 975/1052/2428 976/1053/2430
f 957/1032/2431 956/1030/2429 976/1053/2430 977/1054/2432
f 958/1034/2433 957/1032/2431 977/1054/2432 978/1055/2434
f 959/1036/2435 958/1034/2433 978/1055/2434 979/1056/2436
f 940/999/2398 959/1036/2435 979/1056/2436 960/1037/2399
s 5
f 961/1038/2437 960/1037/2438 980/956/2439 981/955/2440
f 962/1039/2441 961/1038/2437 981/955/2440 983/958/2442
f 963/1040/2443 962/1039/2441 983/958/2442 984/959/2444
f 964/1041/2445 963/1040/2443 984/959/2444 985/960/2446
f 965/1042/2447 964/1041/2445 985/960/2446 986/961/2448
f 966/1043/2449 965/1042/2447 986/961/2448 987/962/2450
f 967/1044/2451 966/1043/2449 987/962/2450 988/963/2452
f 968/1045/2453 967/1044/2451 988/963/2452 989/964/2454
f 969/1046/2455 968/1045/2453 989/964/2454 990/965/2456
f 970/1047/2457 969/1046/2455 990/965/2456 991/966/2458
f 971/1048/2459 970/1047/2457 991/966/2458 992/967/2460
f 972/1049/2461 971/1048/2459 992/967/2460 993/968/2462
f 973/1050/2463 972/1049/2461 993/968/2462 994/969/2464
f 974/1051/2465 973/1050/2463 994/969/2464 995/970/2466
f 975/1052/2467 974/1051/2465 995/970/2466 996/971/2468
f 976/1053/2469 975/1052/2467 996/971/2468 997/972/2470
f 977/1054/2471 976/1053/2469 997/972/2470 998/973/2472
f 978/1055/2473 977/1054/2471 998/973/2472 999/974/2474
f 979/1056/2475 978/1055/2473 999/974/2474 1000/975/2476
f 960/1037/2438 979/1056/2475 1000/975/2476 980/956/2439
g default
v 37.244808 206.268031 60.441564
v -38.738518 206.268031 60.441564
v 37.244808 200.218941 55.703663
v -38.738518 200.218941 55.703663
v 37.244808 211.741644 64.728726
v -38.738518 211.741644 64.728726
v 37.244808 216.681248 68.597626
v -38.738518 216.681248 68.597626
v 37.244808 221.620852 72.466515
v -38.738518 221.620852 72.466515
v 35.803392 226.627203 76.387700
v -37.297101 226.627203 76.387700
v 34.361975 231.021010 79.829120
v -35.855685 231.021010 79.829120
v 31.178992 235.253111 83.143863
v -32.672701 235.253111 83.143863
v 28.774073 238.371493 85.586318
v -30.267782 238.371493 85.586318
v 24.317898 241.768299 88.246840
v -25.811608 241.768299 88.246840
v 20.710513 244.107081 90.078658
v -22.204225 244.107081 90.078658
v 12.010373 247.503897 92.739190
v -13.504083 247.503897 92.739190
v 8.402996 248.784663 93.742350
v -9.896710 248.784663 93.742350
v 0.103256 249.548384 94.340524
v -1.596969 249.548384 94.340524
v 37.244808 202.752205 52.469324
v -38.738518 202.752205 52.469324
v 37.244808 208.801299 57.207226
v -38.738518 208.801299 57.207226
v 37.244808 214.274913 61.494387
v -38.738518 214.274913 61.494387
v 37.244808 219.214512 65.363287
v -38.738518 219.214512 65.363287
v 37.244808 224.154116 69.232177
v -38.738518 224.154116 69.232177
v 35.803392 229.160468 73.153361
v -37.297101 229.160468 73.153361
v 34.361975 233.554274 76.594781
v -35.855685 233.554274 76.594781
v 31.178992 237.786375 79.909524
v -32.672701 237.786375 79.909524
v 28.774073 240.904757 82.351970
v -30.267782 240.904757 82.351970
v 24.317898 244.301573 85.012492
v -25.811608 244.301573 85.012492
v 20.710513 246.640345 86.844329
v -22.204225 246.640345 86.844329
v 12.010373 250.037161 89.504851
v -13.504083 250.037161 89.504851
v 8.402996 251.317927 90.508002
v -9.896710 251.317927 90.508002
v 0.103256 252.081667 91.106185
v -1.596969 252.081667 91.106185
v 38.019404 205.790407 61.051372
v -39.513109 205.790407 61.051372
v -39.370971 199.331051 55.811590
v 37.877261 199.331051 55.811590
v 38.019404 211.264020 65.338534
v -39.513109 211.264020 65.338534
v 38.019404 216.203619 69.207429
v -39.513109 216.203619 69.207429
v 38.040068 221.229626 73.110341
v -39.533777 221.229626 73.110341
v 36.559727 226.296164 77.107676
v -38.053437 226.296164 77.107676
v 35.106702 230.807358 80.603541
v -36.600409 230.807358 80.603541
v 31.844485 235.090453 83.998660
v -33.338194 235.090453 83.998660
v 29.402244 238.307215 86.481456
v -30.895953 238.307215 86.481456
v 24.840364 241.757151 89.209594
v -26.334071 241.757151 89.209594
v 21.145799 244.175383 91.081599
v -22.639511 244.175383 91.081599
v 12.343638 247.583424 93.779668
v -13.837350 247.583424 93.779668
v 8.618795 248.943068 94.804572
v -10.112509 248.943068 94.804572
v 0.149099 249.699103 95.424575
v -1.642812 249.699103 95.424575
v -39.286239 202.321011 52.131595
v 37.792530 202.321011 52.131595
v 38.340251 208.801299 57.207226
v -39.833961 208.801299 57.207226
v 38.340251 214.274913 61.494387
v -39.833961 214.274913 61.494387
v 38.340251 219.214512 65.363287
v -39.833961 219.214512 65.363287
v 38.326702 224.249436 69.306840
v -39.820407 224.249436 69.306840
v 36.867881 229.363610 73.312472
v -38.361588 229.363610 73.312472
v 35.363595 233.881804 76.851295
v -36.857305 233.881804 76.851295
v 32.118478 238.229843 80.256866
v -33.612187 238.229843 80.256866
v 29.623258 241.438319 82.769879
v -31.116967 241.438319 82.769879
v 25.047087 244.944216 85.515832
v -26.540795 244.944216 85.515832
v 21.302054 247.359511 87.407597
v -22.795766 247.359511 87.407597
v 12.478896 250.816532 90.115298
v -13.972608 250.816532 90.115298
v 8.691756 252.139279 91.151332
v -10.185470 252.139279 91.151332
v 0.166843 252.941157 91.779374
v -1.660556 252.941157 91.779374
vt 0.375000 0.500000
vt 0.625000 0.500000
vt 0.625000 0.750000
vt 0.375000 0.750000
vt 0.000000 0.000000
vt 1.000000 0.000000
vt 1.000000 1.000000
vt 0.000000 1.000000
vt 0.000000 0.000000
vt 1.000000 0.000000
vt 1.000000 1.000000
vt 0.000000 1.000000
vt 0.000000 0.000000
vt 1.000000 0.000000
vt 1.000000 1.000000
vt 0.000000 1.000000
vt 0.000000 0.000000
vt 1.000000 0.000000
vt 1.000000 1.000000
vt 0.000000 1.000000
vt 0.000000 0.000000
vt 1.000000 0.000000
vt 1.000000 1.000000
vt 0.000000 1.000000
vt 0.000000 0.000000
vt 1.000000 0.000000
vt 1.000000 1.000000
vt 0.000000 1.000000
vt 0.000000 0.000000
vt 1.000000 0.000000
vt 1.000000 1.000000
vt 0.000000 1.000000
vt 0.000000 0.000000
vt 1.000000 0.000000
vt 1.000000 1.000000
vt 0.000000 1.000000
vt 0.000000 0.000000
vt 1.000000 0.000000
vt 1.000000 1.000000
vt 0.000000 1.000000
vt 0.000000 0.000000
vt 1.000000 0.000000
vt 1.000000 1.000000
vt 0.000000 1.000000
vt 0.000000 0.000000
vt 1.000000 0.000000
vt 1.000000 1.000000
vt 0.000000 1.000000
vt 0.000000 0.000000
vt 1.000000 0.000000
vt 1.000000 1.000000
vt 0.000000 1.000000
vt 0.000000 0.000000
vt 1.000000 0.000000
vt 1.000000 1.000000
vt 0.000000 1.000000
vt 0.000000 0.000000
vt 1.000000 0.000000
vt 1.000000 1.000000
vt 0.000000 1.000000
vt 0.000000 0.000000
vt 1.000000 0.000000
vt 1.000000 1.000000
vt 0.000000 1.000000
vt 0.000000 0.000000
vt 1.000000 0.000000
vt 1.000000 1.000000
vt 0.000000 1.000000
vt 0.000000 0.000000
vt 1.000000 0.000000
vt 1.000000 1.000000
vt 0.000000 1.000000
vt 0.000000 0.000000
vt 1.000000 0.000000
vt 1.000000 1.000000
vt 0.000000 1.000000
vt 0.000000 0.000000
vt 1.000000 0.000000
vt 1.000000 1.000000
vt 0.000000 1.000000
vt 0.000000 0.000000
vt 1.000000 0.000000
vt 1.000000 1.000000
vt 0.000000 1.000000
vt 0.000000 0.000000
vt 1.000000 0.000000
vt 1.000000 1.000000
vt 0.000000 1.000000
vt 0.000000 0.000000
vt 1.000000 0.000000
vt 1.000000 1.000000
vt 0.000000 1.000000
vt 0.000000 0.000000
vt 1.000000 0.000000
vt 1.000000 1.000000
vt 0.000000 1.000000
vt 0.000000 0.000000
vt 1.000000 0.000000
vt 1.000000 1.000000
vt 0.000000 1.000000
vt 0.000000 0.000000
vt 1.000000 0.000000
vt 1.000000 1.000000
vt 0.000000 1.000000
vt 0.000000 0.000000
vt 1.000000 0.000000
vt 1.000000 1.000000
vt 0.000000 1.000000
vt 0.000000 0.000000
vt 1.000000 0.000000
vt 1.000000 1.000000
vt 0.000000 1.000000
vt 0.000000 0.000000
vt 1.000000 0.000000
vt 1.000000 1.000000
vt 0.000000 1.000000
vt 0.000000 0.000000
vt 1.000000 0.000000
vt 1.000000 1.000000
vt 0.000000 1.000000
vt 0.000000 0.000000
vt 1.000000 0.000000
vt 1.000000 1.000000
vt 0.000000 1.000000
vt 0.000000 0.000000
vt 1.000000 0.000000
vt 1.000000 1.000000
vt 0.000000 1.000000
vt 0.000000 0.000000
vt 1.000000 0.000000
vt 1.000000 1.000000
vt 0.000000 1.000000
vt 0.000000 0.000000
vt 1.000000 0.000000
vt 1.000000 1.000000
vt 0.000000 1.000000
vt 0.000000 0.000000
vt 1.000000 0.000000
vt 1.000000 1.000000
vt 0.000000 1.000000
vt 0.000000 0.000000
vt 1.000000 0.000000
vt 1.000000 1.000000
vt 0.000000 1.000000
vt 0.000000 0.000000
vt 1.000000 0.000000
vt 1.000000 1.000000
vt 0.000000 1.000000
vt 0.000000 0.000000
vt 1.000000 0.000000
vt 1.000000 1.000000
vt 0.000000 1.000000
vt 0.000000 0.000000
vt 1.000000 0.000000
vt 1.000000 1.000000
vt 0.000000 1.000000
vt 0.000000 0.000000
vt 1.000000 0.000000
vt 1.000000 1.000000
vt 0.000000 1.000000
vt 0.000000 0.000000
vt 1.000000 0.000000
vt 1.000000 1.000000
vt 0.000000 1.000000
vt 0.375000 0.500000
vt 0.375000 0.750000
vt 0.625000 0.750000
vt 0.625000 0.500000
vt 0.000000 0.000000
vt 0.000000 1.000000
vt 1.000000 1.000000
vt 1.000000 0.000000
vt 0.000000 0.000000
vt 0.000000 1.000000
vt 1.000000 1.000000
vt 1.000000 0.000000
vt 0.000000 0.000000
vt 0.000000 1.000000
vt 1.000000 1.000000
vt 1.000000 0.000000
vt 0.000000 0.000000
vt 0.000000 1.000000
vt 1.000000 1.000000
vt 1.000000 0.000000
vt 0.000000 0.000000
vt 0.000000 1.000000
vt 1.000000 1.000000
vt 1.000000 0.000000
vt 0.000000 0.000000
vt 0.000000 1.000000
vt 1.000000 1.000000
vt 1.000000 0.000000
vt 0.000000 0.000000
vt 0.000000 1.000000
vt 1.000000 1.000000
vt 1.000000 0.000000
vt 0.000000 0.000000
vt 0.000000 1.000000
vt 1.000000 1.000000
vt 1.000000 0.000000
vt 0.000000 0.000000
vt 0.000000 1.000000
vt 1.000000 1.000000
vt 1.000000 0.000000
vt 0.000000 0.000000
vt 0.000000 1.000000
vt 1.000000 1.000000
vt 1.000000 0.000000
vt 0.000000 0.000000
vt 0.000000 1.000000
vt 1.000000 1.000000
vt 1.000000 0.000000
vt 0.000000 0.000000
vt 0.000000 1.000000
vt 1.000000 1.000000
vt 1.000000 0.000000
vt 0.000000 0.000000
vt 0.000000 1.000000
vt 1.000000 1.000000
vt 1.000000 0.000000
vt 0.000000 0.000000
vt 0.000000 1.000000
vt 1.000000 1.000000
vt 1.000000 0.000000
vt 0.000000 0.000000
vt 0.000000 1.000000
vt 1.000000 1.000000
vt 1.000000 0.000000
vt 0.000000 0.000000
vt 0.000000 1.000000
vt 1.000000 1.000000
vt 1.000000 0.000000
vt 0.000000 0.000000
vt 0.000000 1.000000
vt 1.000000 1.000000
vt 1.000000 0.000000
vt 0.000000 0.000000
vt 0.000000 1.000000
vt 1.000000 1.000000
vt 1.000000 0.000000
vt 0.000000 0.000000
vt 0.000000 1.000000
vt 1.000000 1.000000
vt 1.000000 0.000000
vt 0.000000 0.000000
vt 0.000000 1.000000
vt 1.000000 1.000000
vt 1.000000 0.000000
vt 0.000000 0.000000
vt 0.000000 1.000000
vt 1.000000 1.000000
vt 1.000000 0.000000
vt 0.000000 0.000000
vt 0.000000 1.000000
vt 1.000000 1.000000
vt 1.000000 0.000000
vt 0.000000 0.000000
vt 0.000000 1.000000
vt 1.000000 1.000000
vt 1.000000 0.000000
vt 0.000000 0.000000
vt 0.000000 1.000000
vt 1.000000 1.000000
vt 1.000000 0.000000
vt 0.000000 0.000000
vt 0.000000 1.000000
vt 1.000000 1.000000
vt 1.000000 0.000000
vt 0.000000 0.000000
vt 0.000000 1.000000
vt 1.000000 1.000000
vt 1.000000 0.000000
vt 0.000000 0.000000
vt 0.000000 1.000000
vt 1.000000 1.000000
vt 1.000000 0.000000
vt 0.000000 0.000000
vt 0.000000 1.000000
vt 1.000000 1.000000
vt 1.000000 0.000000
vt 0.000000 0.000000
vt 0.000000 1.000000
vt 1.000000 1.000000
vt 1.000000 0.000000
vt 0.000000 0.000000
vt 0.000000 1.000000
vt 1.000000 1.000000
vt 1.000000 0.000000
vt 0.000000 0.000000
vt 0.000000 1.000000
vt 1.000000 1.000000
vt 1.000000 0.000000
vt 0.000000 0.000000
vt 0.000000 1.000000
vt 1.000000 1.000000
vt 1.000000 0.000000
vt 0.000000 0.000000
vt 0.000000 1.000000
vt 1.000000 1.000000
vt 1.000000 0.000000
vt 0.000000 0.000000
vt 0.000000 1.000000
vt 1.000000 1.000000
vt 1.000000 0.000000
vt 0.000000 0.000000
vt 0.000000 1.000000
vt 1.000000 1.000000
vt 1.000000 0.000000
vt 0.000000 0.000000
vt 0.000000 1.000000
vt 1.000000 1.000000
vt 1.000000 0.000000
vt 0.000000 0.000000
vt 0.000000 1.000000
vt 1.000000 1.000000
vt 1.000000 0.000000
vt 0.000000 0.000000
vt 0.000000 1.000000
vt 1.000000 1.000000
vt 1.000000 0.000000
vt 0.000000 0.000000
vt 0.000000 1.000000
vt 1.000000 1.000000
vt 1.000000 0.000000
vt 0.000000 0.000000
vt 0.000000 1.000000
vt 1.000000 1.000000
vt 1.000000 0.000000
vt 1.000000 1.000000
vt 0.000000 1.000000
vt 1.000000 1.000000
vt 0.000000 1.000000
vt 1.000000 1.000000
vt 0.000000 1.000000
vt 1.000000 1.000000
vt 0.000000 1.000000
vt 1.000000 1.000000
vt 0.000000 1.000000
vt 1.000000 1.000000
vt 0.000000 1.000000
vt 1.000000 1.000000
vt 0.000000 1.000000
vt 1.000000 1.000000
vt 0.000000 1.000000
vt 1.000000 1.000000
vt 0.000000 1.000000
vt 1.000000 1.000000
vt 0.000000 1.000000
vt 1.000000 1.000000
vt 0.000000 1.000000
vt 1.000000 1.000000
vt 0.000000 1.000000
vt 1.000000 1.000000
vt 0.000000 1.000000
vt 1.000000 1.000000
vt 0.000000 1.000000
vt 1.000000 1.000000
vt 0.000000 1.000000
vt 1.000000 1.000000
vt 0.000000 1.000000
vt 1.000000 1.000000
vt 0.000000 1.000000
vt 1.000000 1.000000
vt 0.000000 1.000000
vt 1.000000 1.000000
vt 0.000000 1.000000
vt 1.000000 1.000000
vt 0.000000 1.000000
vt 1.000000 1.000000
vt 0.000000 1.000000
vt 1.000000 1.000000
vt 0.000000 1.000000
vt 1.000000 1.000000
vt 0.000000 1.000000
vt 1.000000 1.000000
vt 0.000000 1.000000
vt 1.000000 1.000000
vt 0.000000 1.000000
vt 1.000000 1.000000
vt 0.000000 1.000000
vt 1.000000 1.000000
vt 0.000000 1.000000
vt 1.000000 1.000000
vt 0.000000 1.000000
vn 0.000000 -0.623877 0.781523
vn 0.000000 -0.623877 0.781523
vn 0.000000 -0.629981 0.776610
vn 0.000000 -0.629981 0.776610
vn 0.000000 -0.616617 0.787263
vn 0.000000 -0.616617 0.787263
vn 0.000000 -0.614963 0.788556
vn 0.000000 -0.614963 0.788556
vn 0.000000 -0.616132 0.787643
vn 0.000000 -0.616132 0.787643
vn 0.000000 -0.616764 0.787148
vn 0.000000 -0.616764 0.787148
vn 0.000000 -0.615462 0.788166
vn 0.000000 -0.615462 0.788166
vn 0.000000 -0.618658 0.785661
vn 0.000000 -0.618658 0.785661
vn 0.000000 -0.613411 0.789764
vn 0.000000 -0.613411 0.789764
vn 0.000000 -0.619082 0.785326
vn 0.000000 -0.619082 0.785326
vn 0.000000 -0.613547 0.789658
vn 0.000000 -0.613547 0.789658
vn 0.000000 -0.619990 0.784610
vn 0.000000 -0.619990 0.784610
vn 0.000000 -0.602301 0.798269
vn 0.000000 -0.602301 0.798269
vn 0.000000 -0.634108 0.773245
vn 0.000000 -0.634108 0.773245
vn 0.000000 -0.776118 -0.630588
vn 0.000000 -0.776118 -0.630588
vn 0.000000 -0.776118 -0.630588
vn 0.000000 -0.776118 -0.630588
vn 0.998807 -0.044422 0.020256
vn 0.998832 -0.047829 -0.006802
vn 0.998832 -0.047829 -0.006802
vn 0.998809 -0.044436 0.020149
vn -0.998832 -0.047830 -0.006801
vn -0.998807 -0.044423 0.020257
vn -0.998809 -0.044436 0.020149
vn -0.998832 -0.047830 -0.006801
vn 0.997848 -0.040429 0.051618
vn 0.997848 -0.040429 0.051618
vn -0.997848 -0.040430 0.051619
vn -0.997848 -0.040430 0.051619
vn 0.997956 -0.039571 0.050174
vn 0.997956 -0.039570 0.050172
vn -0.997956 -0.039571 0.050174
vn -0.997956 -0.039570 0.050172
vn 0.991624 0.050494 0.118879
vn 0.991621 0.050515 0.118896
vn -0.991624 0.050494 0.118879
vn -0.991621 0.050515 0.118895
vn 0.970178 0.146764 0.192911
vn 0.970177 0.146770 0.192915
vn -0.970178 0.146764 0.192911
vn -0.970177 0.146769 0.192915
vn 0.919615 0.267511 0.287657
vn 0.919615 0.267511 0.287657
vn -0.919615 0.267511 0.287657
vn -0.919615 0.267510 0.287657
vn 0.856511 0.365705 0.364210
vn 0.856510 0.365706 0.364211
vn -0.856511 0.365705 0.364210
vn -0.856510 0.365706 0.364211
vn 0.768708 0.463289 0.440966
vn 0.768634 0.463360 0.441020
vn -0.768709 0.463289 0.440965
vn -0.768635 0.463360 0.441020
vn 0.669152 0.545535 0.504606
vn 0.669148 0.545538 0.504608
vn -0.669152 0.545535 0.504606
vn -0.669148 0.545537 0.504608
vn 0.509121 0.637698 0.578046
vn 0.509086 0.637715 0.578058
vn -0.509121 0.637698 0.578046
vn -0.509086 0.637714 0.578059
vn 0.433519 0.670021 0.602606
vn 0.433496 0.670030 0.602612
vn -0.433519 0.670021 0.602605
vn -0.433496 0.670030 0.602612
vn 0.214250 0.730498 0.648436
vn 0.214037 0.730536 0.648463
vn -0.214250 0.730498 0.648436
vn -0.214037 0.730536 0.648464
vn 0.096204 0.745372 0.659670
vn 0.096230 0.745371 0.659668
vn -0.096203 0.745372 0.659671
vn -0.096230 0.745370 0.659669
vn 0.000000 0.616617 -0.787263
vn 0.000000 0.616618 -0.787263
vn 0.000000 0.616618 -0.787263
vn 0.000000 0.616617 -0.787263
vn 0.000000 0.616617 -0.787263
vn 0.000000 0.616617 -0.787263
vn 0.000000 0.616616 -0.787264
vn 0.000000 0.616616 -0.787264
vn 0.000000 0.616616 -0.787264
vn 0.000000 0.616616 -0.787264
vn 0.000000 0.616618 -0.787263
vn 0.000000 0.616618 -0.787263
vn 0.000000 0.616617 -0.787263
vn 0.000000 0.616617 -0.787263
vn 0.000000 0.616616 -0.787264
vn 0.000000 0.616616 -0.787264
vn 0.000000 0.616618 -0.787262
vn 0.000000 0.616618 -0.787262
vn 0.000000 0.616617 -0.787263
vn 0.000000 0.616617 -0.787264
vn 0.000000 0.616615 -0.787265
vn 0.000000 0.616615 -0.787265
vn 0.000000 0.616619 -0.787262
vn 0.000000 0.616619 -0.787262
vn 0.000000 0.616619 -0.787262
vn 0.000000 0.616619 -0.787262
vn 0.000000 0.616622 -0.787259
vn 0.000000 0.616622 -0.787259
vn 0.000000 0.787264 0.616616
vn 0.000000 0.787264 0.616616
vn 0.000000 0.787264 0.616616
vn 0.000000 0.787264 0.616616
vn -1.000000 0.000000 0.000000
vn -1.000000 0.000000 0.000000
vn -1.000000 0.000000 0.000000
vn -1.000000 0.000000 0.000000
vn 1.000000 0.000000 0.000000
vn 1.000000 0.000000 0.000000
vn 1.000000 0.000000 0.000000
vn 1.000000 0.000000 0.000000
vn -1.000000 0.000000 0.000000
vn -1.000000 -0.000000 0.000000
vn 1.000000 0.000000 0.000000
vn 1.000000 0.000000 0.000000
vn -1.000000 -0.000000 0.000000
vn -1.000000 -0.000000 0.000000
vn 1.000000 0.000000 0.000000
vn 1.000000 0.000000 0.000000
vn -0.993554 -0.089243 -0.069899
vn -0.993554 -0.089243 -0.069899
vn 0.993554 -0.089243 -0.069899
vn 0.993554 -0.089243 -0.069899
vn -0.972069 -0.184766 -0.144716
vn -0.972069 -0.184766 -0.144716
vn 0.972069 -0.184766 -0.144716
vn 0.972069 -0.184766 -0.144716
vn -0.921304 -0.306122 -0.239767
vn -0.921304 -0.306122 -0.239767
vn 0.921304 -0.306121 -0.239767
vn 0.921304 -0.306121 -0.239767
vn -0.858066 -0.404291 -0.316657
vn -0.858066 -0.404291 -0.316657
vn 0.858066 -0.404291 -0.316657
vn 0.858066 -0.404291 -0.316657
vn -0.769836 -0.502464 -0.393550
vn -0.769837 -0.502464 -0.393550
vn 0.769837 -0.502464 -0.393550
vn 0.769836 -0.502464 -0.393550
vn -0.670401 -0.584149 -0.457530
vn -0.670401 -0.584149 -0.457530
vn 0.670401 -0.584149 -0.457529
vn 0.670401 -0.584149 -0.457529
vn -0.509395 -0.677465 -0.530620
vn -0.509395 -0.677465 -0.530620
vn 0.509396 -0.677465 -0.530620
vn 0.509396 -0.677465 -0.530620
vn -0.434750 -0.708971 -0.555295
vn -0.434750 -0.708971 -0.555295
vn 0.434750 -0.708971 -0.555296
vn 0.434750 -0.708971 -0.555296
vn -0.213092 -0.769181 -0.602455
vn -0.213092 -0.769181 -0.602455
vn 0.213092 -0.769181 -0.602455
vn 0.213092 -0.769181 -0.602455
vn -0.096557 -0.783584 -0.613737
vn -0.096557 -0.783584 -0.613737
vn 0.096558 -0.783584 -0.613737
vn 0.096558 -0.783584 -0.613737
vn 0.000000 0.616620 -0.787261
vn -0.000000 0.616620 -0.787261
vn -0.000000 0.616620 -0.787261
vn 0.000000 0.616620 -0.787261
vn -0.000000 0.616617 -0.787263
vn -0.000000 0.616617 -0.787263
vn 0.000000 0.616617 -0.787263
vn 0.000000 0.616617 -0.787263
vn 0.000000 0.616617 -0.787263
vn 0.000000 0.616617 -0.787263
vn 0.000000 0.616617 -0.787263
vn 0.000000 0.616617 -0.787263
vn -0.000002 0.616617 -0.787264
vn -0.000002 0.616617 -0.787264
vn 0.000002 0.616616 -0.787264
vn 0.000002 0.616616 -0.787264
vn -0.000001 0.616617 -0.787263
vn -0.000001 0.616617 -0.787263
vn 0.000002 0.616617 -0.787263
vn 0.000002 0.616617 -0.787263
vn -0.000005 0.616617 -0.787263
vn -0.000005 0.616617 -0.787263
vn 0.000005 0.616616 -0.787264
vn 0.000005 0.616616 -0.787264
vn -0.000008 0.616615 -0.787265
vn -0.000008 0.616615 -0.787265
vn 0.000007 0.616615 -0.787265
vn 0.000007 0.616615 -0.787265
vn -0.000000 0.616616 -0.787264
vn -0.000000 0.616616 -0.787264
vn 0.000000 0.616616 -0.787264
vn 0.000000 0.616616 -0.787264
vn 0.000002 0.616616 -0.787264
vn 0.000002 0.616616 -0.787264
vn -0.000003 0.616618 -0.787262
vn -0.000003 0.616618 -0.787262
vn -0.000001 0.616615 -0.787265
vn -0.000001 0.616615 -0.787265
vn 0.000001 0.616616 -0.787264
vn 0.000001 0.616616 -0.787264
vn -0.000002 0.616618 -0.787263
vn -0.000002 0.616618 -0.787263
vn 0.000002 0.616615 -0.787265
vn 0.000002 0.616615 -0.787265
vn -0.000000 0.616621 -0.787260
vn -0.000000 0.616621 -0.787260
vn -0.000000 0.616618 -0.787262
vn -0.000000 0.616618 -0.787262
vn 0.000002 0.616627 -0.787256
vn 0.000002 0.616627 -0.787256
vn -0.000002 0.616623 -0.787259
vn -0.000002 0.616623 -0.787259
vn 0.000002 0.616625 -0.787257
vn 0.000002 0.616625 -0.787257
vn -0.000002 0.616622 -0.787259
vn -0.000002 0.616622 -0.787259
s 1
g Mailbox lid
usemtl initialShadingGroup
f 1057/1057/2477 1058/1058/2478 1059/1059/2479 1060/1060/2480
f 1058/1061/2478 1057/1062/2477 1061/1063/2481 1062/1064/2482
f 1062/1065/2482 1061/1066/2481 1063/1067/2483 1064/1068/2484
f 1064/1069/2484 1063/1070/2483 1065/1071/2485 1066/1072/2486
f 1066/1073/2486 1065/1074/2485 1067/1075/2487 1068/1076/2488
f 1068/1077/2488 1067/1078/2487 1069/1079/2489 1070/1080/2490
f 1070/1081/2490 1069/1082/2489 1071/1083/2491 1072/1084/2492
f 1072/1085/2492 1071/1086/2491 1073/1087/2493 1074/1088/2494
f 1074/1089/2494 1073/1090/2493 1075/1091/2495 1076/1092/2496
f 1076/1093/2496 1075/1094/2495 1077/1095/2497 1078/1096/2498
f 1078/1097/2498 1077/1098/2497 1079/1099/2499 1080/1100/2500
f 1080/1101/2500 1079/1102/2499 1081/1103/2501 1082/1104/2502
f 1082/1105/2502 1081/1106/2501 1083/1107/2503 1084/1108/2504
s off
f 1060/1109/2505 1059/1110/2506 1085/1111/2507 1086/1112/2508
s 2
f 1057/1113/2509 1060/1114/2510 1086/1115/2511 1087/1116/2512
f 1059/1117/2513 1058/1118/2514 1088/1119/2515 1085/1120/2516
f 1061/1121/2517 1057/1122/2509 1087/1123/2512 1089/1124/2518
f 1058/1125/2514 1062/1126/2519 1090/1127/2520 1088/1128/2515
f 1063/1129/2521 1061/1130/2517 1089/1131/2518 1091/1132/2522
f 1062/1133/2519 1064/1134/2523 1092/1135/2524 1090/1136/2520
f 1065/1137/2525 1063/1138/2521 1091/1139/2522 1093/1140/2526
f 1064/1141/2523 1066/1142/2527 1094/1143/2528 1092/1144/2524
f 1067/1145/2529 1065/1146/2525 1093/1147/2526 1095/1148/2530
f 1066/1149/2527 1068/1150/2531 1096/1151/2532 1094/1152/2528
f 1069/1153/2533 1067/1154/2529 1095/1155/2530 1097/1156/2534
f 1068/1157/2531 1070/1158/2535 1098/1159/2536 1096/1160/2532
f 1071/1161/2537 1069/1162/2533 1097/1163/2534 1099/1164/2538
f 1070/1165/2535 1072/1166/2539 1100/1167/2540 1098/1168/2536
f 1073/1169/2541 1071/1170/2537 1099/1171/2538 1101/1172/2542
f 1072/1173/2539 1074/1174/2543 1102/1175/2544 1100/1176/2540
f 1075/1177/2545 1073/1178/2541 1101/1179/2542 1103/1180/2546
f 1074/1181/2543 1076/1182/2547 1104/1183/2548 1102/1184/2544
f 1077/1185/2549 1075/1186/2545 1103/1187/2546 1105/1188/2550
f 1076/1189/2547 1078/1190/2551 1106/1191/2552 1104/1192/2548
f 1079/1193/2553 1077/1194/2549 1105/1195/2550 1107/1196/2554
f 1078/1197/2551 1080/1198/2555 1108/1199/2556 1106/1200/2552
f 1081/1201/2557 1079/1202/2553 1107/1203/2554 1109/1204/2558
f 1080/1205/2555 1082/1206/2559 1110/1207/2560 1108/1208/2556
f 1083/1209/2561 1081/1210/2557 1109/1211/2558 1111/1212/2562
f 1082/1213/2559 1084/1214/2563 1112/1215/2564 1110/1216/2560
f 1084/1217/2563 1083/1218/2561 1111/1219/2562 1112/1220/2564
s 4
f 1001/1221/2565 1003/1222/2566 1004/1223/2567 1002/1224/2568
f 1002/1225/2568 1006/1226/2569 1005/1227/2570 1001/1228/2565
f 1006/1229/2569 1008/1230/2571 1007/1231/2572 1005/1232/2570
f 1008/1233/2571 1010/1234/2573 1009/1235/2574 1007/1236/2572
f 1010/1237/2573 1012/1238/2575 1011/1239/2576 1009/1240/2574
f 1012/1241/2575 1014/1242/2577 1013/1243/2578 1011/1244/2576
f 1014/1245/2577 1016/1246/2579 1015/1247/2580 1013/1248/2578
f 1016/1249/2579 1018/1250/2581 1017/1251/2582 1015/1252/2580
f 1018/1253/2581 1020/1254/2583 1019/1255/2584 1017/1256/2582
f 1020/1257/2583 1022/1258/2585 1021/1259/2586 1019/1260/2584
f 1022/1261/2585 1024/1262/2587 1023/1263/2588 1021/1264/2586
f 1024/1265/2587 1026/1266/2589 1025/1267/2590 1023/1268/2588
f 1026/1269/2589 1028/1270/2591 1027/1271/2592 1025/1272/2590
s off
f 1003/1273/2593 1029/1274/2594 1030/1275/2595 1004/1276/2596
s 5
f 1001/1277/2597 1031/1278/2598 1029/1279/2599 1003/1280/2600
f 1004/1281/2601 1030/1282/2602 1032/1283/2603 1002/1284/2604
f 1005/1285/2605 1033/1286/2606 1031/1287/2598 1001/1288/2597
f 1002/1289/2604 1032/1290/2603 1034/1291/2607 1006/1292/2608
f 1007/1293/2609 1035/1294/2610 1033/1295/2606 1005/1296/2605
f 1006/1297/2608 1034/1298/2607 1036/1299/2611 1008/1300/2612
f 1009/1301/2613 1037/1302/2614 1035/1303/2610 1007/1304/2609
f 1008/1305/2612 1036/1306/2611 1038/1307/2615 1010/1308/2616
f 1011/1309/2617 1039/1310/2618 1037/1311/2614 1009/1312/2613
f 1010/1313/2616 1038/1314/2615 1040/1315/2619 1012/1316/2620
f 1013/1317/2621 1041/1318/2622 1039/1319/2618 1011/1320/2617
f 1012/1321/2620 1040/1322/2619 1042/1323/2623 1014/1324/2624
f 1015/1325/2625 1043/1326/2626 1041/1327/2622 1013/1328/2621
f 1014/1329/2624 1042/1330/2623 1044/1331/2627 1016/1332/2628
f 1017/1333/2629 1045/1334/2630 1043/1335/2626 1015/1336/2625
f 1016/1337/2628 1044/1338/2627 1046/1339/2631 1018/1340/2632
f 1019/1341/2633 1047/1342/2634 1045/1343/2630 1017/1344/2629
f 1018/1345/2632 1046/1346/2631 1048/1347/2635 1020/1348/2636
f 1021/1349/2637 1049/1350/2638 1047/1351/2634 1019/1352/2633
f 1020/1353/2636 1048/1354/2635 1050/1355/2639 1022/1356/2640
f 1023/1357/2641 1051/1358/2642 1049/1359/2638 1021/1360/2637
f 1022/1361/2640 1050/1362/2639 1052/1363/2643 1024/1364/2644
f 1025/1365/2645 1053/1366/2646 1051/1367/2642 1023/1368/2641
f 1024/1369/2644 1052/1370/2643 1054/1371/2647 1026/1372/2648
f 1027/1373/2649 1055/1374/2650 1053/1375/2646 1025/1376/2645
f 1026/1377/2648 1054/1378/2647 1056/1379/2651 1028/1380/2652
f 1028/1381/2652 1056/1382/2651 1055/1383/2650 1027/1384/2649
s 7
f 1030/1385/2653 1029/1386/2654 1086/1112/2655 1085/1111/2656
f 1029/1387/2654 1031/1388/2657 1087/1116/2658 1086/1115/2655
f 1032/1389/2659 1030/1390/2653 1085/1120/2656 1088/1119/2660
f 1031/1391/2657 1033/1392/2661 1089/1124/2662 1087/1123/2658
f 1034/1393/2663 1032/1394/2659 1088/1128/2660 1090/1127/2664
f 1033/1395/2661 1035/1396/2665 1091/1132/2666 1089/1131/2662
f 1036/1397/2667 1034/1398/2663 1090/1136/2664 1092/1135/2668
f 1035/1399/2665 1037/1400/2669 1093/1140/2670 1091/1139/2666
f 1038/1401/2671 1036/1402/2667 1092/1144/2668 1094/1143/2672
f 1037/1403/2669 1039/1404/2673 1095/1148/2674 1093/1147/2670
f 1040/1405/2675 1038/1406/2671 1094/1152/2672 1096/1151/2676
f 1039/1407/2673 1041/1408/2677 1097/1156/2678 1095/1155/2674
f 1042/1409/2679 1040/1410/2675 1096/1160/2676 1098/1159/2680
f 1041/1411/2677 1043/1412/2681 1099/1164/2682 1097/1163/2678
f 1044/1413/2683 1042/1414/2679 1098/1168/2680 1100/1167/2684
f 1043/1415/2681 1045/1416/2685 1101/1172/2686 1099/1171/2682
f 1046/1417/2687 1044/1418/2683 1100/1176/2684 1102/1175/2688
f 1045/1419/2685 1047/1420/2689 1103/1180/2690 1101/1179/2686
f 1048/1421/2691 1046/1422/2687 1102/1184/2688 1104/1183/2692
f 1047/1423/2689 1049/1424/2693 1105/1188/2694 1103/1187/2690
f 1050/1425/2695 1048/1426/2691 1104/1192/2692 1106/1191/2696
f 1049/1427/2693 1051/1428/2697 1107/1196/2698 1105/1195/2694
f 1052/1429/2699 1050/1430/2695 1106/1200/2696 1108/1199/2700
f 1051/1431/2697 1053/1432/2701 1109/1204/2702 1107/1203/2698
f 1054/1433/2703 1052/1434/2699 1108/1208/2700 1110/1207/2704
f 1053/1435/2701 1055/1436/2705 1111/1212/2706 1109/1211/2702
f 1056/1437/2707 1054/1438/2703 1110/1216/2704 1112/1215/2708
f 1055/1439/2705 1056/1440/2707 1112/1220/2708 1111/1219/2706
g default
v 37.629699 258.789812 46.399406
v 37.629699 253.532177 46.399406
v 37.629699 248.274542 46.399406
v 37.629699 243.016898 46.399406
v 37.629699 237.759253 46.399406
v 37.629699 232.501618 46.399406
v 37.629699 227.243983 46.399406
v 37.629699 221.986338 46.399406
v 37.629699 216.728698 46.399406
v 37.629699 211.471058 46.399406
v 37.629699 206.213418 46.399406
v 37.629699 258.789812 41.141766
v 37.629699 253.532177 41.141766
v 37.629699 248.274542 41.141766
v 37.629699 243.016898 41.141766
v 37.629699 237.759253 41.141766
v 37.629699 232.501618 41.141766
v 37.629699 227.243983 41.141766
v 37.629699 221.986338 41.141766
v 37.629699 216.728698 41.141766
v 37.629699 211.471058 41.141766
v 37.629699 206.213418 41.141766
v 37.629699 258.789812 35.884129
v 37.629699 253.532177 35.884129
v 37.629699 248.274542 35.884129
v 37.629699 243.016898 35.884129
v 37.629699 237.759253 35.884129
v 37.629699 232.501618 35.884129
v 37.629699 227.243983 35.884129
v 37.629699 221.986338 35.884129
v 37.629699 216.728698 35.884129
v 37.629699 211.471058 35.884129
v 37.629699 206.213418 35.884129
v 37.629699 258.789812 30.626489
v 37.629699 253.532177 30.626489
v 37.629699 248.274542 30.626489
v 37.629699 258.789812 25.368852
v 37.629699 253.532177 25.368852
v 37.629699 248.274542 25.368852
v 37.629699 258.789812 20.111212
v 37.629699 253.532177 20.111212
v 37.629699 248.274542 20.111212
v 37.629699 258.789812 14.853571
v 37.629699 253.532177 14.853571
v 37.629699 248.274542 14.853571
v 37.629699 258.789812 9.595933
v 37.629699 253.532177 9.595933
v 37.629699 248.274542 9.595933
v 39.425945 258.789812 46.399406
v 39.425945 253.532177 46.399406
v 39.425945 253.532177 41.141766
v 39.425945 258.789812 41.141766
v 39.425945 248.274542 46.399406
v 39.425945 248.274542 41.141766
v 39.425945 243.016898 46.399406
v 39.425945 243.016898 41.141766
v 39.425945 237.759253 46.399406
v 39.425945 237.759253 41.141766
v 39.425945 232.501618 46.399406
v 39.425945 232.501618 41.141766
v 39.425945 227.243983 46.399406
v 39.425945 227.243983 41.141766
v 39.425945 221.986338 46.399406
v 39.425945 221.986338 41.141766
v 39.425945 216.728698 46.399406
v 39.425945 216.728698 41.141766
v 39.425945 211.471058 46.399406
v 39.425945 211.471058 41.141766
v 39.425945 206.213418 46.399406
v 39.425945 206.213418 41.141766
v 39.425945 253.532177 35.884129
v 39.425945 258.789812 35.884129
v 39.425945 248.274542 35.884129
v 39.425945 243.016898 35.884129
v 39.425945 237.759253 35.884129
v 39.425945 232.501618 35.884129
v 39.425945 227.243983 35.884129
v 39.425945 221.986338 35.884129
v 39.425945 216.728698 35.884129
v 39.425945 211.471058 35.884129
v 39.425945 206.213418 35.884129
v 39.425945 253.532177 30.626489
v 39.425945 258.789812 30.626489
v 39.425945 248.274542 30.626489
v 39.425945 253.532177 25.368852
v 39.425945 258.789812 25.368852
v 39.425945 248.274542 25.368852
v 39.425945 253.532177 20.111212
v 39.425945 258.789812 20.111212
v 39.425945 248.274542 20.111212
v 39.425945 253.532177 14.853571
v 39.425945 258.789812 14.853571
v 39.425945 248.274542 14.853571
v 39.425945 253.532177 9.595933
v 39.425945 258.789812 9.595933
v 39.425945 248.274542 9.595933
vt 0.000000 0.000000
vt 0.100000 0.000000
vt 0.100000 0.100000
vt 0.000000 0.100000
vt 0.200000 0.000000
vt 0.200000 0.100000
vt 0.300000 0.000000
vt 0.300000 0.100000
vt 0.400000 0.000000
vt 0.400000 0.100000
vt 0.500000 0.000000
vt 0.500000 0.100000
vt 0.600000 0.000000
vt 0.600000 0.100000
vt 0.700000 0.000000
vt 0.700000 0.100000
vt 0.800000 0.000000
vt 0.800000 0.100000
vt 0.900000 0.000000
vt 0.900000 0.100000
vt 1.000000 0.000000
vt 1.000000 0.100000
vt 0.100000 0.200000
vt 0.000000 0.200000
vt 0.200000 0.200000
vt 0.300000 0.200000
vt 0.400000 0.200000
vt 0.500000 0.200000
vt 0.600000 0.200000
vt 0.700000 0.200000
vt 0.800000 0.200000
vt 0.900000 0.200000
vt 1.000000 0.200000
vt 0.100000 0.300000
vt 0.000000 0.300000
vt 0.200000 0.300000
vt 0.100000 0.400000
vt 0.000000 0.400000
vt 0.200000 0.400000
vt 0.100000 0.500000
vt 0.000000 0.500000
vt 0.200000 0.500000
vt 0.100000 0.600000
vt 0.000000 0.600000
vt 0.200000 0.600000
vt 0.100000 0.700000
vt 0.000000 0.700000
vt 0.200000 0.700000
vt 0.000000 0.000000
vt 0.000000 0.100000
vt 0.100000 0.100000
vt 0.100000 0.000000
vt 0.200000 0.100000
vt 0.200000 0.000000
vt 0.300000 0.100000
vt 0.300000 0.000000
vt 0.400000 0.100000
vt 0.400000 0.000000
vt 0.500000 0.100000
vt 0.500000 0.000000
vt 0.600000 0.100000
vt 0.600000 0.000000
vt 0.700000 0.100000
vt 0.700000 0.000000
vt 0.800000 0.100000
vt 0.800000 0.000000
vt 0.900000 0.100000
vt 0.900000 0.000000
vt 1.000000 0.100000
vt 1.000000 0.000000
vt 0.000000 0.200000
vt 0.100000 0.200000
vt 0.200000 0.200000
vt 0.300000 0.200000
vt 0.400000 0.200000
vt 0.500000 0.200000
vt 0.600000 0.200000
vt 0.700000 0.200000
vt 0.800000 0.200000
vt 0.900000 0.200000
vt 1.000000 0.200000
vt 0.000000 0.300000
vt 0.100000 0.300000
vt 0.200000 0.300000
vt 0.000000 0.400000
vt 0.100000 0.400000
vt 0.200000 0.400000
vt 0.000000 0.500000
vt 0.100000 0.500000
vt 0.200000 0.500000
vt 0.000000 0.600000
vt 0.100000 0.600000
vt 0.200000 0.600000
vt 0.000000 0.700000
vt 0.100000 0.700000
vt 0.200000 0.700000
vt 0.000000 0.000000
vt 0.100000 0.000000
vt 0.000000 0.100000
vt 0.200000 0.000000
vt 0.300000 0.000000
vt 0.400000 0.000000
vt 0.500000 0.000000
vt 0.600000 0.000000
vt 0.700000 0.000000
vt 0.800000 0.000000
vt 0.900000 0.000000
vt 1.000000 0.000000
vt 1.000000 0.100000
vt 0.000000 0.200000
vt 0.300000 0.200000
vt 0.200000 0.200000
vt 0.400000 0.200000
vt 0.500000 0.200000
vt 0.600000 0.200000
vt 0.700000 0.200000
vt 0.800000 0.200000
vt 0.900000 0.200000
vt 1.000000 0.200000
vt 0.000000 0.300000
vt 0.200000 0.300000
vt 0.000000 0.400000
vt 0.200000 0.400000
vt 0.000000 0.500000
vt 0.200000 0.500000
vt 0.000000 0.600000
vt 0.200000 0.600000
vt 0.100000 0.700000
vt 0.000000 0.700000
vt 0.200000 0.700000
vn 1.000000 0.000000 0.000000
vn 1.000000 0.000000 0.000000
vn 1.000000 0.000000 0.000000
vn 1.000000 0.000000 0.000000
vn 1.000000 0.000000 0.000000
vn 1.000000 0.000000 0.000000
vn 1.000000 0.000000 0.000000
vn 1.000000 0.000000 0.000000
vn 1.000000 0.000000 0.000000
vn 1.000000 0.000000 0.000000
vn 1.000000 0.000000 0.000000
vn 1.000000 0.000000 0.000000
vn 1.000000 0.000000 0.000000
vn 1.000000 0.000000 0.000000
vn 1.000000 0.000000 0.000000
vn 1.000000 0.000000 0.000000
vn 1.000000 0.000000 0.000000
vn 1.000000 0.000000 0.000000
vn 1.000000 0.000000 0.000000
vn 1.000000 0.000000 0.000000
vn 1.000000 0.000000 0.000000
vn 1.000000 0.000000 0.000000
vn 1.000000 0.000000 0.000000
vn 1.000000 0.000000 0.000000
vn 1.000000 0.000000 0.000000
vn 1.000000 0.000000 0.000000
vn 1.000000 0.000000 0.000000
vn 1.000000 0.000000 0.000000
vn 1.000000 0.000000 0.000000
vn 1.000000 0.000000 0.000000
vn 1.000000 0.000000 0.000000
vn 1.000000 0.000000 0.000000
vn 1.000000 0.000000 0.000000
vn 1.000000 0.000000 0.000000
vn 1.000000 0.000000 0.000000
vn 1.000000 0.000000 0.000000
vn 1.000000 0.000000 0.000000
vn 1.000000 0.000000 0.000000
vn 1.000000 0.000000 0.000000
vn 1.000000 0.000000 0.000000
vn 1.000000 0.000000 0.000000
vn 1.000000 0.000000 0.000000
vn 1.000000 0.000000 0.000000
vn 1.000000 0.000000 0.000000
vn 1.000000 0.000000 0.000000
vn 1.000000 0.000000 0.000000
vn 1.000000 0.000000 0.000000
vn 1.000000 0.000000 0.000000
vn -1.000000 0.000000 0.000000
vn -1.000000 0.000000 0.000000
vn -1.000000 0.000000 0.000000
vn -1.000000 0.000000 0.000000
vn -1.000000 0.000000 0.000000
vn -1.000000 0.000000 0.000000
vn -1.000000 0.000000 0.000000
vn -1.000000 0.000000 0.000000
vn -1.000000 0.000000 0.000000
vn -1.000000 0.000000 0.000000
vn -1.000000 0.000000 0.000000
vn -1.000000 0.000000 0.000000
vn -1.000000 0.000000 0.000000
vn -1.000000 0.000000 0.000000
vn -1.000000 0.000000 0.000000
vn -1.000000 0.000000 0.000000
vn -1.000000 0.000000 0.000000
vn -1.000000 0.000000 0.000000
vn -1.000000 0.000000 0.000000
vn -1.000000 0.000000 0.000000
vn -1.000000 0.000000 0.000000
vn -1.000000 0.000000 0.000000
vn -1.000000 0.000000 0.000000
vn -1.000000 0.000000 0.000000
vn -1.000000 0.000000 0.000000
vn -1.000000 0.000000 0.000000
vn -1.000000 0.000000 0.000000
vn -1.000000 0.000000 0.000000
vn -1.000000 0.000000 0.000000
vn -1.000000 0.000000 0.000000
vn -1.000000 0.000000 0.000000
vn -1.000000 0.000000 0.000000
vn -1.000000 0.000000 0.000000
vn -1.000000 0.000000 0.000000
vn -1.000000 0.000000 0.000000
vn -1.000000 0.000000 0.000000
vn -1.000000 0.000000 0.000000
vn -1.000000 0.000000 0.000000
vn -1.000000 0.000000 0.000000
vn -1.000000 0.000000 0.000000
vn -1.000000 0.000000 0.000000
vn -1.000000 0.000000 0.000000
vn -1.000000 0.000000 0.000000
vn -1.000000 0.000000 0.000000
vn -1.000000 0.000000 0.000000
vn -1.000000 0.000000 0.000000
vn -1.000000 0.000000 0.000000
vn -1.000000 0.000000 0.000000
vn 0.000000 0.000000 1.000000
vn 0.000000 0.000000 1.000000
vn 0.000000 0.000000 1.000000
vn 0.000000 0.000000 1.000000
vn 0.000000 1.000000 0.000000
vn 0.000000 1.000000 0.000000
vn 0.000000 1.000000 0.000000
vn 0.000000 1.000000 0.000000
vn 0.000000 0.000000 1.000000
vn 0.000000 0.000000 1.000000
vn 0.000000 0.000000 1.000000
vn 0.000000 0.000000 1.000000
vn 0.000000 0.000000 1.000000
vn 0.000000 0.000000 1.000000
vn 0.000000 0.000000 1.000000
vn 0.000000 0.000000 1.000000
vn 0.000000 0.000000 1.000000
vn 0.000000 0.000000 1.000000
vn 0.000000 0.000000 1.000000
vn 0.000000 0.000000 1.000000
vn 0.000000 0.000000 1.000000
vn 0.000000 0.000000 1.000000
vn 0.000000 0.000000 1.000000
vn 0.000000 0.000000 1.000000
vn 0.000000 0.000000 1.000000
vn 0.000000 0.000000 1.000000
vn 0.000000 -1.000000 0.000000
vn 0.000000 -1.000000 0.000000
vn 0.000000 -1.000000 0.000000
vn 0.000000 -1.000000 0.000000
vn 0.000000 1.000000 0.000000
vn 0.000000 1.000000 0.000000
vn 0.000000 0.000000 -1.000000
vn 0.000000 0.000000 -1.000000
vn 0.000000 0.000000 -1.000000
vn 0.000000 0.000000 -1.000000
vn 0.000000 0.000000 -1.000000
vn 0.000000 0.000000 -1.000000
vn 0.000000 0.000000 -1.000000
vn 0.000000 0.000000 -1.000000
vn 0.000000 0.000000 -1.000000
vn 0.000000 0.000000 -1.000000
vn 0.000000 0.000000 -1.000000
vn 0.000000 0.000000 -1.000000
vn 0.000000 0.000000 -1.000000
vn 0.000000 0.000000 -1.000000
vn 0.000000 0.000000 -1.000000
vn 0.000000 0.000000 -1.000000
vn 0.000000 -1.000000 0.000000
vn 0.000000 -1.000000 0.000000
vn 0.000000 0.000000 -1.000000
vn 0.000000 0.000000 -1.000000
vn 0.000000 1.000000 0.000000
vn 0.000000 1.000000 0.000000
vn 0.000000 -1.000000 0.000000
vn 0.000000 -1.000000 0.000000
vn 0.000000 -1.000000 0.000000
vn 0.000000 -1.000000 0.000000
vn 0.000000 1.000000 0.000000
vn 0.000000 1.000000 0.000000
vn 0.000000 -1.000000 0.000000
vn 0.000000 -1.000000 0.000000
vn 0.000000 1.000000 0.000000
vn 0.000000 1.000000 0.000000
vn 0.000000 -1.000000 0.000000
vn 0.000000 -1.000000 0.000000
vn 0.000000 1.000000 0.000000
vn 0.000000 1.000000 0.000000
vn 0.000000 -1.000000 0.000000
vn 0.000000 -1.000000 0.000000
vn 0.000000 0.000000 -1.000000
vn 0.000000 0.000000 -1.000000
vn 0.000000 0.000000 -1.000000
vn 0.000000 0.000000 -1.000000
vn 0.000000 1.000000 0.000000
vn 0.000000 1.000000 0.000000
vn 0.000000 -1.000000 0.000000
vn 0.000000 -1.000000 0.000000
vn 0.000000 0.000000 -1.000000
vn 0.000000 0.000000 -1.000000
s 1
g Mailbox Handel1
usemtl lambert2SG
f 1161/1441/2709 1162/1442/2710 1163/1443/2711 1164/1444/2712
f 1162/1442/2710 1165/1445/2713 1166/1446/2714 1163/1443/2711
f 1165/1445/2713 1167/1447/2715 1168/1448/2716 1166/1446/2714
f 1167/1447/2715 1169/1449/2717 1170/1450/2718 1168/1448/2716
f 1169/1449/2717 1171/1451/2719 1172/1452/2720 1170/1450/2718
f 1171/1451/2719 1173/1453/2721 1174/1454/2722 1172/1452/2720
f 1173/1453/2721 1175/1455/2723 1176/1456/2724 1174/1454/2722
f 1175/1455/2723 1177/1457/2725 1178/1458/2726 1176/1456/2724
f 1177/1457/2725 1179/1459/2727 1180/1460/2728 1178/1458/2726
f 1179/1459/2727 1181/1461/2729 1182/1462/2730 1180/1460/2728
f 1164/1444/2712 1163/1443/2711 1183/1463/2731 1184/1464/2732
f 1163/1443/2711 1166/1446/2714 1185/1465/2733 1183/1463/2731
f 1166/1446/2714 1168/1448/2716 1186/1466/2734 1185/1465/2733
f 1168/1448/2716 1170/1450/2718 1187/1467/2735 1186/1466/2734
f 1170/1450/2718 1172/1452/2720 1188/1468/2736 1187/1467/2735
f 1172/1452/2720 1174/1454/2722 1189/1469/2737 1188/1468/2736
f 1174/1454/2722 1176/1456/2724 1190/1470/2738 1189/1469/2737
f 1176/1456/2724 1178/1458/2726 1191/1471/2739 1190/1470/2738
f 1178/1458/2726 1180/1460/2728 1192/1472/2740 1191/1471/2739
f 1180/1460/2728 1182/1462/2730 1193/1473/2741 1192/1472/2740
f 1184/1464/2732 1183/1463/2731 1194/1474/2742 1195/1475/2743
f 1183/1463/2731 1185/1465/2733 1196/1476/2744 1194/1474/2742
f 1195/1475/2743 1194/1474/2742 1197/1477/2745 1198/1478/2746
f 1194/1474/2742 1196/1476/2744 1199/1479/2747 1197/1477/2745
f 1198/1478/2746 1197/1477/2745 1200/1480/2748 1201/1481/2749
f 1197/1477/2745 1199/1479/2747 1202/1482/2750 1200/1480/2748
f 1201/1481/2749 1200/1480/2748 1203/1483/2751 1204/1484/2752
f 1200/1480/2748 1202/1482/2750 1205/1485/2753 1203/1483/2751
f 1204/1484/2752 1203/1483/2751 1206/1486/2754 1207/1487/2755
f 1203/1483/2751 1205/1485/2753 1208/1488/2756 1206/1486/2754
s 2
f 1113/1489/2757 1124/1490/2758 1125/1491/2759 1114/1492/2760
f 1114/1492/2760 1125/1491/2759 1126/1493/2761 1115/1494/2762
f 1115/1494/2762 1126/1493/2761 1127/1495/2763 1116/1496/2764
f 1116/1496/2764 1127/1495/2763 1128/1497/2765 1117/1498/2766
f 1117/1498/2766 1128/1497/2765 1129/1499/2767 1118/1500/2768
f 1118/1500/2768 1129/1499/2767 1130/1501/2769 1119/1502/2770
f 1119/1502/2770 1130/1501/2769 1131/1503/2771 1120/1504/2772
f 1120/1504/2772 1131/1503/2771 1132/1505/2773 1121/1506/2774
f 1121/1506/2774 1132/1505/2773 1133/1507/2775 1122/1508/2776
f 1122/1508/2776 1133/1507/2775 1134/1509/2777 1123/1510/2778
f 1124/1490/2758 1135/1511/2779 1136/1512/2780 1125/1491/2759
f 1125/1491/2759 1136/1512/2780 1137/1513/2781 1126/1493/2761
f 1126/1493/2761 1137/1513/2781 1138/1514/2782 1127/1495/2763
f 1127/1495/2763 1138/1514/2782 1139/1515/2783 1128/1497/2765
f 1128/1497/2765 1139/1515/2783 1140/1516/2784 1129/1499/2767
f 1129/1499/2767 1140/1516/2784 1141/1517/2785 1130/1501/2769
f 1130/1501/2769 1141/1517/2785 1142/1518/2786 1131/1503/2771
f 1131/1503/2771 1142/1518/2786 1143/1519/2787 1132/1505/2773
f 1132/1505/2773 1143/1519/2787 1144/1520/2788 1133/1507/2775
f 1133/1507/2775 1144/1520/2788 1145/1521/2789 1134/1509/2777
f 1135/1511/2779 1146/1522/2790 1147/1523/2791 1136/1512/2780
f 1136/1512/2780 1147/1523/2791 1148/1524/2792 1137/1513/2781
f 1146/1522/2790 1149/1525/2793 1150/1526/2794 1147/1523/2791
f 1147/1523/2791 1150/1526/2794 1151/1527/2795 1148/1524/2792
f 1149/1525/2793 1152/1528/2796 1153/1529/2797 1150/1526/2794
f 1150/1526/2794 1153/1529/2797 1154/1530/2798 1151/1527/2795
f 1152/1528/2796 1155/1531/2799 1156/1532/2800 1153/1529/2797
f 1153/1529/2797 1156/1532/2800 1157/1533/2801 1154/1530/2798
f 1155/1531/2799 1158/1534/2802 1159/1535/2803 1156/1532/2800
f 1156/1532/2800 1159/1535/2803 1160/1536/2804 1157/1533/2801
s 3
f 1113/1537/2805 1114/1538/2806 1162/1442/2807 1161/1441/2808
s 4
f 1124/1539/2809 1113/1537/2810 1161/1441/2811 1164/1444/2812
s 3
f 1114/1538/2806 1115/1540/2813 1165/1445/2814 1162/1442/2807
f 1115/1540/2813 1116/1541/2815 1167/1447/2816 1165/1445/2814
f 1116/1541/2815 1117/1542/2817 1169/1449/2818 1167/1447/2816
f 1117/1542/2817 1118/1543/2819 1171/1451/2820 1169/1449/2818
f 1118/1543/2819 1119/1544/2821 1173/1453/2822 1171/1451/2820
f 1119/1544/2821 1120/1545/2823 1175/1455/2824 1173/1453/2822
f 1120/1545/2823 1121/1546/2825 1177/1457/2826 1175/1455/2824
f 1121/1546/2825 1122/1547/2827 1179/1459/2828 1177/1457/2826
f 1122/1547/2827 1123/1548/2829 1181/1461/2830 1179/1459/2828
s 5
f 1123/1548/2831 1134/1549/2832 1182/1462/2833 1181/1461/2834
s 4
f 1135/1550/2835 1124/1539/2809 1164/1444/2812 1184/1464/2836
s 6
f 1138/1551/2837 1137/1552/2838 1185/1465/2839 1186/1466/2840
f 1139/1553/2841 1138/1551/2837 1186/1466/2840 1187/1467/2842
f 1140/1554/2843 1139/1553/2841 1187/1467/2842 1188/1468/2844
f 1141/1555/2845 1140/1554/2843 1188/1468/2844 1189/1469/2846
f 1142/1556/2847 1141/1555/2845 1189/1469/2846 1190/1470/2848
f 1143/1557/2849 1142/1556/2847 1190/1470/2848 1191/1471/2850
f 1144/1558/2851 1143/1557/2849 1191/1471/2850 1192/1472/2852
s 5
f 1134/1549/2832 1145/1559/2853 1193/1473/2854 1182/1462/2833
s 6
f 1145/1559/2855 1144/1558/2851 1192/1472/2852 1193/1473/2856
s 4
f 1146/1560/2857 1135/1550/2835 1184/1464/2836 1195/1475/2858
s 7
f 1137/1552/2859 1148/1561/2860 1196/1476/2861 1185/1465/2862
s 4
f 1149/1562/2863 1146/1560/2857 1195/1475/2858 1198/1478/2864
s 7
f 1148/1561/2860 1151/1563/2865 1199/1479/2866 1196/1476/2861
s 4
f 1152/1564/2867 1149/1562/2863 1198/1478/2864 1201/1481/2868
s 7
f 1151/1563/2865 1154/1565/2869 1202/1482/2870 1199/1479/2866
s 4
f 1155/1566/2871 1152/1564/2867 1201/1481/2868 1204/1484/2872
s 7
f 1154/1565/2869 1157/1567/2873 1205/1485/2874 1202/1482/2870
s 8
f 1159/1568/2875 1158/1569/2876 1207/1487/2877 1206/1486/2878
s 4
f 1158/1569/2879 1155/1566/2871 1204/1484/2872 1207/1487/2880
s 7
f 1157/1567/2873 1160/1570/2881 1208/1488/2882 1205/1485/2874
s 8
f 1160/1570/2883 1159/1568/2875 1206/1486/2878 1208/1488/2884
